Skin type,Product,Concern,product_url,product_pic,Price,Brand,Ingredients,Usage Instructions,Benefits
Dry,Venusia Max Intensive Moisturizing Cream,Acne,https://dermatics.in/products/venusia-max-intensiv-moisturizing-cream-150gm-for-dry-and-very-dry-skin?variant=42218979492093&currency=INR&utm_medium=product_sync&utm_source=google&utm_content=sag_organic&utm_campaign=sag_organic&gad_source=1,https://dermatics.in/cdn/shop/files/VENUSIA_4-01.webp?v=1694864870&width=823,$120.00,Venusia Max,"Shea Butter, Aloe Butter, Cocoa Butter, Mango Butter",Apply generously on dry or affected areas. Use regularly for best results,"Contains natural emollient properties,Helps to soften dry, rough, flaky skin,Restores smooth and supple skin,Keeps skin hydrated and moisturized,Provides intense hydration, moisturization, and prevents moisture loss"
Oily,Saslic Foaming Face Wash,Eczema,https://dermatics.in/products/cipla-saslic-foaming-face-wash-60-ml?variant=40862564909218&currency=INR&utm_medium=product_sync&utm_source=google&utm_content=sag_organic&utm_campaign=sag_organic&gad_source=1,https://dermatics.in/cdn/shop/files/saslic-foam-face-wash.jpg?v=1701779458&width=823,$150.00,Cipla,"Salicylic Acid (Most likely, but needs verification)","Typically, face washes are applied to wet skin, massaged gently, and rinsed off","Likely related to acne control, exfoliation, and oil control"
Dry,The Derma Co 1% Hyaluronic Sunscreen Aqua Ultra Light Gel with SPF 50 PA++++,Psoriasis,https://amzn.to/464QBwM,https://m.media-amazon.com/images/I/51x3cj+-iUL._SL1200_.jpg,$180.00,The Derma Co.,"1% Hyaluronic Acid,Vitamin E","Apply liberally to the face and neck 15-20 minutes before sun exposure,Reapply every 2-3 hours for continuous protection","Broad Spectrum Protection (PA++++)  Shields skin from UVA rays,Protects Against Blue Light  Prevents damage from electronic devices,Non-Greasy & Fragrance-Free  Lightweight, quick-absorbing formula,Hydrating Formula  Hyaluronic Acid provides deep hydration,Safe & Effective  Free from toxins and fragrances,Suitable for Normal, Oily, Acne-Prone, and Blemish-Prone Skin"
Dry,Hyalugel,Healthy,https://www.amazon.in/Hyalugel-Hyaluronic-Acid-Gel/dp/B00VNL1IHY,https://thebeautyinsideout.com/wp-content/uploads/2023/12/Hyalugel.webp,$200.00,Hyalugel,Hyaluronic Acid,"Apply a small amount to the face, especially on oily and acne-prone areas,Use twice daily for best results,Can be used as a base before applying makeup","Suitable for oily and acne-prone skin,Enhances the results of cosmetic procedures,Perfect for sensitive skin,Lightweight gel formula that absorbs quickly"
Normal,Himalaya Neem Face Wash,Rosacea,https://himalayawellness.in/products/himalaya-purifying-neem-face-wash,https://himalayawellness.in/cdn/shop/files/100-ml_1800x1800.jpg?v=1705376827,$110.00,Himalaya,"Neem, Turmeric","Moisten face and apply a small amount of face wash,Gently massage in a circular motion,Rinse off with water and pat dry,Use twice daily for best results","Helps prevent pimples and acne,Deeply cleanses impurities and controls excess oil,Neem's antibacterial properties help fight bacteria that cause acne,Turmeric helps soothe and heal the skin,Suitable for all skin types, especially oily and acne-prone skin"
Normal,Mamaearth Ubtan Face Wash with Turmeric & Saffron for Tan Removal,Healthy,https://mamaearth.in/product/ubtan-face-wash-with-turmeric-saffron-for-tan-removal-150-ml,https://images.mamaearth.in/catalog/product/1/-/1-wid-ingredients.jpg?fit=contain&height=600,$130.00,Mamaearth,"Turmeric, Saffron, Walnut Beads, Carrot Seed Oil","Apply a small amount of face wash to a wet face,Gently massage in circular motions for a few seconds,Rinse thoroughly with water and pat dry,Use twice daily for best results","Helps remove tan and restore skin's natural glow,Turmeric provides anti-inflammatory and antibacterial benefits,Saffron brightens the skin and improves complexion,Walnut beads gently exfoliate dead skin cells,Carrot seed oil protects against sun damage"
Normal,Kama Ayurveda Pure Rosewater,Eczema,https://www.kamaayurveda.in/pure-rose-water.html?utm_source=google&utm_medium=cpc&utm_campaign=KA_PerformanceMax_EyeContour&gad_source=1&gclid=Cj0KCQiA5-uuBhDzARIsAAa21T9SdKRxr4J1lS2DWBO8Pc5fvPpI8E004K6qbv1nRWbKqtWPV8FIOVMaAgPLEALw_wcB,https://sslimages.shoppersstop.com/sys-master/images/he2/hf5/15036541370398/9869167_UNMAPPED.jpg_136Wx204H,$60.00,Kama Ayurveda,100% Steam-Distilled Pure Rose Water,"Spray directly onto the face and body to refresh and hydrate the skin,Use as a toner after cleansing for a natural glow,Can be mixed with face packs or masks for enhanced benefits,Suitable for all skin types and can be used multiple times a day","Hydrates and refreshes the skin instantly,Tones and tightens pores for a smooth complexion,Balances the skins pH and controls excess oil,Soothes irritation and cools the skin,Can be used as a natural makeup setting spray"
Normal,Simple Kind to Skin Moisturizing Facial Wash,"Hydration, Irritation",https://www.simpleskincare.com/us/en/products/cleansers/kind-to-skin-moisturizing-facial-wash.html,https://www.simpleskincare.com/sk-eu/content/dam/brands/simple/canada_united_statesofamerica/2322887-087300700076-01.jpg.rendition.680.680.jpg,$180.00,Simple,"Pro-Vitamin B5, Vitamin E, Bisabolol, Chamomile Extract, Glycerin","Wet your face with lukewarm water,Take a small amount of the facial wash and gently massage it onto your skin in circular motions,Rinse thoroughly with water,Pat dry and follow up with a moisturizer,Use twice daily, morning and night","Gently cleanses the skin without stripping its natural moisture,Hydrates and nourishes while removing dirt, oil, and impurities,Soap-free and non-drying formula suitable for all skin types, including sensitive skin,Free from artificial fragrances, colors, and harsh chemicals,Dermatologically tested and hypoallergenic"
Dry,Emolene,Acne,https://pharmeasy.in/online-medicine-order/emolene-cream-100gm-10991?pincode=600056,https://assets.truemeds.in/Images/ProductImage/TM-COOM1-002754/EMOLENE-CREAM-100-GM_1.webp,$120.00,Emolene,"Propylene Glycol, Urea","Clean and dry the affected area before application,Take a small amount and apply it evenly on the skin,Gently massage until fully absorbed,Use twice daily or as directed by a dermatologist","Deeply hydrates and moisturizes dry, rough, and flaky skin,Restores skin barrier and prevents moisture loss,Softens and smoothens the skin,Suitable for all skin types, including sensitive skin"
Dry,Requil Ceramide and Hyaluronic acid moisturizer,Acne,https://www.reequil.com/products/ceramide-hyaluronic-acid-moisturiser-for-normal-to-dry-skin?variant=32318313791620&currency=INR&utm_medium=product_sync&utm_source=google&utm_content=sag_organic&utm_campaign=sag_organic&gad_source=1&gclid=Cj0KCQiA5-uuBhDzARIsAAa21T9PTTnZe-Ei_eTypZ28QZn0BrTzN3PhI--m_snHhkVltD3jks-cQagaAu5KEALw_wcB,https://cdn3.foxy.in/media/product_category/transparent_image/856/untitled_design_7.png?nan=nan&format=png&width=512,$150.00,Re'equil,"Ceramides, Hyaluronic Acid, Mango Seed Butter","Cleanse your face with a gentle face wash,Take a small amount of the moisturizer,Apply evenly over the face and neck,Use twice daily for best results","Deep hydration with Hyaluronic Acid,Strengthens the skin barrier with Ceramides,Reduces dryness and flakiness with Mango Seed Butter,Non-greasy and lightweight formulation"
Dry,Simple replenishing rich moisturiser,Acne,https://www.simpleskincare.in/products/replenishing-rich-moisturiser-with-glycerin-pro-vit-b5-125ml,https://www.simpleskincare.in/cdn/shop/files/27276_S1-8901030954122_1000x1000.jpg?v=1691569143,$180.00,Simple,"Glycerin, Pro-Vitamin B5, Bisabolol, Allantoin","Cleanse your face with a gentle face wash,Take a small amount of the moisturizer,Apply evenly over the face and neck,Use twice daily for best results","Provides 24-hour hydration without greasiness,Soothes and nourishes sensitive skin,Non-comedogenic and free from artificial colors, fragrance, and harsh chemicals,Lightweight formula suitable for all skin types, including sensitive skin"
Normal,Foxtale One Zit Wonder Acne Spot Corrector Gel,Acne,https://www.purplle.com/product/foxtale-one-zit-wonder-acne-spot-corrector-gel-15ml,"https://media6.ppl-media.com//tr:h-750,w-750,c-at_max,dpr-2/static/img/product/364556/foxtale-one-zit-wonder-acne-spot-corrector-gel-15ml_1_display_1694434088_af8fcd3a.jpg",$200.00,Foxtale,"Salicylic Acid, Niacinamide, Zinc PCA, Green Tea Extract","Cleanse your face and pat it dry,Apply a small amount of the gel directly on active acne or blemishes,Let it absorb before applying moisturizer or sunscreen,Use 1-2 times daily for best results","Reduces acne and breakouts effectively,Soothes inflammation and redness,Controls excess oil and prevents future acne,Lightweight, fast-absorbing, and non-drying formula"
Oily,"RE' EQUIL Oxybenzone and OMC Free Sunscreen For Oily, Sensitive & Acne Prone Skin, SPF 50",Psoriasis,https://amzn.to/3cDuELu,https://m.media-amazon.com/images/I/61G2-cfMdwL._SL1500_.jpg,$130.00,Re'equil,"Oxybenzone, Octinoxate, Eurol Bt, Aloe Vera Extract",Apply evenly on the face and exposed areas of the body 20 minutes before sun exposure. Reapply every 3-4 hours for best protection,"Broad-spectrum protection (UVA & UVB),SPF 50 & PA+++ rating,Non-greasy, non-comedogenic formula,Prevents acne breakouts & irritation,No white cast,Ideal for oily skin"
Oily,Dr. Sheth's Haldi & Hyaluronic Acid Sunscreen,Psoriasis,https://www.drsheths.com/products/haldi-hyaluronic-acid-sunscreen-50-g,https://www.drsheths.com/cdn/shop/files/white-BG-only_1_600x.jpg?v=1696316754,$150.00,Dr. Sheth's,"Haldi (Turmeric Extract), Hyaluronic Acid, Vitamin E, Organic UV Filters",Apply generously on the face and other exposed areas 15-20 minutes before sun exposure. Reapply every 3-4 hours for continuous protection,"Broad-spectrum protection against UVA & UVB rays,SPF 50+ PA+++,Hydrates and soothes the skin,Reduces inflammation and redness,Non-greasy, lightweight formula"
Dry,"Minimalist 2% Salicylic Acid Serum For Acne, Blackheads & Open Pores",Acne,https://beminimalist.co/products/salicylic-acid-2,https://beminimalist.co/cdn/shop/products/SalicylicAcid2_1200-1-min_2048x.png?v=1646458899,$180.00,Minimalist,"2% Salicylic Acid, Oligopeptide-10, RonaCare Salicylic Acid Extra Pure, Aloe Vera Juice","Apply 2-3 drops on clean, dry skin in the evening. Follow up with a moisturizer. Use sunscreen during the day. Avoid using with other exfoliating acids or retinol.","Deeply exfoliates and unclogs pores,Reduces blackheads, whiteheads, and acne,Controls excess oil production,Soothes inflammation and redness,Suitable for oily and acne-prone skin"
Dry,2% Niacinamide & Rice Water SPF 50 PA+++ Hybrid Sunscreen,Rosacea,https://plumgoodness.com/products/plum-2-niacinamide-rice-water-spf-50-pa-sunscreen-reduces-blemishes-brightens-skin-protects-from-uva-uvb-rays-fragrance-free-all-skin-types-100-vegan?variant=40571613773884&currency=INR&utm_medium=product_sync&utm_source=google&utm_content=sag_organic&utm_campaign=sag_organic&gad_source=1&gclid=Cj0KCQiA5-uuBhDzARIsAAa21T_WgisbYWRWHmSzk4nQUxSGShGSNIQYak0Viz5nTlDrA3todIYpeLEaAqizEALw_wcB,"https://instamart-media-assets.swiggy.com/swiggy/image/upload/fl_lossy,f_auto,q_auto/07ea8f119d010c413b00d4fa8a8c3955",$210.00,Plum,"2% Niacinamide, Rice Water, Hybrid UV Filters (UVA & UVB protection)","Apply generously 15 minutes before sun exposure. Reapply every 2 hours, especially after sweating or swimming","Protects from UVA & UVB rays with SPF 50 PA+++,Helps reduce blemishes and brightens skin,Lightweight, non-greasy, and fragrance-free,Suitable for all skin types,100% vegan and cruelty-free"
Combination,Dot & Key Watermelon Cooling SPF 50 Sunscreen,Acne,https://www.dotandkey.com/products/watermelon-cooling-spf-50-face-sunscreen,https://m.media-amazon.com/images/I/515m3DeXWhL.jpg,$200.00,Dot & Key,"Watermelon Extract, Aloe Vera, Hyaluronic Acid, UVA & UVB Filters",Apply evenly on the face & neck 15 minutes before sun exposure. Reapply every 2 hours for maximum protection,"Provides SPF 50 PA+++ broad-spectrum protection,Lightweight, non-greasy, and cooling formula,Hydrates and soothes the skin,Prevents sun damage and premature aging,Suitable for all skin types"
Oily,Klm Klin Face Wash,Acne,https://www.clinikally.com/products/klm-klin-face-wash,https://www.clinikally.com/cdn/shop/products/KlmKlinFaceWash_03.jpg?v=1666961809&width=1000,$250.00,KLM Klin,"Aloe Vera, Tea Tree Oil, Salicylic Acid","Apply a small amount to wet face, massage gently in circular motions, then rinse thoroughly with water. Use twice daily for best results.","Deep cleanses the skin and removes excess oil,Helps prevent acne and breakouts,Soothes and hydrates the skin,Suitable for oily and acne-prone skin"
Dry,Evion Cream with Aloe Vera & Vitamin E (1%),Healthy,https://www.1mg.com/otc/evion-cream-with-aloe-vera-vitamin-e-1-for-skin-health-otc90624,"https://m.media-amazon.com/images/I/416YVL9gGaS._AC_UF1000,1000_QL80_.jpg",$300.00,Evion,"Aloe Vera, Vitamin E",Apply a small amount to the affected area and gently massage until absorbed. Use daily for best results.,"Deeply moisturizes and nourishes the skin,Helps improve skin elasticity and hydration,Reduces dryness and soothes irritation,Enriched with Vitamin E for antioxidant protection"
Combination,Moduseb Moist Moisturiser,Healthy,https://phimedy.com/products/moduseb-moist-moisturiser?variant=41215175295028&currency=INR&utm_source=GoogleSearch&utm_medium=&utm_content=c&utm_term=&utm_campaign=LL_Remarketing&gad_source=1&gclid=Cj0KCQiA5-uuBhDzARIsAAa21T95dG3cMtznfAS2mMn9NKxO7tiGLkLeBU1b3DF_qZMHXwVZ2ItryhMaAhYCEALw_wcB,https://phimedy.com/cdn/shop/products/1ModusebMoistMoisturiser.jpg?v=1673073139&width=1000,$350.00,Moduseb,"Likely includes ceramides, hyaluronic acid, and other hydrating agents (would need verification from the official product page).",Apply evenly on cleansed skin. Use daily or as directed by a dermatologist.,"Provides deep hydration and moisturization,Helps maintain skin barrier function,Suitable for sensitive and acne-prone skin"
Dry,Rivela Tint Sunscreen Lotion SPF 50,Psoriasis,https://www.clinikally.com/products/rivela-tint-sunscreen-lotion-spf-50,https://www.clinikally.com/cdn/shop/products/rivelatintspf50.jpg?v=1668422385&width=1000,$150.00,Rivela,"Contains broad-spectrum UV filters, antioxidants, and skin-conditioning agents (exact ingredients need verification from the official product page).",Apply generously 15 minutes before sun exposure. Reapply every 2 hours or after swimming/sweating.,"Broad-spectrum SPF 50 protection,Tinted formula for an even skin tone,Helps prevent sun damage and premature aging,Lightweight and non-greasy"
Oily,Aziclear Anti Acne Facial Cleanser,Acne,https://www.clinikally.com/products/aziclear-anti-acne-facial-cleanser,https://www.clinikally.com/cdn/shop/products/AziclearAntiAcneFacialCleanser_01.jpg?v=1663071047&width=1000,$180.00,Aziclear,"Contains Azelaic Acid, Salicylic Acid, and other acne-fighting ingredients (exact formulation may vary).","Use twice daily. Apply a small amount to wet skin, massage gently, and rinse thoroughly.","Helps reduce acne and breakouts,Controls excess oil and sebum production,Exfoliates and unclogs pores,Soothes inflammation and redness"
Normal,Juniper Berry Oil Free Moisturiser,Acne,https://aromamagic.com/products/juniper-berry-oil-free-moisturiser,https://aromamagic.com/cdn/shop/products/CM103086-1_900x.jpg?v=1681899528,$220.00,Aroma Magic,"Juniper Berry Extract, Aloe Vera, Cucumber Extract, Witch Hazel, Essential Oils","ake a small amount and apply evenly on cleansed face and neck. Use daily, morning and night.","Provides oil-free hydration,Controls excess sebum production,Soothes and refreshes skin,Helps prevent acne and breakouts"
Oily,Kama Aryuveda Nimrah Anti Acne Face Pack,Acne,https://www.kamaayurveda.in/nimrah-anti-acne-face-pack.html,"https://static.kamaayurveda.in/cdn-cgi/image/width=1080,format=auto/pub/media/catalog/product/cache/378129b977c0447474b52f397234ee02/n/i/nimrah-40g_3.png",$250.00,Kama Ayurveda,"Vetiver, Ashwagandha, Red Sandalwood, Coriander, Lodhra, Liquorice","Mix with rose water or yogurt to form a paste,Apply evenly to cleansed skin,Leave for 1015 minutes and rinse off with lukewarm water,Use 2-3 times a week for best results","Helps reduce acne and blemishes,Soothes and purifies the skin,Controls excess oil and prevents breakouts,Enhances skin texture and tone"
Oily,Forest Essentials Delicate Facial Cleanser Kashmiri Saffron & Neem,Acne,https://www.forestessentialsindia.com/delicate-facial-cleanser-kashmiri-saffron-neem-new.html,https://img.forestessentialsindia.com/pub/media/catalog/product/cache/74c1057f7991b4edb2bc7bdaa94de933/8/8/8878-delicate-facial-cleanser-kashmiri-saffron-_-neem-200ml_fornt.png,$180.00,Forest Essentials,"Kashmiri Saffron, Neem, Honey, Rosewater","Take a small amount and apply to damp skin,Gently massage in circular motions,Rinse thoroughly with lukewarm water,Use twice daily for best results","Gently cleanses without stripping natural oils,Helps brighten skin with Kashmiri saffron,Neem purifies and prevents breakouts,Honey and rosewater hydrate and soothe the skin"
Oily,Blynds SPF 40 sunscreen,Psoriasis,https://www.amazon.in/Blynds-Emulgel-Sunscreen-Gel-50g/dp/B08TBW5NX7/ref=asc_df_B08TBW5NX7/?tag=googleshopdes-21&linkCode=df0&hvadid=396986085558&hvpos=&hvnetw=g&hvrand=15571254795346750795&hvpone=&hvptwo=&hvqmt=&hvdev=c&hvdvcmdl=&hvlocint=&hvlocphy=9062215&hvtargid=pla-1186180634044&psc=1&mcid=33431b857d743611b27a6cbef2e01d56&ext_vrnc=hi&gclid=Cj0KCQiA5-uuBhDzARIsAAa21T-qAfCjmT9zPoXCY-7aquJlWqL1vrJHj-fypkMn-DkiNxtcjmBjc7oaAk4yEALw_wcB,https://m.media-amazon.com/images/I/5194CGDq85L._SX522_.jpg,$120.00,Blynds,"Aqua, Octinoxate, Avobenzone, Oxybenzone, Octocrylene, Zinc Oxide, Titanium Dioxide, Dimethicone","Apply evenly on clean, dry skin 15 minutes before sun exposure,Reapply every 2 hours or after swimming/sweating,Avoid contact with eyes","Provides broad-spectrum SPF 50 protection against UVA/UVB rays,Lightweight gel-based formula, non-greasy and quick-absorbing,Helps prevent sun damage and premature aging,Suitable for oily and acne-prone skin, non-comedogenic"
Normal,Dr.Sheth's Haldi & Hyaluronic Acid Sleeping Mask,Healthy,https://www.drsheths.com/collections/all/products/haldi-hyaluronic-acid-sleeping-mask,"https://m.media-amazon.com/images/I/61HIciizLsL._AC_UF1000,1000_QL80_.jpg",$150.00,Dr. Sheth's,"Hyaluronic Acid  Provides deep hydration,Turmeric Extract (Haldi)  Anti-inflammatory & brightening,Centella Asiatica  Soothes and repairs skin,Ceramides  Strengthens the skin barrier","Apply a thin layer on cleansed skin before bed,Let it absorb overnight,Rinse off in the morning with lukewarm water","Deeply hydrates & plumps the skin overnight,Reduces redness, inflammation, and irritation,Repairs skin barrier and boosts glow,Suitable for all skin types, especially dry and sensitive skin"
Combination,Dr.Sheth's Liquorice & Lactic Acid Peel,Rosacea,https://www.drsheths.com/collections/all/products/liquorice-lactic-acid-peel-30g,https://palette.tatacliq.com/_next/image?url=https%3A%2F%2Fimg.tatacliq.com%2Fimages%2Fi11%2F658Wx734H%2FMP000000017569274_658Wx734H_202305170149161.jpeg&w=3840&q=75,$180.00,Dr. Sheth's,"Lactic Acid (8%)  Gently exfoliates & brightens skin,Liquorice Extract  Reduces pigmentation & evens skin tone,Calendula Extract  Soothes and calms inflammation,Aloe Vera  Hydrates and prevents irritation","Apply a thin layer on clean, dry skin,Leave on for 5-10 minutes (start with 5 minutes if new to peels),Rinse off with lukewarm water and follow up with a moisturizer,Use once or twice a week at night,Apply sunscreen the next morning","Exfoliates dead skin cells and boosts glow,Fades dark spots and pigmentation,Improves skin texture and hydration,Suitable for dull, uneven, and pigmented skin"
Normal,"Tamanu, Kakadu Plum and Frankincense Face Wash",Rosacea,https://juicychemistry.com/products/tamanu-kakadu-plum-frankincense-organic-face-wash,https://juicychemistry.com/cdn/shop/files/Tamanu_KakaduPlumandFrankincenseFaceWash_100ml_1024x1024.jpg?v=1690279888,$200.00,Juicy Chemistry,"Tamanu Oil  Helps with acne scars and skin healing,Kakadu Plum  Rich in Vitamin C, brightens skin,Frankincense  Soothes skin and reduces fine lines,Aloe Vera  Hydrates and calms irritation,Rose Water  Refreshes and tones the skin","Take a small amount and lather with water,Gently massage onto damp skin in circular motions,Rinse off with lukewarm water,Follow up with a toner and moisturizer,Use twice daily (morning & night)","Deeply cleanses without stripping moisture,Helps with acne, pigmentation & dullness,Hydrates and soothes sensitive skin,Certified organic, sulfate-free, & suitable for all skin types"
Dry,Acnedew Anti Acne & Anti Pimple Cream,Rosacea,https://www.1mg.com/otc/acnedew-anti-acne-anti-pimple-cream-otc750347,https://rukminim2.flixcart.com/image/850/1000/k6jnfrk0/moisturizer-cream/r/f/f/75-antiacne-antipimple-acnedew-cream-original-imafzzasfv4eqaqx.jpeg?q=20&crop=false,$110.00,Acnedew,"Tea Tree Oil  Anti-bacterial, helps reduce acne,Aloe Vera  Soothes and hydrates skin,Salicylic Acid  Exfoliates and unclogs pores,Niacinamide  Reduces redness and inflammation,Allantoin  Promotes skin healing","Cleanse your face with a mild face wash,Take a small amount of cream and apply a thin layer on affected areas,Use twice daily (morning & night) for best results,Avoid direct sun exposure after application; use sunscreen","Helps reduce acne and pimples,Controls excess oil production,Prevents acne scars and blemishes,Soothes irritated skin and redness,Suitable for oily & acne-prone skin"
Dry,Deriva Cms Gel,Acne,https://www.1mg.com/drugs/deriva-cms-gel-156191,https://www.skinpharmacy.in/wp-content/uploads/2020/11/DERIVA-CMS-GEL-600x600.jpg,$130.00,Deriva CMS Gel,"Adapalene (0.1%)  A retinoid that helps unclog pores and reduce acne,Clindamycin (1%)  An antibiotic that fights acne-causing bacteria","Wash your face with a gentle cleanser and pat dry,Apply a thin layer of the gel on the affected areas once daily (preferably at night),Avoid contact with eyes, mouth, and broken skin,Use sunscreen during the day, as this product can increase sun sensitivity","Effectively treats mild to moderate acne,Reduces pimples, blackheads, and whiteheads,Helps control excess oil production,Prevents future breakouts,Minimizes acne scars over time"
Combination,Kojivit Ultra Gel,Healthy,https://www.1mg.com/otc/kojivit-ultra-gel-otc329851,https://www.clickoncare.com/cdn/shop/products/buy-kojivit-ultra-cream-8174779703.jpg?v=1681806294,$60.00,Kojivit Ultra Gel,"Kojic Acid  Helps in skin brightening and reducing pigmentation,Arbutin  Inhibits melanin production to lighten dark spots,Vitamin E  Provides antioxidant protection and nourishes skin,Mulberry Extract  Helps in reducing hyperpigmentation,Octinoxate  Provides sun protection","Cleanse your face and pat dry,Apply a small amount of the gel evenly on the affected areas,Use it once or twice daily, as directed by a dermatologist,Apply sunscreen during the day for best results","Reduces hyperpigmentation, dark spots, and melasma,Brightens skin and evens out skin tone,Hydrates and nourishes the skin,Provides mild sun protection"
Normal,SBL Silk N Stay Aloe Vera Cream,Healthy,https://www.1mg.com/otc/sbl-silk-n-stay-aloe-vera-cream-for-normal-oily-skin-otc328964,"https://onemg.gumlet.io/l_watermark_346,w_480,h_480/a_ignore,w_480,h_480,c_fit,q_auto,f_auto/c0b4b163544a4e09868027b8c63c71ac.jpg",$180.00,SBL Silk N Stay,"Aloe Vera Extract  Soothes and hydrates skin,Calendula Extract  Helps in healing and reducing inflammation,Vitamin E  Provides antioxidant protection and nourishment","Cleanse your face and pat dry,Take a small amount of cream and apply it evenly on your face,Gently massage in circular motions until absorbed,Use twice daily for best results","Deeply moisturizes the skin without making it greasy,Helps in skin regeneration and repair,Reduces irritation, redness, and acne marks,Suitable for daily use on normal to oily skin"
Oily,Ultra-light Liquid Moisturiser,Healthy,https://www.simpleskincare.in/products/ultra-light-liquid-moisturiser-with-thyme-witch-hazel-60ml,https://www.simpleskincare.in/cdn/shop/files/11_1000x1000.jpg?v=1705059025,$120.00,Simple,"Thyme Extract  Soothes and reduces skin irritation,Witch Hazel  Helps control excess oil and tightens pores,Vitamin B3 (Niacinamide)  Brightens and strengthens the skin barrier,Glycerin  Provides lightweight hydration","Cleanse your face and pat dry,Take a small amount and apply evenly over the face and neck,Gently massage until fully absorbed,Use twice daily, morning and night","Ultra-light and fast-absorbing formula,Hydrates without making skin greasy,Controls oil and reduces shine,Non-comedogenic and fragrance-free,Suitable for oily, combination, and sensitive skin"
Oily,Cerene Illuminating water cream,Psoriasis,https://www.worldofcerene.com/products/illuminating-water-cream,https://www.worldofcerene.com/cdn/shop/products/Blue.jpg?v=1653613147&width=1946,$150.00,Cerene,"Hyaluronic Acid  Deep hydration and plumpness,Niacinamide (Vitamin B3)  Brightens skin and evens tone,Vitamin C  Antioxidant protection and glow,Aloe Vera Extract  Soothing and calming,Peptides  Helps with skin elasticity and repair","Apply a small amount to clean, dry skin,Gently massage until absorbed,Use morning and night for best results","Provides intense hydration without greasiness,Gives a radiant, dewy finish,Strengthens the skin barrier,Reduces dullness and improves skin texture,Suitable for all skin types, including sensitive skin"
Normal,Cerene Hydrating Cloud Cream,Psoriasis,https://www.worldofcerene.com/products/hydrating-cloud-cream,https://www.worldofcerene.com/cdn/shop/products/Orange.jpg?v=1665390508&width=1946,$180.00,Cerene,"Hyaluronic Acid  Deep hydration and moisture retention,Ceramides  Strengthens skin barrier and prevents moisture loss,Aloe Vera Extract  Soothes and calms irritated skin,Squalane  Provides lightweight nourishment without clogging pores,Peptides  Promotes skin elasticity and repair","Apply a small amount to clean, dry skin,Gently massage until absorbed,Use morning and night for best results","Delivers intense hydration without heaviness,Strengthens the skin barrier and prevents dryness,Leaves a smooth, dewy finish,Suitable for all skin types, including dry and sensitive skin"
Oily,Barrier Relief LIGHTWEIGHT CERAMIDE MOISTURIZER,Psoriasis,https://theformularx.com/products/barrier-relief-moisturizer,https://theformularx.com/cdn/shop/files/barrier_relief_ceramide_moisturizer.png?v=1708348211,$200.00,Formula RX,"Ceramides  Reinforces skin barrier and locks in moisture,Centella Asiatica  Calms and soothes irritated skin,Beta-Glucan  Hydrates and protects against environmental stressors,Cholesterol & Fatty Acids  Helps repair and strengthen the skin barrier,Colloidal Oatmeal  Soothes and reduces redness","Apply to clean, dry skin after serums,Use morning and night for best results","Restores and repairs damaged skin barrier,Hydrates without clogging pores,Reduces redness and sensitivity,Suitable for acne-prone, sensitive, and compromised skin"
Dry,Air Brush Facial ALL IN ONE LACTIC ACID EXFOLIATOR,Healthy,https://theformularx.com/products/air-brush-facial-lactic-acid-serum,https://theformularx.com/cdn/shop/files/AIRBRUSHFACIAL.jpg?v=1691583253,$130.00,Formula RX,"Lactic Acid (10%)  A gentle AHA that exfoliates, hydrates, and brightens the skin,Hyaluronic Acid  Provides hydration and maintains skin moisture,Centella Asiatica  Calms irritation and soothes sensitive skin,Beta-Glucan  Strengthens the skin barrier and reduces redness","Apply a few drops to clean, dry skin at night,Follow with moisturizer and sunscreen during the day,Use 2-3 times a week and gradually increase if tolerated","Gently exfoliates and smooths skin texture,Hydrates while improving skin tone,Reduces dullness and promotes radiance,Suitable for sensitive and dry skin"
Combination,2% BHA Exfoliator SALICYLIC ACID 2% + NIACINAMIDE,Eczema,https://theformularx.com/products/2-bha-exfoliator-salicylic-acid-niacinamide,https://theformularx.com/cdn/shop/files/BHAEXFOLIATOR.jpg?v=1691584362,$120.00,Formula RX,"2% Salicylic Acid (BHA)  Unclogs pores, reduces acne & blackheads,Niacinamide (5%)  Controls oil production, brightens skin, and strengthens the barrier,Beta-Glucan & Green Tea Extract  Hydrate and soothe the skin,Zinc PCA  Regulates sebum production and minimizes breakouts","Apply a few drops to clean, dry skin (once daily or every other day),Follow with a lightweight moisturizer,Always use sunscreen in the morning","Deep cleans pores and prevents breakouts,Reduces redness and irritation,Balances oil production without over-drying,Suitable for oily, acne-prone, and combination skin"
Combination,Amrit â Face Serum Mist- Hyaluronic & Probiotics,Acne,https://amayranatural.in/product/probiotics-hydrating-face-toner-mist-serum/,https://amayranatural.in/wp-content/uploads/2022/04/1-6.png,$150.00,Amayra Natural,"Probiotics  Strengthens the skin barrier and promotes a healthy microbiome,Aloe Vera  Soothes and hydrates the skin,Botanical Extracts  Provide nourishment and antioxidant benefits","As a toner: Spray onto clean skin after cleansing,As a mist: Spritz throughout the day for hydration,As a serum: Apply before moisturizer for extra nourishment","Hydrates and refreshes the skin instantly,Balances pH levels and strengthens the skin barrier,Can be used as a toner, facial mist, or serum,Suitable for all skin types, especially sensitive skin"
Normal,Soultree Nourishing Cream - Saffron & Almond Oil with Natural Vitamin E,Eczema,https://www.soultree.in/collections/normal-skin-type/products/nourishing-cream-saffron-almond-oil-with-natural-vitamin-e-50g,https://m.media-amazon.com/images/I/31BzBVMtDzL._SR600%2C315_PIWhiteStrip%2CBottomLeft%2C0%2C35_PIStarRatingTHREEANDHALF%2CBottomLeft%2C360%2C-6_SR600%2C315_ZA574%2C445%2C290%2C400%2C400%2CAmazonEmberBold%2C12%2C4%2C0%2C0%2C5_SCLZZZZZZZ_FMpng_BG255%2C255%2C255.jpg,$180.00,SoulTree,"Saffron  Brightens skin and enhances complexion,Almond Oil  Deeply nourishes and provides hydration,Vitamin E (Natural Source)  Offers antioxidant protection and promotes skin repair,Ayurvedic Herbs  Blend of botanicals for holistic skincare","Take a small amount and apply evenly to cleansed face and neck,Massage gently in circular motions until fully absorbed,Use daily, morning and evening, for best results","Provides deep nourishment and hydration,Brightens the skin and improves complexion,Protects against dryness and environmental damage,Suitable for normal skin"
Oily,"Ilana Clarifying & Calming Night Gel with Niacinamide, Green Tea and Cica",Eczema,https://vanitywagon.in/collections/ilana/products/ilana-clarifying-and-calming-night-gel-with-niacinamide-green-tea-and-cica,https://vanitywagon.in/cdn/shop/products/Ilana_Clarifying_Calming_Night_Gel_with_Niacinamide_Green_Tea_and_Cica-1_618x618.jpg?v=1668066032,$200.00,Ilana,"Niacinamide (Vitamin B3)  Helps brighten skin, control oil, and reduce blemishes,Green Tea Extract  Rich in antioxidants, fights acne and soothes inflammation,Cica (Centella Asiatica)  Known for its healing properties, reduces redness and irritation","Apply a small amount on cleansed skin before bedtime,Gently massage into the skin until fully absorbed,Follow with a moisturizer if needed","Helps reduce acne, blemishes, and redness,Provides lightweight hydration without clogging pores,Strengthens the skin barrier and soothes irritation,Best suited for oily, acne-prone, and sensitive skin"
Combination,Kaya Purifying Cleanser - Acne Prone Skin - Salicylic Acid,Acne,https://www.kaya.in/kaya-acne-free-purifying-cleanser-50ml.html,"https://ik.imagekit.io/wlfr/wellness/images/products/352063-1.jpg/tr:w-3840,dpr-1,c-at_max,cm-pad_resize,ar-1210-700,pr-true,f-webp,q-80,l-image,i-Wellness_logo_BDwqbQao9.png,lfo-bottom_right,w-200,h-90,c-at_least,cm-pad_resize,l-end",$110.00,Kaya,"Salicylic Acid (BHA)  Exfoliates, unclogs pores, and reduces acne,Niacinamide (Vitamin B3)  Controls oil production and brightens skin,Tea Tree Extract  Provides antibacterial and anti-inflammatory benefits","Take a small amount and apply to damp skin.,Massage gently in circular motions, focusing on acne-prone areas,Rinse off with lukewarm water and pat dry,Use twice daily for best results","Effectively removes dirt, oil, and impurities,Helps prevent acne, blackheads, and whiteheads,Reduces excess oil production while keeping skin hydrated, Suitable for oily and acne-prone skin"
Oily,PROTEGO 46 MINERAL SUNSCREEN,Eczema,https://peaucare.in/products/protego-46-mineral-sunscreen-for-dry-skin,https://peaucare.in/cdn/shop/files/Peaucareimg.jpg?v=1704877173&width=800,$130.00,Peau Care,"Zinc Oxide & Titanium Dioxide  Provides physical UV protection,Hyaluronic Acid  Hydrates and plumps skin,Vitamin E  Antioxidant protection against free radicals,Ceramides  Strengthens skin barrier and locks in moisture","Apply generously on cleansed skin 15 minutes before sun exposure,Reapply every 2-3 hours for continued protection,Can be used under makeup","Broad-Spectrum Protection (UVA & UVB),Hydrating Formula  Prevents dryness and flakiness,Non-Greasy & Lightweight,Reef-Safe & Non-Irritating"
Dry,Dr.Sheth's Shea Butter & Amino Acid Multitasking Cream,Psoriasis,https://www.drsheths.com/collections/all/products/shea-butter-amino-acid-multitasking-cream-50g,https://www.drsheths.com/cdn/shop/files/SheaButterAminoAcid_1st.jpg?v=1702462884,$60.00,Dr. Sheths,"Shea Butter  Deeply moisturizes and repairs skin,Amino Acids  Strengthens skin barrier and improves resilience,Ceramides  Locks in hydration and soothes irritation,Centella Asiatica  Calms redness and inflammation,Hyaluronic Acid  Provides deep hydration","Apply a pea-sized amount after cleansing, morning and night,Massage gently until absorbed,Can be used as an overnight mask for extra nourishment","Intensely Hydrating  Perfect for dry and dehydrated skin,Barrier Repair  Strengthens and protects the skin,Calms Redness & Sensitivity  Ideal for sensitive and irritated skin,Non-Comedogenic  Doesnt clog pores,Multi-Purpose  Can be used as a daily moisturizer or a sleeping mask"
Dry,Dr.Sheth's Centella & Niacinamide Serum,Rosacea,https://www.drsheths.com/collections/all/products/centella-niacinamide-serum,https://www.drsheths.com/cdn/shop/products/Image.jpg?v=1668337489,$180.00,Dr. Sheths,"Niacinamide (10%)  Brightens skin, reduces acne marks, and controls sebum,Centella Asiatica  Soothes redness, irritation, and inflammation,Zinc PCA  Regulates oil production and prevents breakouts,Hyaluronic Acid  Hydrates and plumps the skin","Apply 2-3 drops after cleansing on slightly damp skin,Gently pat until absorbed,Follow with a moisturizer and sunscreen (AM routine)","Reduces Acne Marks & Hyperpigmentation,Strengthens Skin Barrier,Calms Redness & Inflammation  Great for sensitive skin,Regulates Oil Production  Helps control acne,Hydrates Without Greasiness"
Normal,Vitamin C Brightening Serum VITAMIN C 10% + ARBUTIN 2% + NAG 2%,Acne,https://theformularx.com/products/vitamin-c-10-arbutin-2-n-acetylglucosamine-2,https://theformularx.com/cdn/shop/files/vitamin_c_serum.jpg?v=1708351741,$120.00,Formula RX,"Vitamin C (10%)  Fights free radicals, brightens skin, and boosts collagen,Arbutin (2%)  Reduces hyperpigmentation and dark spots,N-Acetylglucosamine (2%)  Improves skin texture and hydration,Hyaluronic Acid  Provides lightweight hydration","Apply 2-3 drops on clean, dry skin in the morning,Follow with moisturizer and sunscreen (SPF 50 recommended),Can be used daily for best results","Reduces Hyperpigmentation & Dark Spots,Brightens & Evens Skin Tone,Boosts Collagen Production  Helps with anti-aging,Lightweight & Non-Greasy  Absorbs quickly into the skin,Works Well for All Skin Types"
Dry,Malazia HYDRA VEIL GEL MOISTURIZER,Acne,https://theformularx.com/products/malazia-hydra-veil-gel-moisturizer,https://theformularx.com/cdn/shop/files/hydraveil_moisturizer.jpg?v=1708351794,$150.00,Formula RX,"Glycerin & Panthenol (Pro-Vitamin B5)  Hydrates and soothes skin,Beta Glucan  Provides deep hydration and skin barrier support,Allantoin  Calms irritation and reduces redness,Centella Asiatica (Cica)  Helps heal and soothe skin","Apply a small amount to clean skin after serum,Use twice daily (morning & night) for best results,Follow with sunscreen (SPF 50) in the daytime","Intensely Hydrating Yet Lightweight  Provides moisture without heaviness,Non-Comedogenic & Non-Greasy  Perfect for acne-prone and oily skin,Calms & Soothes Irritated Skin  Helps with redness and sensitivity,Fragrance-Free, Essential Oil-Free  Suitable for sensitive skin,Dermatologist-Tested & Fungal Acne Safe"
Dry,Barrier Plus PEPTIDE CERAMIDE MOISTURIZER,Eczema,https://theformularx.com/products/peptide-ceramide-moisturizer-barrier-plus,https://theformularx.com/cdn/shop/files/barrier_plus_peptide_ceramide_moisturizer.png?v=1708348525,$180.00,Formula RX,"Ceramides  Strengthens the skin barrier and prevents moisture loss,Peptides  Helps in skin repair and improves elasticity,Panthenol (Pro-Vitamin B5)  Hydrates and soothes the skin,Squalane & Glycerin  Provide deep, long-lasting hydration,Allantoin & Centella Asiatica (Cica)  Calm inflammation and redness","Apply a small amount to clean skin after serum,Use twice daily (morning & night) for best results,Follow with sunscreen (SPF 50) in the daytime","Deeply Moisturizing & Barrier-Strengthening  Ideal for dry and damaged skin,Repairs and Soothes Irritated Skin  Helps with sensitivity and redness,Non-Comedogenic & Lightweight  Hydrates without clogging pores,Fragrance-Free, Essential Oil-Free  Suitable for very sensitive skin,Fungal Acne Safe & Dermatologist-Tested"
Normal,6% AHA BHA Exfoliator 5% Glycolic acid + 1% Salicylic acid,Psoriasis,https://theformularx.com/collections/treat/products/6-aha-bha-exfoliator-glycolic-salicylic-acid,https://theformularx.com/cdn/shop/files/AHABHAEXFOLIATOR.jpg?v=1691585215,$200.00,Formula RX,"6% Exfoliating Acids (Glycolic Acid 4% + Salicylic Acid 2%),Glycolic Acid (AHA)  Removes dead skin cells, brightens skin,Salicylic Acid (BHA)  Clears clogged pores and reduces acne,Panthenol & Glycerin  Hydrate and soothe skin,Centella Asiatica (Cica)  Reduces redness and irritation","Apply 1-2 times a week at night on clean, dry skin,Use 2-3 drops and gently spread across the face,Follow with a moisturizer to prevent dryness,Always apply SPF 50 sunscreen in the morning","Clears acne & breakouts  Targets clogged pores and reduces oil production,Improves skin texture & glow  AHA gently resurfaces the skin,Unclogs pores & prevents blackheads  BHA deeply cleanses pores,Hydrating & Non-Irritating  Contains soothing ingredients to minimize irritation,Fragrance-Free, Alcohol-Free & Fungal Acne Safe"
Oily,Dr.Sheth's Neem & Salicylic Acid Face Wash,Acne,https://www.drsheths.com/collections/all/products/neem-salicylic-acid-face-wash,https://www.drsheths.com/cdn/shop/products/Neem-_-Salicylic-Acid-Face-Wash-1_77b0d08b-c841-4525-a0a0-b40c9caba88b.jpg?v=1681578426,$130.00,Dr. Sheths,"Neem Extract  Natural antibacterial and anti-inflammatory properties,Salicylic Acid (2%)  Exfoliates dead skin, unclogs pores, and prevents breakouts,Turmeric Extract  Soothes irritation and provides antioxidant benefits,Niacinamide  Reduces redness and controls oil production","Apply a small amount to wet skin and gently massage for 30-60 seconds,Rinse with lukewarm water and pat dry,Use twice daily (morning & night),Follow with a moisturizer and SPF 50 sunscreen in the morning","Deep cleanses pores  Removes excess oil, dirt, and bacteria,Prevents & treats acne  Fights active breakouts and prevents future ones,Reduces inflammation & redness  Neem and turmeric calm irritated skin,Balances oil production  Keeps skin matte yet hydrated,Gentle & Non-stripping  Doesnt dry out the skin"
Normal,DOUSE BARRIER REPAIR FACE CREAM,Healthy,https://peaucare.in/products/douse-barrier-repair-face-cream,https://peaucare.in/cdn/shop/files/Douse.jpg?v=1705066668&width=800,$150.00,PeauCare,"Ceramides  Help repair and protect the skin barrier,Hyaluronic Acid  Provides deep hydration and plumps the skin,Panthenol (Vitamin B5)  Soothes irritation and supports skin healing,Squalane  Enhances moisture retention without clogging pores","Apply a small amount to clean, damp skin after cleansing,Massage gently until fully absorbed,Use twice daily (morning & night),Follow with SPF 50 sunscreen in the morning","Strengthens the skin barrier  Protects against environmental damage,Deeply hydrates & nourishes  Prevents moisture loss,Calms irritation & redness  Suitable for sensitive skin,Non-greasy & lightweight  Absorbs easily without heaviness,Fragrance-free & Non-comedogenic  Safe for acne-prone and reactive skin"
Oily,INVISIBLE SUNSCREEN SPF 40 PA +++ SUNSCREEN FOR OILY SKIN,Psoriasis,https://www.amazon.in/CleanseMe-Hydrating-Sensitive-Allantoin-Colloidal/dp/B092Q78ZVF?crid=3DMT6T0GG89NG&dib=eyJ2IjoiMSJ9.aat1fUJJhD_CJmT3Nd5TOBu2DuUUz4LKR6Ud7volTx4TN2in65YvwHInCJvaCLum7I0HvCQWug-pA5X1dKpcA-tQkeghlzZ28cI4nzF-xC20XooKy9b43IAbIS5AM9rBF1dgta5dTs2-hkG92Nen8wRAMn0F86NyFdSAsLhow8DBIh3NxtljkfTMMpVNvh0tS-9_y0zvwu1yBtJHHN6uoyAWITw3sZqBRdyRHptk2c29YTnqPLl4AKPfcqL5K5KGuOhS-UQiTGD1GdxqYNrF2JoblXl1nYQywx6ZG9Vg80g.SKY7vuvZxoesDOCnevBPycbFZyiLn0RC89wZ9ujw9F4&dib_tag=se&keywords=cleanse%2Bme&qid=1709181163&sprefix=cleanse%2Bm%2Caps%2C307&sr=8-5&th=1&linkCode=ll1&tag=thebeautyinout-21&linkId=c106d3cea95f337d5cc9c77a98e5ad83&language=en_IN&ref_=as_li_ss_tl,https://peaucare.in/cdn/shop/files/Invisiblesunscreen.jpg?v=1705062585&width=800,$180.00,CleanseMe,"Allantoin  Soothes irritation and promotes skin healing,Colloidal Oatmeal  Hydrates and calms sensitive skin,Glycerin  Attracts moisture and prevents dryness,pH-Balanced Formula  Helps maintain the skins natural barrier","Wet your face with lukewarm water,Take a small amount and massage gently onto the skin,Rinse thoroughly and pat dry,Follow with moisturizer and sunscreen (AM routine)","Gentle, non-irritating formula  Ideal for sensitive skin,Deeply hydrates & soothes  Prevents dryness and irritation, Soap-free & SLS-free  Wont strip the skin of natural oils, Non-comedogenic  Wont clog pores, making it safe for acne-prone skin,Dermatologist-recommended  Suitable for everyday use"
Dry,NOURRIR CleanseMe Gentle Skin Cleanser Face wash,Eczema,https://www.forestessentialsindia.com/aloevera-juice-new.html,https://thebeautyinsideout.com/wp-content/uploads/2023/11/CleanseMe-Cleanser.jpg,$210.00,Forest Essentials,"Aloe Vera Extract  Hydrates, soothes, and heals the skin,Aqua (Water)  Base for easy absorption,Natural Preservatives  Ensure product longevity without harmful chemicals","Cleanse: Wash your face with a gentle cleanser,Apply: Pour a small amount onto a cotton pad or your fingertips,Pat Gently: Dab the juice onto your face and neck,Follow Up: Use a moisturizer to lock in hydration,Frequency: Can be used daily, morning and evening","Deep Hydration  Retains moisture, keeping skin soft and supple,Soothes Irritation  Calms redness, sunburns, and inflammation,Heals Skin  Aids in the repair of minor cuts, blemishes, and acne scars,Improves Skin Elasticity  Boosts skin firmness and glow,Balances Oil Production  Suitable for both dry and oily skin"
Dry,Forest Essentials Aloevera Juice,Healthy,https://earthrhythm.com/products/vitamin-e-intense-nourish-cream-day,https://img.forestessentialsindia.com/pub/media/catalog/product/cache/0ee050c3ffc3555709b9bb6062f4d7e9/8/8/8891_aloevera_juice_130_ml_front_copy_1.png,$200.00,Earth Rhythm,"Vitamin E  A powerful antioxidant that protects and repairs skin,Shea Butter  Deeply moisturizes and softens the skin,Glycerin  Retains moisture and prevents dryness,Aloe Vera Extract  Soothes and hydrates,Sunflower Oil  Nourishes and strengthens the skin barrier","Cleanse: Wash your face with a mild cleanser,Apply: Take a small amount and gently massage onto your face and neck,Absorb: Allow it to fully absorb before applying sunscreen (if used during the day),Frequency: Use daily in the morning","Intense Hydration  Deeply nourishes and keeps skin moisturized all day,Skin Repair  Helps restore damaged skin and improves elasticity,Antioxidant Protection  Protects against free radicals and environmental stressors,Soft & Smooth Texture  Leaves skin feeling soft and supple,Non-Greasy Formula  Absorbs quickly without making skin oily"
Dry,Earth Rhythm VITAMIN E INTENSE NOURISH DAY CREAM,Rosacea,,https://earthrhythm.com/cdn/shop/products/vitE.jpg?v=1685354937&width=1000,$250.00,,,,
Normal,PHYTO CERAMIDE DEEP MOISTURIZER,Rosacea,https://earthrhythm.com/products/phyto-ceramide-deep-moisturiser,https://earthrhythm.com/cdn/shop/products/PhytoCeramideMoisturiser.jpg?v=1666941556&width=1000,$300.00,Earth Rhythm,"Phyto Ceramides,Hyaluronic Acid,Niacinamide,Glycerin,Shea Butter","ake a small amount of the moisturiser,Gently massage it onto cleansed skin,Use morning and night for best results","Deep Hydration: Locks in moisture and prevents dryness,Skin Barrier Repair: Strengthens the skin's natural barrier,Anti-Aging: Reduces fine lines and wrinkles,Even Skin Tone: Niacinamide helps with skin brightening,Soothing & Calming: Ideal for sensitive skin"
Normal,The Derma Co Pore Minimizing Priming Sunscreen with SPF 50 & PA+++,Psoriasis,https://thedermaco.com/product/pore-minimizing-priming-sunscreen-with-spf-50-pa-for-open-pores-uva-uvb-protection-50g,https://images.thedermaco.com/catalog/product/1/0/1080x1080-4.jpg?auto=format&fit=contain&width=720&auto=compress,$350.00,The Derma Co,"Titanium Dioxide,Zinc Oxide,Seboclear MP,SPF 50 PA++++ filters,Mattifying agents","Take a generous amount and apply evenly on cleansed face and neck,Apply 1520 minutes before sun exposure,Reapply every 2-3 hours for maximum protection, especially if sweating or swimming","Broad Spectrum Protection: Shields against UVA & UVB rays,Pore Minimizing Effect: Reduces the appearance of open pores,Primer-like Finish: Creates a smooth base for makeup,Oil Control: Mattifies skin and controls excess sebum,Non-Greasy & Lightweight: Absorbs quickly without a white cast"
Combination,The Derma Co 2% Salicylic Acid Serum,Acne,https://thedermaco.com/product/2-salicylic-acid-serum,https://images.thedermaco.com/catalog/product/1/s/1st.jpg?auto=format&fit=contain&width=720&auto=compress,$150.00,The Derma Co,"2% Salicylic Acid,Witch Hazel,Willow Bark Extract","Cleanse your face and pat it dry,Apply 2-3 drops of the serum to the entire face or on affected areas,Gently massage until absorbed,Follow up with a moisturizer,Use sunscreen during the day while using this serum,Use once or twice daily, as needed","Fights Acne & Pimples  Penetrates deep into pores to clear acne,Unclogs Pores  Exfoliates dead skin cells and controls oil production,Reduces Blackheads & Whiteheads  Prevents breakouts and improves skin texture,Soothes Inflammation  Witch Hazel and Willow Bark reduce redness and irritation,Lightweight & Non-Sticky  Absorbs quickly without leaving residue"
Normal,"The Derma Co Pore Minimizing Face Serum with 4% Niacinamide, 5% PHA and p-REFINYL",Rosacea,https://thedermaco.com/product/pore-minimizing-face-serum-with-4-niacinamide-5-pha-and-p-refinylr-30-ml,https://images.thedermaco.com/catalog/product/p/o/pore-minimizing-face-serum.jpg?auto=format&fit=contain&width=720&auto=compress,$180.00,The Derma Co,"4% Niacinamide,5% PHA (Polyhydroxy Acids),P-Refinyl®","Cleanse your face and pat it dry,Apply 2-3 drops of the serum evenly on the face,Gently massage until fully absorbed,Follow up with a moisturizer,Use sunscreen during the day while using this serum,Use twice daily for best results","Minimizes Pores  Tightens pores and refines skin texture,Controls Oil Production  Niacinamide regulates excess sebum,Gently Exfoliates  PHA helps in mild exfoliation for smoother skin,Hydrates & Soothes  Prevents dryness and irritation,Improves Skin Texture  Enhances skin clarity and brightness"
Dry,The Derma Co Pore Minimizing Daily Face Moisturizer with 3% Niacinamide 3% PHA and p-REFINYL,Rosacea,https://thedermaco.com/product/pore-minimizing-daily-face-moisturizer-with-3-niacinamide-3-pha-and-p-refinylr-50-g,https://images.thedermaco.com/catalog/product/p/o/pore-minimizing-moisturizer_2.jpg?auto=format&fit=contain&width=720&auto=compress,$220.00,The Derma Co,"3% Niacinamide  Controls oil production and brightens skin,3% PHA (Polyhydroxy Acids)  Gently exfoliates and removes dead skin cells,P-Refinyl®  Reduces the appearance of enlarged pores","Cleanse your face with a mild cleanser,Apply a small amount of moisturizer evenly on the face,Gently massage until absorbed,Use twice daily for best results,Follow up with sunscreen during the day","Reduces Pore Size  Helps refine and tighten enlarged pores,Controls Excess Oil  Balances sebum production for a matte finish,Hydrates & Nourishes  Keeps skin soft and moisturized,Mild Exfoliation  PHA promotes gentle skin renewal,Improves Skin Texture  Enhances skin smoothness and clarity"
Oily,Green Tea Pore Cleansing Complete Range Combo with AHA BHA PHA Peel,Acne,https://plumgoodness.com/products/green-tea-pore-cleansing-complete-range-combo-with-aha-bha-pha-peel-fights-pimples-control-excess-oil-for-oily-acne-prone-skin-100-vegan?variant=40645606146108&currency=INR&utm_medium=product_sync&utm_source=google&utm_content=sag_organic&utm_campaign=sag_organic&gad_source=1&gclid=CjwKCAiAuYuvBhApEiwAzq_YiXYvBTJec7TuXBjcvzCCrH7yZ4tQy_8F0zeyEHq9OpURay3Ai6Lv0hoCA9UQAvD_BwE,https://plumgoodness.com/cdn/shop/files/01_4_27917af7-addd-44c1-9c48-08669a6ba020.jpg?v=1689146773&width=900,$250.00,Plum Goodness,"Green Tea Extracts  Rich in antioxidants, fights acne-causing bacteria,Glycolic Acid (AHA)  Gently exfoliates and removes dead skin cells,Salicylic Acid (BHA)  Unclogs pores and controls oil production,PHA (Polyhydroxy Acid)  Provides mild exfoliation and hydration,Natural Cellulose Beads  Helps in gentle cleansing without irritation","Face Wash  Use daily to cleanse excess oil and dirt,Toner  Apply after cleansing to tighten pores,Moisturizer  Hydrate skin while keeping it non-greasy,AHA BHA PHA Peel  Use once a week for deep exfoliation (apply, leave for 10 mins, rinse),Sunscreen (if included)  Apply during the daytime for UV protection","Fights Acne & Pimples  Green tea and salicylic acid target breakouts,Unclogs & Minimizes Pores  Deep cleansing and exfoliation help refine pores,Controls Excess Oil  Balances sebum without over-drying,Brightens & Smoothens Skin  AHA and PHA improve texture,100% Vegan & Cruelty-Free  Free from parabens, sulfates, and harmful chemicals"
Combination,The Derma Co 2% Niacinamide Oily Skin Cleanser,Healthy,https://thedermaco.com/product/2-niacinamide-oily-skin-cleanser-for-sensitive-oily-combination-skin-125-ml,https://images.thedermaco.com/catalog/product/2/-/2-niacinamide_oily_skin_cleanser_for_sensitive_oily_combination_skin.png?auto=format&fit=contain&width=720&auto=compress,$180.00,The Derma Co,"2% Niacinamide  Reduces excess oil and strengthens the skin barrier.
Zinc PCA  Controls sebum production and reduces acne breakouts.
Glycerin  Provides hydration without making the skin greasy.","Wet your face with lukewarm water.
Take a small amount of the cleanser and massage gently onto your skin.
Rinse thoroughly and pat dry.
Use twice daily (morning and night) for best results.","Controls excess oil production,Minimizes the appearance of pores,Gently cleanses without drying out the skin,Suitable for oily, sensitive, and combination skin,Free from sulfates, parabens, and artificial fragrances"
Combination,The Derma Co Pore Minimizing Clay Daily Face Wash with 1% Niacinamide & 2% PHA,Psoriasis,https://thedermaco.com/product/pore-minimizing-clay-daily-face-wash-with-1-niacinamide-2-pha-100-ml,https://images.thedermaco.com/promotional/faq-image/Pore%20Minimizing%20Clay%20Daily%20Face%20Wash.jpg,$220.00,The Derma Co,"1% Niacinamide (reduces pores, controls oil), 2% PHA (gentle exfoliation)","Apply on a wet face, massage gently, rinse, and pat dry. Use twice daily","Minimizes pores, controls oil, exfoliates gently, improves skin texture"
Normal,The Derma Co 2% Kojic Acid Cream,Psoriasis,https://thedermaco.com/product/kojic-acid-cream,https://images.thedermaco.com/promotional/faq-image/2_%20Kojic%20Acid%20Face%20Cream.jpg,$250.00,The Derma Co,"2% Kojic Acid (reduces pigmentation), Vitamin C (brightens skin, promotes radiance)","Apply to affected areas, massage gently until absorbed. Use twice daily","Reduces dark spots, evens skin tone, promotes glow, repairs skin"
Normal,Mamaearth Beetroot Hydraful Moisturizer With Beetroot & Hyaluronic Acid,Rosacea,https://mamaearth.in/product/beetroot-hydraful-hyaluronic-acid-face-moisturizer-50ml,https://images.mamaearth.in/catalog/product/1/-/1-with-ingredients_4.jpg?format=auto&height=600,$300.00,Mamaearth,"Beetroot Extract (imparts a natural pink glow), Hyaluronic Acid (provides up to 48-hour hydration)",Apply an adequate amount to cleansed face and neck. Gently massage until fully absorbed. Suitable for daily use,"Provides a healthy pink glow, offers 48-hour hydration, has an oil-free formula suitable for all skin types"
Oily,The Derma Co 2% Hyalacalamine Hydrating Sunscreen For UVA/UVB Protection with SPF 50 & PA+++,Eczema,https://thedermaco.com/product/2-hyalacalamine-hydrating-sunscreen-for-uva-uvb-protection-with-spf-50-pa-50g,https://images.thedermaco.com/promotional/2%25%20Hyalacalamine%20Hydrating%20Sunscreen%20For%20UVA%3AUVB%20Protection%20with%20SPF%2050%20-%20FAQ%20Image.jpg,$200.00,The Derma Co,"2% Hyalacalamine (Calamine with 99.5% Zinc Oxide & 0.5% Iron Oxide) for oil control, Hyaluronic Acid for hydration",Apply evenly on the face and neck 15 minutes before sun exposure. Reapply every 2 hours or after swimming/sweating,"Controls excess oil, provides UVA/UVB protection with SPF 50 & PA+++, lightweight, non-greasy, absorbs quickly without white cast"
Normal,Kama Aryuveda Rose Jasmine Face Cleanser,Healthy,https://www.kamaayurveda.in/rose-jasmine-face-cleanser.html,"https://static.kamaayurveda.in/cdn-cgi/image/width=640,format=auto/pub/media/catalog/product/cache/378129b977c0447474b52f397234ee02/r/j/rj-face-cleanser_50ml_600x600px_1.png",$250.00,Kama Ayurveda,"Rose and Jasmine essential oils (nourish and tone skin), Aloe Vera (soothes and heals), Jojoba Oil (moisturizes and minimizes fine lines), Vetiver Root Extract and Black Cumin Seeds (antibacterial properties)","Apply two to three pumps on damp skin, lightly massage, rinse well with water, and pat dry. Suitable for daily use","Gently cleanses and tones, minimizes fine lines, smoothens skin, removes light makeup, suitable for all skin types"
Dry,Sunânil Jojoba-Grapeseed Moisturising Sun Protection Lotion,Rosacea,https://www.justherbs.in/collections/sun-protection/products/sun-nil-jojoba-grapeseed-moisturising-sun-protection-lotion?variant=29251600875597,https://www.justherbs.in/cdn/shop/products/Sun_nilJojoba-GrapeseedMoisturisingSunProtectionLotion_1280x.jpg?v=1658402085,$120.00,Just Herbs?,"Jojoba Oil (5%), Grapeseed Oil (5%), Aloe Vera Leaf Juice (5%), Wheatgerm Oil (2%), Green Tea Extract (5%), Zinc Oxide (2%), Shea Butter (1%), Soy Lecithin (0.5%), Psoralea Seed Extract","Rub a generous amount between palms and apply on face, neck, and other exposed areas before sun exposure. Reapply every 2-3 hours","Moisturizes skin, provides broad-spectrum sun protection, neutralizes free radicals, helps prevent sun-induced aging, suitable for normal to dry skin"
Combination,Ethiglo Face Wash,Psoriasis,https://www.apollopharmacy.in/otc/ethiglo-face-wash-200g?utm_source=google&utm_medium=srnb&campaignid=17659451421&adgroupid=&keyword=&device=c&adtype=pla&product_id=ETH0217&utm_campaign=PMax_Pharma_Farming_Smart-Shopping_P2Cities&utm_content=%5Badgroup%5D&gad_source=1&gclid=CjwKCAiA6KWvBhAREiwAFPZM7qpRwvMD40O_H18NR2J06pM--Bg3eaop_cLhQ2JqRms8nISiVoyASBoCI84QAvD_BwE,https://m.media-amazon.com/images/I/519ArTw261L.jpg,$150.00,Ethiglo,"Kojic Acid, Vitamin C, Liquorice Extract, Niacinamide, Glycolic Acid, Lactic Acid, Salicylic Acid","Apply on a wet face, massage gently, rinse, and pat dry. Use twice daily","Brightens skin, deep cleanses, improves texture, reduces pigmentation"
Normal,Melaglow Rich Cream,Healthy,https://dermatics.in/products/melaglow-rich-cream-20-gm?variant=43668185612541&currency=INR&utm_medium=product_sync&utm_source=google&utm_content=sag_organic&utm_campaign=sag_organic&gad_source=1,https://cdn.shopify.com/s/files/1/0594/0297/7442/files/MelaglowRichCream_01.webp?v=1703074734,$180.00,Abbott,"Niacinamide (4%), Arbutin (2%), Licorice Extract (0.12%), Kojic Acid Dipalmitate, Soy Isoflavones, Glycolic Acid","Apply a small amount to cleansed face, focusing on affected areas. Use twice daily","Reduces hyperpigmentation, evens skin tone, brightens complexion, and maintains skin hydration"
Oily,ZitMoist Gel For Acne Prone Skin,Acne,https://dermatics.in/products/zitmoist-gel-for-acne-prone-skin-50gm?variant=40879422275746&currency=INR&utm_medium=product_sync&utm_source=google&utm_content=sag_organic&utm_campaign=sag_organic&gad_source=1,https://dermatics.in/cdn/shop/files/51K7z67K07L._SL1200.jpg?v=1704371359&width=823,$200.00,Canixa Life Sciences Pvt Ltd,"Sodium Hyaluronate, Vitamin D, D-Panthenol, Nicotinamide, Aloe Vera, Allantoin",Apply a small amount to cleansed face twice daily,"Moisturizes skin, prevents acne, maintains natural pH balance, reduces wrinkles"
Normal,Dot & Key Barrier Repair Gentle Hydrating Face Wash,Healthy,https://www.dotandkey.com/products/dot-key-barrier-repair-gentle-hydrating-face-wash-with-5-essential-ceramides-hyaluronic-ph-5-5-fragrance-sulphate-free-for-sensitive-dry-skin?utm_source=google&utm_medium=paid&utm_campaign=18108354709&utm_content=&utm_term=&gadid=&gad_source=1&gclid=CjwKCAiA6KWvBhAREiwAFPZM7kgMoJfxXOwIigK9NaU7iJNuVfqeJfD5i1w0bfA76B7vvy63PZf28BoC_iUQAvD_BwE,https://m.media-amazon.com/images/I/51BRMqAlHEL.jpg,$110.00,Dot & Key,"5 Essential Ceramides (Ceramide 1, 2, 3, 4, 6 II) to strengthen the skin barrier; Hyaluronic Acid for hydration; Panthenol (Vitamin B5) to soothe and moisturize; Glycerine as a humectant; and gentle surfactants like Cocamidopropyl Betaine and Decyl Glucoside","Apply a small amount to damp face, massage gently, and rinse thoroughly. Use daily, morning and evening","Gently cleanses without stripping moisture, maintains skin's natural pH of 5.5, strengthens the skin barrier, provides lasting hydration, and is free from fragrances and sulphates, making it suitable for sensitive and dry skin"
Oily,IPCA Acne-OC Sebum Regulating Moisturizer,Acne,https://www.clinikally.com/products/ipca-acne-oc-moisturiser?currency=INR&variant=41250887631011&utm_medium=cpc&utm_source=google&utm_campaign=Google%20Shopping&stkn=aa4fff04d0da&utm_campaign=P-Max&utm_source=Google&utm_medium=Shopping+Ad&gad_source=1&gclid=CjwKCAiA6KWvBhAREiwAFPZM7ni_s8i8raWQEBfP-0HZ93Zo2_9qjy411aW6vOjf2kz62fyTLf-OuRoC9twQAvD_BwE,https://www.clinikally.com/cdn/shop/products/ipcaacne-ocmoisturizer_03.jpg?v=1665216200&width=1000,$130.00,IPCA Laboratories,"Niacinamide, Iris Florentina Root Extract, Zinc PCA, Mastic Gum, Shea Butter, Sunflower Seed Oil, Glycerin",Apply a small amount to cleansed face twice daily,"Hydrates skin, controls oil production, tightens pores, reduces shine, and combats irritation"
Normal,Glambak Skin Glowing & Rejuvenating Face Wash,Eczema,https://www.amazon.in/Glambak-Skin-Glowing-Rejuvenating-100gm/dp/B09VFDDBZ9/ref=asc_df_B09VFDDBZ9/?tag=googleshopdes-21&linkCode=df0&hvadid=586332797663&hvpos=&hvnetw=g&hvrand=13732075783628803494&hvpone=&hvptwo=&hvqmt=&hvdev=c&hvdvcmdl=&hvlocint=&hvlocphy=9040242&hvtargid=pla-1675315755781&psc=1&mcid=9aed500d45cd359187d735b331cac79a&gclid=CjwKCAiA6KWvBhAREiwAFPZM7sfWKh9gnJPg7nHg_AJ6EgfKjmnIXGaoitx2_xkUzv1fcqM9-TcLyBoCTZUQAvD_BwE,https://m.media-amazon.com/images/I/41N-esULktL.jpg,$60.00,Glambak?,"Kojic Acid Dipalmitate, Arbutin, Octinoxate, Vitamin E, Pine Bark Extract, Allantoin, Niacinamide",Apply a small amount to cleansed face twice daily,"Lightens skin tone, reduces dark spots and pigmentation, improves skin elasticity, and provides deep moisturization"
Dry,AirGel NMF-15% Moisturiser,Eczema,https://mycosiq.com/products/airgel-nmf-15-moisturiser-for-dry-skin-100ml,https://mycosiq.com/cdn/shop/products/airgel-nmf-15-moisturiser-for-dry-skin-100ml-470764.jpg?v=1673130386&width=1100,$180.00,CosIQ,"Natural Moisturizing Factors (NMF) Complex (15%), Hyaluronic Acid, Jojoba Oil, Allantoin, Panthenol (Vitamin B5)",Apply a small amount to cleansed face twice daily,"Hydrates and nourishes dry skin, strengthens the skin barrier, improves skin elasticity, and provides a lightweight, non-greasy feel"
Combination,Foxtale Essentials Multivitamin Rose Mist & Toner,Eczema,https://www.nykaa.com/foxtale-essentials-multivitamin-rose-mist-toner/p/13237690?ptype=product&skuId=13237690&utm_content=ads&utm_source=GooglePaid&utm_medium=PLA&utm_campaign=PerformanceMaxSkin_P1Brands&gad_source=1&gclid=CjwKCAiA6KWvBhAREiwAFPZM7kjmTJrlTweH_U3_Kv8EDhAw-B3xihlGmEchuoed2pFsT3ObHNdGLBoCfhkQAvD_BwE,https://m.media-amazon.com/images/I/71Ym59-JfrL.jpg,$120.00,Foxtale,"Niacinamide, Rose Extract, Vitamin C, Provitamin B5","After cleansing, spritz the mist over your face. Allow it to dry before applying moisturizer","Hydrates and brightens skin, soothes irritation, and provides antioxidant protection"
Normal,Foxtale Hydrating Face Wash,Healthy,https://foxtale.in/collections/shop/products/the-daily-duet-cleanser?_gl=1*jvatjb*_up*MQ..&gclid=CjwKCAiA6KWvBhAREiwAFPZM7hCCGXSuFykKdcgc3hByTBJx_gxc77mwDsjxrZ3kZkmEUuOVkGyArxoCRj4QAvD_BwE,https://cdn.shopify.com/s/files/1/0609/6096/4855/files/Product_1_PNG_3.png?v=1683790703,$150.00,Foxtale?,"Sodium Hyaluronate (a derivative of Hyaluronic Acid) for deep hydration, Panthenol (Vitamin B5) to soothe and moisturize, and gentle surfactants like Sodium Cocoamphoacetate and Decyl Glucoside for effective cleansing without stripping natural oils","Apply a coin-sized amount to damp face, gently massage in circular motions, and rinse thoroughly. Use daily, morning and night","Effectively removes makeup and impurities, deeply hydrates, maintains skin's natural moisture, and leaves skin feeling refreshed and glowing"
Oily,Foxtale Acne Control Cleanser with Salicylic Acid,Acne,https://foxtale.in/collections/shop/products/acne-control-cleanser?_gl=1*15p3ss3*_up*MQ..&gclid=CjwKCAiA6KWvBhAREiwAFPZM7hCCGXSuFykKdcgc3hByTBJx_gxc77mwDsjxrZ3kZkmEUuOVkGyArxoCRj4QAvD_BwE,https://cdn.kindlife.in/images/detailed/115/1_cqhr-4r.jpg?t=1692435307,$180.00,Foxtale,"2% Salicylic Acid (exfoliates and unclogs pores), Niacinamide (regulates oil production), Hyaluronic Acid (hydrates skin)","Apply a coin-sized amount to damp face, gently massage in circular motions, and rinse thoroughly. Use twice daily, morning and night","Controls oil production, kills acne-causing bacteria, unclogs pores, and provides hydration without drying the skin"
Combination,Dr.Sheth's Cica & Ceramide Overnight Repair Serum,Acne,https://www.drsheths.com/products/dr-sheths-cica-ceramide-overnight-repair-serum-30ml,"https://m.media-amazon.com/images/I/51t+j7V7g1S._AC_UF1000,1000_QL80_.jpg",$200.00,Dr. Sheth's?,"1% Ceramide Complex (restores skin barrier), 2% Squalane (rejuvenates and moisturizes), Centella Asiatica Extract (calms irritation), Hemp Oil (calming), Marula Oil (moisturizing)","Apply 1-2 pumps to cleansed face and neck at night, after toning. Follow with your night cream. Leave overnight","Repairs and restores skin barrier, moisturizes and rejuvenates skin, calms irritation and redness, suitable for all skin types including sensitive skin"
Dry,Elovera Cream,Eczema,https://pharmeasy.in/health-care/products/elovera-moisturizer-tube-of-75-g-11837?isSEM=True&utm_source=google&utm_medium=cpc&utm_campaign=DSA_Elovera_OTC_Brand&utm_adgroup=Elovera_Brand&gad_source=1&gclid=CjwKCAiA6KWvBhAREiwAFPZM7nF9VhtLx2_WJLiHuYAFU7k9UWyKfEEx3b-BQMv_QcTV5dkbti7yqhoCETQQAvD_BwE,https://cdn01.pharmeasy.in/dam/products_otc/241829/elovera-moisturizer-tube-of-75-g-2-1685975282.jpg?dim=700x0&dpr=1&q=100,$130.00,Glenmark?,"Aloe Vera Extract (rehydrates skin and enhances moisture retention), Vitamin E (moisturizes and protects skin from dehydration)","Apply a generous amount to cleansed skin, focusing on dry areas. Gently massage until fully absorbed. Use daily for best results","Rehydrates and moisturizes dry skin, reduces stretch marks, post-acne marks, post-pimple scars, freckles, and other skin stains"
Normal,REJUGLOW Face Wash,Acne,https://www.amazon.in/REJUGLOW-Face-Wash-100-ml/dp/B08B57MKSL?th=1,https://www.emedbucket.com/emedpro_img/uploads/product/main/humaridawai/1624619776_125154_0.jpg,$150.00,Rejuglow,"Glycolic Acid, Salicylic Acid, Aloe Vera Extract, Vitamin E, Witch Hazel Extract","Apply to wet face, gently massage avoiding the eye area, leave for 20-30 seconds, rinse thoroughly, and pat dry. Use twice daily","Exfoliates dead skin cells, unclogs pores, moisturizes, improves skin texture, reduces acne and hyperpigmentation"
Normal,Lotus Herbals ALPHAMOIST Skin Renewal Oil Free Moisturiser,Rosacea,https://www.lotusherbals.com/products/alphamoist-skin-renewal-oil-free-moisturiser,https://www.lotusherbals.com/cdn/shop/products/Lotus-Herbals1556-copy_600x.png?v=1688805230,$180.00,Lotus Herbals,"Grape Extract (natural astringent and antioxidant), Aloe Vera Extract (moisturizes and heals skin), Milk Enzymes (rejuvenate and nourish skin)","Apply to cleansed face and neck twice daily, morning and night, for best results","Provides intense hydration, rejuvenates and nourishes skin, has anti-inflammatory and soothing properties, suitable for all skin types"
Combination,Dot & Key Vitamin C + E SPF 50 Sunscreen,Eczema,https://www.dotandkey.com/products/dot-key-vitamin-c-e-spf-50-pa-face-sunscreen-for-glowing-skin-uv-protection-for-dull-skin,"https://m.media-amazon.com/images/I/51JDnu4MOvL._AC_UF1000,1000_QL80_.jpg",$210.00,Dot & Key?,"Triple Vitamin C (brightens skin and reduces pigmentation), Sicilian Blood Orange (antioxidant-rich), UV filters (protect against UVA, UVB, and blue light rays)","Apply generously on the face, neck, and other exposed areas at least 15 minutes before sun exposure. Reapply every 2-3 hours when exposed to the sun for extended periods","Provides broad-spectrum sun protection (SPF 50+ PA++++), brightens and evens skin tone, fights dullness and pigmentation, boosts collagen production, has a water-light texture with zero white cast, suitable for all skin tones"
Combination,Bello New Photostable Sunscreen Emulgel SPF 55+/PA++++,Eczema,https://www.clinikally.com/products/bello-new-photostable-sunscreen-emulgel,https://www.clinikally.com/cdn/shop/products/BelloNewPhotostableSunscreenEmulgel_03.jpg?v=1660060644&width=1000,$200.00,Bello?,Photostable UV filters (provide broad-spectrum protection against UVA and UVB rays),"Apply generously on the face, neck, and other exposed areas at least 15 minutes before sun exposure. Reapply every 2-3 hours when exposed to the sun for extended periods","Provides high sun protection (SPF 55+ PA++++), helps prevent tanning and premature aging, non-greasy formulation with an anti-sebum effect, suitable for all skin types"
Combination,Svashudhi Charcoal Face pack,Rosacea,https://svashudhi.com/products/charcoal-pack,https://svashudhi.com/cdn/shop/files/CharcoalFacepack10801080_1024x1024.png?v=1690899749,$250.00,Svashudhi?,"Activated Charcoal (absorbs toxins and impurities), Neem (antibacterial properties), Pulse, Lodra, Kachora, Kasturi Harishina, Manjista","Apply an even layer to cleansed face, avoiding the eye area. Leave on for 10-15 minutes until dry. Rinse thoroughly with water. Use 1-2 times a week","Detoxifies skin by removing impurities, unclogs pores, controls excess oil, and promotes a clearer complexion"
Oily,Zscreen Zinc Oxide Sunscreen Gel,Eczema,https://pharmeasy.in/health-care/products/z-screen-sunscreen-gel-50ml-173540,https://www.cureka.com/wp-content/uploads/2019/11/Layer_19-5-1-600x600.jpg,$300.00,Ethicare Remedies,"Zinc Oxide (25%) (provides broad-spectrum UVA and UVB protection), Glycerin (moisturizes skin), Vitamin E Acetate (antioxidant properties)","Apply generously on the face, neck, and other exposed areas at least 15 minutes before sun exposure. Reapply every 2-3 hours when exposed to the sun for extended periods","Provides high sun protection (SPF 50+ PA+++), helps prevent tanning and premature aging, non-greasy formulation with an anti-sebum effect, suitable for all skin types"
Dry,Elements Wellness 3 in 1 Face Wash  with Tea Tree Oil & Vitamin E,Acne,https://www.bigvalueshop.com/product/elements-wellness-3-in-1-face-wash/,https://www.bigvalueshop.com/wp-content/uploads/2020/11/Elements-Wellness-3-in-1-Face-Wash_cover-768x698.jpeg,$350.00,Elements Wellness,"Salicylic Acid (exfoliates and unclogs pores), Tea Tree Oil (antibacterial properties), Pro Vitamin B5, Vitamin E, Aloe Vera, Mineral Complex (moisturize and nourish skin)","Apply a small amount to wet face and neck, gently massage in circular motions, rinse thoroughly with water, and pat dry. Use twice or thrice daily for best results","Cleanses excess oil, dirt, and acne-causing bacteria; helps prevent pimples and acne; keeps skin moisturized and youthful with a visible glow"
Normal,PURE ELEMENTS Neem Clove Anti Acne Face Wash Neemwash Neem & Clove Ultra Purifying Face Wash,Acne,https://www.amazon.in/ELEMENTS-Clove-Neemwash-Ultra-Purifying/dp/B0B1ZXD73B/ref=sr_1_8?dib=eyJ2IjoiMSJ9.Efu80Gf5Em9RBxGB6jZy3V64Acb4dM5U0nzaLwIDtLt4R195jFpI85TYDfpmUdjo-52rr9WCUXVvgkr7a7e5EVgqfWd5YrP0pLe3BvHnYdhNUIeRR7CJxkdJuEVxVRk7JEQ_uN4ZtnUlJVE5FyeRLFHIEheCLti6gqFY9lw62tFyiVty9glDiDtWoI83mUxFUaDHrMYe6KsboD_yxgXi_Cy5OuBdy9Lsd5do4OMoSo0FkzEOVibX9b8BVfrXxBoYH6_yHpr-fehpGjWcWTe3TejFllqZ2MJFqb28XZE-Bp0.-_XoypLjpEOzsG9h1GehS_5ZxmuVTjJDfpjQqhg0WZ0&dib_tag=se&keywords=elements+face+wash&qid=1709867819&sr=8-8,https://m.media-amazon.com/images/I/61MrSL1SaIL._SX522_.jpg,$150.00,Pure Elements,"Neem, Wild Turmeric, Clove, Tea Tree Oil (antibacterial properties)","Apply a small amount to wet face, gently massage in circular motions, rinse thoroughly with water, and pat dry. Use twice daily","Removes excess oil, purifies acne-prone skin, controls acne, soap-free, free from parabens and harsh chemicals"
Dry,Indus Valley Ultra Rich Replenishing Face Scrub,Rosacea,https://www.buyindusvalley.in/collections/scrubs/products/ultra-rich-replanishing-shea-butter-fruit-scrub,https://www.buyindusvalley.in/cdn/shop/products/FaceScrub.jpg?v=1643959302,$180.00,Indus Valley,"Shea Butter, Fruit Extracts (deep nourishment, gentle exfoliation)","Apply to damp skin, massage gently in circular motions, rinse off with water. Use 2-3 times a week","Hydrates, exfoliates dead skin, improves skin texture, suitable for all skin types"
Normal,Kama Aryuveda Anti Acne Spot Corrector,Acne,https://www.kamaayurveda.in/anti-acne-spot-corrector.html,"https://static.kamaayurveda.in/cdn-cgi/image/width=640,format=auto/pub/media/catalog/product/cache/378129b977c0447474b52f397234ee02/a/n/anti-acne-spot-corrector-15ml-tube_600x600px.png",$220.00,Kama Ayurveda,"Neem, Tea Tree, Zinc Oxide (anti-inflammatory, antibacterial)",Apply a small amount directly on acne spots. Use twice daily,"Reduces acne, soothes inflammation, controls excess oil, prevents future breakouts"
Oily,Kama Aryuveda Sensitive Skin Cleansing Foam,Healthy,https://www.kamaayurveda.in/sensitive-skin-cleansing-foam.html,"https://static.kamaayurveda.in/cdn-cgi/image/width=640,format=auto/pub/media/catalog/product/cache/378129b977c0447474b52f397234ee02/n/e/new-mini-catalogue-images_sensitive-skin-cleansing-foam_800x800px.png",$250.00,Kama Ayurveda,"Sandalwood, Aloe Vera, Calendula (soothing, hydrating, anti-inflammatory)","Apply to damp skin, massage gently, rinse off with water. Use twice daily","Gently cleanses, calms sensitive skin, reduces redness, hydrates and refreshes"
Oily,Mamaearth Anti-Pollution Daily Face Cream,Acne,https://trykiya.com/products/mamaearth-anti-pollution-daily-face-cream-80gm,https://trykiya.com/cdn/shop/products/10-anti-pollution-daily-face-cream-80gm-1.jpg?v=1674631392&width=823,$180.00,Mamaearth,"Turmeric, Pollustop®, Aloe Vera (antioxidant, protective, hydrating)",Apply evenly on cleansed face and neck. Use daily,"Shields from pollution, hydrates skin, reduces damage, suits all skin types"
Combination,La Pink White Haldi Ubtan Face Mask,Acne,https://www.myntra.com/mask-and-peel/la+pink/la-pink-white-haldi-ubtan-face-mask-with-kesar-sandalwood--barley-extract---100gm/23906538/buy,"https://m.media-amazon.com/images/I/61TyjJgHmFL._AC_UF1000,1000_QL80_.jpg",$220.00,La Pink,"White Haldi, Kesar, Sandalwood, Barley Extract (brightening, soothing, nourishing)","Apply an even layer on the face, leave for 10-15 minutes, rinse off. Use 2-3 times a week","Brightens skin, reduces pigmentation, soothes and nourishes, improves texture"
Normal,Mcaffeine Hydra Repair Kombucha Tea Sunscreen SPF 50 PA++++ with Ceramides,Eczema,https://www.mcaffeine.com/products/kombucha-hydra-repair-sunscreen-spf-50-pa-with-hyaluronic-acid-ceramide-50-ml,https://cdn01.pharmeasy.in/dam/products_otc/T44216/mcaffeine-kombucha-hydra-repair-sunscreen-spf-50-pa-50ml-2-1702875929.jpg,$250.00,mCaffeine,"Kombucha, Hyaluronic Acid, Ceramide (hydrating, repairing, protecting)",Apply generously on face & neck 15 minutes before sun exposure. Reapply every 2-3 hours,"Provides SPF 50 PA+++, hydrates, repairs skin barrier, protects from UV damage"
Dry,Aquasoft FC Advanced Facial Cream,Psoriasis,https://www.clinikally.com/products/aquasoft-fc-advance-facial-cream?currency=INR&variant=44113696620791&utm_medium=cpc&utm_source=google&utm_campaign=Google%20Shopping&stkn=aa4fff04d0da&utm_campaign=P-Max&utm_source=Google&utm_medium=Shopping+Ad&gad_source=1&gclid=Cj0KCQiArrCvBhCNARIsAOkAGcXHfxdTAp2ayRm1HKsY9aaj8zG2ixMdzWtD_JqvBsDYadyOIXeVaXIaAjOAEALw_wcB,https://www.clinikally.com/cdn/shop/files/Aquasoftfcadvancedfacialcream60g_2.jpg?v=1699437254&width=1000,$300.00,Aquasoft,"Ceramides, Emollients (deep hydration, skin barrier repair)",Apply evenly on face & neck after cleansing. Use daily,"Intense hydration, restores skin barrier, keeps skin soft & nourished"
Oily,Excela Moisturiser for Oily & Acne Prone Skin,Acne,https://www.clinikally.com/products/excela-moisturiser-for-oily-acne-prone-skin,https://www.clinikally.com/cdn/shop/products/Excelamoisturiser50g.jpg?v=1668666817&width=1000,$200.00,Excela,"Niacinamide, Enantia Chlorantha Bark Extract, Oleanolic Acid, Myristyl Malate Phosphonic Acid, Zinc PCA, Glycerine","Shake well before use. Dispense 1 g onto palm, apply liberally on face, and gently massage for 30 seconds. Use morning after bath and night before bedtime","Reduces sebum secretion, minimizes enlarged pores, hydrates skin, regulates oil production, and prevents acne formation"
Oily,Acnemoist Cream,Acne,https://www.1mg.com/otc/acnemoist-cream-for-sensitive-acne-prone-oily-skin-otc340541,https://images.apollo247.in/pub/media/catalog/product/A/C/ACN0181_1_3.jpg,$250.00,Acnemoist,"Jojoba Oil, Avocado Oil, Glycerin, Vitamin E, SPF Protection","Apply a small amount to clean, dry skin and massage gently until absorbed. Use daily for best results","Hydrates sensitive, acne-prone, and oily skin, provides sun protection, reduces redness, and prevents excessive dryness"
Dry,Plum Grape Seed & Sea Buckthorn Renaissance Face Mask,Psoriasis,https://plumgoodness.com/products/grape-seed-sea-buckthorn-renaissance-face-mask,https://plumgoodness.com/cdn/shop/products/6.GSSBFaceMask-1.jpg?v=1630923727&width=900,$300.00,Plum Goodness,"Grape Seed Oil, Sea Buckthorn Oil, Kaolin Clay, Glycolic Acid","Apply an even layer on cleansed skin, leave for 15-20 minutes, and rinse off with lukewarm water. Use 1-2 times a week","Deeply nourishes, brightens skin, exfoliates dead cells, and provides antioxidant protection"
Normal,Plum Chamomile & White Tea Plush Night Souffle,Eczema,https://plumgoodness.com/products/chamomile-white-tea-plush-night-souffle,https://plumgoodness.com/cdn/shop/products/9.CWTNight-1.jpg?v=1630920190&width=900,$120.00,Plum,"Chamomile (soothes), White Tea (antioxidant), Argan Oil (nourishes), Kokum Butter (moisturizes)","Apply on cleansed face before bed, massage, and leave overnight","Hydrates, soothes, protects, and nourishes. Lightweight & non-greasy"
Oily,Plum Phy Green Tea Face Mask,Acne,https://plumgoodness.com/products/phy-green-tea-face-mask-for-oily-acne-prone-skin,https://plumgoodness.com/cdn/shop/products/GT-Face-Mask_Website-Images_01.jpg?v=1689148743&width=900,$150.00,Phy (by Plum),"Green Tea (antioxidant, fights acne), Glycolic Acid (exfoliates), Kaolin & Bentonite Clays (absorb oil & impurities)","Apply evenly on cleansed face, leave for 15-20 mins, rinse with lukewarm water. Use 1-2 times a week","Controls oil, reduces acne, unclogs pores, and brightens skin"
Combination,Plum Grape Seed & Sea Buckthorn Mild Foam Scrub,Eczema,https://plumgoodness.com/products/grape-seed-sea-buckthorn-mild-foam-scrub-1,https://plumgoodness.com/cdn/shop/products/3.GSSBScrub-1.jpg?v=1630923703&width=900,$180.00,Plum,"Grape Seed Oil (antioxidant), Sea Buckthorn Oil (heals & hydrates), Cellulose Beads (gentle exfoliation)","Apply on wet face, massage gently, lather, and rinse. Use 1-2 times daily","Deep cleanses, exfoliates, brightens skin, and suits all skin types"
Oily,Plum Green Tea Gentle Revival Face Scrub,Eczema,https://plumgoodness.com/products/green-tea-gentle-revival-face-scrub,https://plumgoodness.com/cdn/shop/products/1.GTScrub-1.jpg?v=1630923648&width=900,$200.00,Plum,"Green Tea (fights acne), Glycolic Acid (exfoliates), Walnut Shell Powder (gentle scrub), Aloe Vera (soothes)","Apply on wet face, massage gently, rinse off. Use 1-2 times a week","Controls oil, fights acne, exfoliates, hydrates, and refreshes skin"
Normal,Plum Bulgarian Valley Rose Water Toner,Healthy,https://plumgoodness.com/products/bulgarian-valley-rose-water-toner-100-ml,https://plumgoodness.com/cdn/shop/products/02whitebackground_2.png?v=1630923278&width=900,$110.00,Plum,"Rose Water (soothes), Glycerin (hydrates), Hyaluronic Acid (plumps), Witch Hazel (tightens pores)",Apply with a cotton pad after cleansing. Use twice daily,"Hydrates, soothes, tightens pores, and balances skins pH"
Oily,Plum 3% PHA Toner with Blueberry,Healthy,https://plumgoodness.com/products/pha-toner-with-blueberry,https://plumgoodness.com/cdn/shop/products/WBG_Front_c539682b-9500-45ce-90fb-4e601c3cddfd.jpg?v=1689138232&width=900,$130.00,Plum,"Gluconolactone (3% PHA, gentle exfoliation), Blueberry Extract (antioxidant), Niacinamide (1%, improves skin texture), Aloe Vera Juice (soothes)","After cleansing, apply toner to face and neck using a cotton pad or fingertips. Allow it to absorb before applying moisturizer. Use twice daily, morning and night","Gently exfoliates, smoothens skin texture, tightens pores, controls breakouts, and hydrates skin"
Combination,Plum 1% Oat & Allantoin Deep Nourish Face Wash,Rosacea,https://plumgoodness.com/products/1-oat-allantoin-deep-nourish-face-wash-nourishes-soothes-protects-skin-restores-skin-barrier-non-drying-with-vitamin-f-b5-100-vegan,https://m.media-amazon.com/images/I/61oB7c35MtL.jpg,$60.00,Plum,"Oat Kernel Extract (1%, soothes & strengthens skin barrier), Allantoin (calms irritation), Vitamin F (Linoleic & Linolenic Acids, moisturizes), Panthenol (Vitamin B5, hydrates)","Apply  on wet face, rinse off, and pat dry. Use twice daily","Gently cleanses without drying, nourishes, soothes, protects skin, and restores skin barrier"
Dry,Plum Hello Aloe Caring Day Moisturizer,Eczema,https://plumgoodness.com/products/hello-aloe-caring-day-moisturizer,https://plumgoodness.com/cdn/shop/products/3.HAMoisturizer-1.jpg?v=1630925406&width=900,$180.00,Plum,"Aloe Vera Juice (soothes & hydrates), Glycerin (moisturizes), Caprylic/Capric Triglyceride (emollient)",Apply on cleansed face and neck every morning,"Moisturizes, soothes, and protects skin; suitable for normal, dry, sensitive, and combination skin types"
Combination,Pratha Beige Multani Clay,Rosacea,https://www.myntra.com/mask-and-peel/pratha/pratha-beige-multani-clay-/15533928/buy,https://5.imimg.com/data5/SELLER/Default/2021/3/TT/AH/TX/98413722/multani-clay-250x250.jpg,$120.00,Pratha,Multani Mitti (Fullers Earth),"Mix with water/rose water, apply to face, leave for 10-15 mins, rinse off. Use 1-2 times a week","Absorbs oil, unclogs pores, removes impurities, brightens skin"
Oily,Tattvalogy Saraswati River Basin Dead Sea Mud Clay Face Mask,Acne,https://www.myntra.com/mask-and-peel/tattvalogy/tattvalogy-cruelty-free--vegan-saraswati-river-basin-dead-sea-mud-clay-face-mask---175-g/19222500/buy,https://cdn.shopify.com/s/files/1/0328/8134/4651/products/Rhassoul-Clay-white-100g-1_384x384.jpg?v=1630041986,$150.00,Tattvalogy,Dead Sea Mud (detoxifies & purifies),"Mix with water/rose water, apply to face, leave for 10-15 mins, rinse off. Use 1-2 times a week","Removes impurities, unclogs pores, improves circulation, treats acne & scars"
Dry,La Pink White Haldi Face Toner with Kakadu Plum,Acne,https://www.myntra.com/toner/la+pink/la-pink-ideal-bright-white-haldi-face-toner-with-kakadu-plum---100-ml/23916812/buy,https://rukminim2.flixcart.com/image/850/1000/xif0q/toner/n/q/u/100-ideal-bright-face-toner-100-microplastic-free-white-haldi-original-imagzfyhcgjsg54n.jpeg?q=20&crop=false,$180.00,La Pink,"Kakadu Plum (brightens), White Haldi (anti-inflammatory), Mulberry Extract (reduces dark spots)","Apply with cotton pad after cleansing, use twice daily","Brightens skin, reduces pigmentation, hydrates, tightens pores, balances pH"
Dry,Ponds Super Light Gel Oil Free Moisturiser With Hyaluronic Acid + Vitamin E,Healthy,https://www.amazon.in/Moisturizer-Hyaluronic-Hydration-Non-Sticky-Instantly/dp/B09Z6TJP7Y,"https://m.media-amazon.com/images/I/510hKTXuPpL._AC_UF1000,1000_QL80_.jpg",$200.00,Neutrogena?,"Hyaluronic Acid (intense hydration), Glycerin (moisturizes)?","Apply evenly to face and neck after cleansing, morning and night","Provides 24-hour hydration, lightweight, non-sticky, oil-free, suitable for all skin types"
Dry,VELOMOSK Deep Moisturiser with Grapeseed Oil & Honey,Healthy,https://www.myntra.com/day-cream/velomosk/velomosk-deep-moisturiser-with-grapeseed-oil--honey-100-ml/18329050/buy,https://m.media-amazon.com/images/I/41AiZJAtI9L._SL1000_.jpg,$130.00,Velomosk?,"Grapeseed Oil (hydrates, balances), Honey (moisturizes, soothes), Vitamin C (brightens)","Apply to face and neck after cleansing, morning & night","Deep hydration, improves texture, enhances glow, protects skin"
Oily,Fixderma Cleovera Paraben Free Skin Moisturizer Cream with Aloe Vera,Psoriasis,https://www.myntra.com/day-cream/fixderma/fixderma-cleovera-paraben-free-skin-moisturizer-cream-with-aloe-vera---60gm/16804422/buy,https://m.media-amazon.com/images/I/41VI+e75dYL.jpg,$150.00,Fixderma?,"Aloe Vera (soothes, hydrates), Retinol (renews skin), Vitamin E (protects), Shea Butter (moisturizes)","Apply to cleansed skin daily, focusing on dry areas","Deep hydration, soothes irritation, supports healing, ideal for sensitive skin"
Normal,"Luxura Sciences Salicylic Acid 2% Face Serum, Niacinamide Serum",Healthy,https://www.amazon.in/dp/B08NVW51KQ/ref=cm_sw_r_cp_apa_glt_fabc_dl_53EWFCZ4GZAYPX8184F0,https://m.media-amazon.com/images/I/61mSd+KfhKL._SL1294_.jpg,$180.00,Luxura Sciences,"Salicylic Acid (exfoliates, unclogs pores), Niacinamide (evens tone), Aloe Vera (hydrates), Tea Tree Oil (fights acne)","Apply to cleansed face at night, focusing on acne-prone areas","Reduces acne, controls oil, minimizes pores, improves skin texture"
Oily,Deconstruct Breakout Control D.S. Serum,Healthy,https://thedeconstruct.in/products/breakout-control-double-strength-serum,https://m.media-amazon.com/images/I/61J8X+XmNzL.jpg,$210.00,Deconstruct,"5% Succinic Acid,8% Potassium Azeloyl Diglycinate (PAD)","Apply 2-3 drops on a cleansed face, focusing on acne-prone areas, once daily at night","Targets active acne, prevents future breakouts, and improves overall skin texture"
Normal,Lacto Calamine Face Toner With Cucumber,Rosacea,"https://www.amazon.in/Lacto-Calamine-Cucumber-Niacinamide-hydrated/dp/B09S6L8ZPJ?crid=1O5GL5BBXB9GR&keywords=toner+oily+skin&qid=1697870060&sprefix=Toner+oi,aps,222&sr=8-7&linkCode=sl1&tag=1312199908-21&linkId=e427bd42b415a232d43eb0f6641b13d6&language=en_IN&ref_=as_li_ss_tl",https://m.media-amazon.com/images/I/51XfFgsBFjL._SL1500_.jpg,$200.00,Lacto Calamine,"Niacinamide (oil control), Cucumber (hydrates), Green Tea (antioxidant), Aloe Vera (soothes)",Apply on cleansed face with a cotton pad,"Tightens pores, controls oil, hydrates, and refreshes skin"
Oily,RE' EQUIL Oil Control Face Wash,Healthy,"https://www.amazon.in/Reequil-Sulphate-Controls-Excessive-Production/dp/B07GKRYL18?crid=2DS1OC0LVKFMU&keywords=oily+skin+face+wash&qid=1697869959&sprefix=oily+skin+face+wash,aps,213&sr=8-12&linkCode=sl1&tag=1312199908-21&linkId=dc047d295eedacf31dedad4e84466263&language=en_IN&ref_=as_li_ss_tl",https://m.media-amazon.com/images/I/51T9AxpQefL._SL1500_.jpg,$250.00,Re'equil,"Cocamidopropyl Betaine (gentle cleanser), Sodium Lauroyl Methyl Isethionate (mild surfactant), Decyl Glucoside (natural cleanser), Zinc PCA (controls oil production)","Apply to wet face, massage gently, and rinse. Use twice daily","Controls excess oil, prevents acne, gentle on skin, soap and sulfate-free"
Combination,BeBodywise 1% Peptide & Ceramide Moisturizer,Eczema,https://bebodywise.com/product/1-peptide-ceramide-moisturizer,https://images-static.nykaa.com/media/catalog/product/8/c/8c1b8eeBEBOD00000008_1abc.jpg?tr=w-500,$300.00,Be Bodywise,"Peptides (boost collagen), Ceramides (retain moisture), Hyaluronic Acid (hydrates), Allantoin (soothes)","Apply to cleansed face and body, morning and night","Repairs skin barrier, provides up to 72-hour hydration, reduces fine lines, and soothes inflamed skin"
Dry,BeBodywise Broad Spectrum SPF 30 Sunscreen,Rosacea,https://bebodywise.com/product/broad-spectrum-sunscreen,https://m.media-amazon.com/images/I/61XbOyaqdAL.jpg,$350.00,Be Bodywise,"SunCat DE (UV protection), Probiotics (boosts skin barrier), AcZero (oil control)",Apply evenly before sun exposure,"Broad-spectrum SPF 50, lightweight, non-greasy, and acne-friendly"
Combination,Pure Bubbles Niacinamide & Zinc PCA Facewash,Acne,https://purebubblesskincare.com/products/niacinamide-zinc-pca-face-wash,https://purebubblesskincare.com/cdn/shop/products/niacinamide-zinc-pca-facewash-175342.jpg?v=1708783709&width=990,$150.00,Pure Bubbles,"Niacinamide (3%),Zinc PCA (1%),Glycerin (5%),Earth Marine Water","Apply to wet face, gently massage, and rinse. Use twice daily","Gently cleanses without stripping natural oils, controls excess oil, hydrates, and supports a healthy skin barrier"
Normal,Pure Bubbles Bamboo Charcoal Face Wash,Acne,https://purebubblesskincare.com/products/bamboo-charcoal-face-wash,https://purebubblesskincare.com/cdn/shop/products/bamboo-charcoal-face-wash-324536.jpg?v=1709792705&width=990,$180.00,Pure Bubbles?,"Bamboo Charcoal (deep cleanses), Basil Extract (soothes), Calendula Extract (calms), Chamomile Extract (reduces irritation)","Apply to wet face, gently massage, and rinse","Deeply cleanses pores, removes impurities, soothes acne-prone skin, and promotes a radiant complexion"
Combination,Pure Bubbles 5% Vitamin C Brightening Skin Serum,Psoriasis,https://purebubblesskincare.com/products/vitamin-c-brightening-skin-serum-all-skin-types,"https://www.jiomart.com/images/product/original/rvslbwimed/pure-bubbles-skincare-vitamin-c-brightening-skin-serum-30-ml-product-images-orvslbwimed-p596484848-0-202303260653.png?im=Resize=(1000,1000)",$220.00,Pure Bubbles,"Vitamin C (brightens), Licorice Root (evens tone), Centella Asiatica (soothes), Hyaluronic Acid (hydrates)","Apply after cleansing, follow with moisturizer & sunscreen","Reduces dark spots, brightens skin, hydrates, and improves texture"
Dry,Fixderma Shadow  SPF 50 + Cream,Psoriasis,https://www.fixderma.com/products/shadow-sunscreen-for-dry-skin-spf-50-cream,https://www.skinpharmacy.in/wp-content/uploads/2020/11/SHADOW-SPF50-75GM.png,$250.00,Fixderma,"Avobenzone (UVA protection), Octinoxate (UVB protection), Octocrylene (stabilizes other sunscreen agents)","Apply generously on the face and body 15 minutes before sun exposure. Reapply every 2 hours, especially after swimming or sweating","Provides broad-spectrum UV protection, moisturizes dry skin, non-comedogenic, oil-free, non-greasy, easily blendable, and leaves no white cast"
Oily,Fixderma Shadow Sunscreen A-Gel SPF 30,Psoriasis,https://www.fixderma.com/products/shadow-sunscreen-a-gel-spf-30,https://m.media-amazon.com/images/I/41JB+DWOZ9L._SY300_SX300_.jpg,$180.00,Fixderma,"Aloe Vera (soothes), Neo Heliopan Hydro (UV protection), Benzophenone-4 (UV filter), Zinc Oxide (physical sunscreen), Niacinamide (anti-inflammatory)",Apply generously on the face and neck 15 minutes before sun exposure,"Non-comedogenic, non-greasy, suitable for acne-prone and sensitive skin, offers long-lasting broad-spectrum UV protection"
Normal,Fixderma 10% Tranexamic Acid Pigment Correcting Face Serum,Eczema,https://www.fixderma.com/products/tranexamic-acid-serum-for-pigmentation,https://5.imimg.com/data5/SELLER/Default/2023/8/333346490/KQ/TS/HR/25501738/fixderma-pigment-correcting-face-serum-for-melasma-acne-spots-15g.jpg,$220.00,Fixderma?,"Tranexamic Acid (inhibits melanin production), Kojic Acid Dipalmitate (lightens dark spots), Alpha Arbutin (brightens skin), Vitamin C (antioxidant), Phytic Acid (exfoliates), Nanocurcumin (anti-inflammatory)","Apply a few drops to cleansed face and neck, morning and night. Follow with moisturizer and sunscreen during the day","Reduces hyperpigmentation, fades acne scars, diminishes dark spots, and promotes a clear, radiant complexion. Suitable for all skin types"
Dry,Suganda SQUALANE CLEANSING OIL,Psoriasis,https://suganda.co/products/squalane-cleansing-oil?variant=39981780140107,https://suganda.co/cdn/shop/products/SCO_Final_1280x.jpg?v=1679744110,$250.00,Suganda,"Caprylic/Capric Triglyceride (emollient), PEG-20 Glyceryl Triisostearate (emulsifier), Squalane (moisturizes), Hemp Oil (nourishes), Tocopherol (Vitamin E, antioxidant)",Massage 1-2 pumps onto dry face for 1-2 minutes. Rinse with water. Follow with a gentle face wash if needed,"Effectively melts makeup, unclogs pores, hydrates skin, and leaves it soft and supple"
Dry,Suganda HYDRATING OAT PHA CLEANSER,Rosacea,https://suganda.co/products/hydrating-oat-pha-cleanser,https://suganda.co/cdn/shop/products/HydratingOatPHACleanser_1280x.jpg?v=1680262001,$300.00,Suganda?,"4% PHA (Gluconolactone),Colloidal Oat Extract,Panthenol (Vitamin B5),Calendula Extract","Apply a small amount to damp face, gently massage in circular motions, and rinse with water. Suitable for daily use, morning and night","Gently cleanses without stripping natural oils, provides mild exfoliation, soothes and hydrates, leaving skin soft and balanced"
Combination,Suganda TOTAL DEFENCE SUNSCREEN SPF 50 PA++++ with Antioxidants,Rosacea,https://suganda.co/products/total-defence-sunscreen?variant=40037479219275,https://suganda.co/cdn/shop/files/Slide_01copy_2_1280x.jpg?v=1689339568,$200.00,Suganda,"Tinosorb M,Niacinamide,Hyaluronic Acid,Vitamin E","Apply generously on the face and neck 15 minutes before sun exposure. Reapply every 2 hours, especially after swimming or sweating","Offers SPF 50 PA++++ broad-spectrum protection, moisturizes, brightens, and protects against sun damage. Suitable for all skin types"
Normal,The Papaya Project Hydrating Face Serum,Healthy,https://thepapayaproject.com/products/hydrating-face-serum,https://halfcirclefull.com/cdn/shop/products/1_9af20fdd-be8f-4527-b3e9-755eb7efb38c.jpg?v=1669962151&width=1797,$250.00,The Papaya Project,"Niacinamide,Hyaluronic Acid,Mulberry Extract,Grapefruit Extract","Apply 5-6 drops to cleansed face and neck, morning and night. Follow with sunscreen during the day","Hydrates, brightens, reduces fine lines, and firms skin. Suitable for all skin types"
Dry,Be Minimalist SPF 50 Sunscreen Stick,Psoriasis,https://beminimalist.co/products/spf-50-sunscreen-stick,https://beminimalist.co/cdn/shop/products/Stickmailimage-min_900x.png?v=1674808943,$300.00,Minimalist?,"Diethylamino Hydroxybenzoyl Hexyl Benzoate (UVA filter), Ethylhexyl Triazone (UVB filter), Niacinamide (Vitamin B3), Tocopherol (Vitamin E)","Apply the stick directly to all exposed skin areas 15 minutes before sun exposure. Reapply every 2 hours, especially after swimming or sweating","Provides broad-spectrum SPF 50 protection, moisturizes with a non-greasy finish, suitable for all skin types, and offers convenient on-the-go application"
Dry,Happier Sunscreen Stick SPF 50 PA+++,Psoriasis,https://www.amazon.in/Happier-Sunscreen-Lightweight-Non-Greasy-Non-Sticky/dp/B0C3HWVB9J,https://m.media-amazon.com/images/I/61b1B+Q4+6L._SL1500_.jpg,$350.00,Happier?,Not specified,"Apply generously to all exposed skin areas 15 minutes before sun exposure. Reapply every 2 hours, especially after swimming or sweating","Provides broad-spectrum SPF 50+ PA+++ protection, lightweight, quick-absorbing, non-greasy, non-sticky, water-resistant, suitable for all skin types"
Combination,Dot & Key Strawberry Dew Sunscreen Stick SPF 50,Psoriasis,https://www.dotandkey.com/products/strawberry-sunstick,"https://m.media-amazon.com/images/I/61eDvmIG1jL._AC_UF1000,1000_QL80_.jpg",$150.00,Dot & Key,"Strawberry Extract,Hyaluronic Acid,Ceramides,UV Filters","Apply the stick directly to all exposed skin areas 15 minutes before sun exposure. Reapply every 2 hours, especially after swimming or sweating","Provides broad-spectrum SPF 50+ PA++++ protection,Offers a non-greasy, invisible finish suitable for all skin types,Strengthens the skin barrier and delivers 120 minutes of water and sweat resistance,Fragrance-free and non-comedogenic, making it ideal for sensitive skin"
Normal,AQUA SURGEÂ® CLEAR SUNSTICK SPF 60 SUNSCREEN,Psoriasis,https://earthrhythm.com/products/aqua-surge-sunstick-spf-60-sunscreen-stick?gad_source=1&gclid=Cj0KCQiArrCvBhCNARIsAOkAGcUzboxGkCv1SIkbrMZi3Obg3slFA92b-maxCByg19xADFcVMJy5PcsaAnUmEALw_wcB,https://images-static.nykaa.com/media/catalog/product/9/c/9c089ceEARAA00000402ab_1.jpg?tr=w-500,$180.00,Earth Rhythm,"Ceramides (moisturizes), Hyaluronic Acid (plumps), Sunscreen Agents (SPF 60)",Apply directly to exposed skin 15 mins before sun exposure. Reapply every 2 hours,"Broad-spectrum SPF 60, non-greasy, no white cast, travel-friendly"
Normal,La Shield Intense Hydrating Cream Probiotic Moisturizer,Healthy,https://www.nykaa.com/la-shield-intense-hydrating-cream-probiotic-moisturizer/p/7565348?skuId=7565344,"https://www.jiomart.com/images/product/original/rvmxbj1l98/la-shield-intense-hydrating-cream-probiotic-moisturizer-100-gm-product-images-orvmxbj1l98-p596813417-0-202212310312.jpg?im=Resize=(420,420)",$220.00,La Shield,"Glycerin (hydrates), Shea Butter (nourishes), Probiotics (balances skin), Vitamin E (protects)","Apply to face & neck as needed, especially after washing","72-hour hydration, restores skin barrier, lightweight, non-sticky, protects from pollution & UV"
Oily,Acnestar Clindamycin & Nicotinamide Gel,Acne,https://www.1mg.com/otc/acnestar-clindamycin-nicotinamide-gel-otc358988,"https://onemg.gumlet.io/l_watermark_346,w_480,h_480/a_ignore,w_480,h_480,c_fit,q_auto,f_auto/c2eac464265e488583204c45eea01e6d.jpg",$250.00,Acnestar,"Clindamycin (antibacterial), Nicotinamide (anti-inflammatory)",Apply a thin layer on cleansed skin twice daily,"Treats acne, reduces redness & swelling, prevents new breakouts"
Dry,Angelskin Cream with 15% Glycerin,Rosacea,https://www.1mg.com/otc/angelskin-cream-with-15-glycerin-for-dry-skin-otc321320,"https://onemg.gumlet.io/l_watermark_346,w_480,h_480/a_ignore,w_480,h_480,c_fit,q_auto,f_auto/cropped/fnm5bzi8jedrqwjyevug.png",$120.00,Angelskin,15% Glycerin,Apply as needed to dry skin areas,"Deeply moisturizes, restores skin barrier, soothes and softens dry, rough skin"
Oily,Kozicare Skin Lightening Cream,Psoriasis,https://www.1mg.com/otc/kozicare-skin-lightening-cream-otc676131,https://cdn.fcglcdn.com/brainbees/images/products/zoom/11297882a.jpg,$150.00,Kozicare,"Kojic Acid (3%),Vitamin C,Mulberry Extract (2%),Liquorice (0.5%),Glutathione","Apply a thin layer to cleansed skin, focusing on areas with uneven pigmentation, twice daily","Reduces the appearance of dark spots, age spots, and sun damage,Evens out skin tone and brightens complexion,Moisturizes the skin, keeping it healthy and hydrated"
Dry,Sorilast Cream,Eczema,https://www.1mg.com/otc/sorilast-cream-otc846238,https://m.media-amazon.com/images/I/71v7NjSmMjL.jpg,$180.00,Sorilast,"Salicylic Acid, Urea",Apply to affected areas as directed by a dermatologist,"Exfoliates, hydrates, soothes dry & irritated skin, helps manage psoriasis & eczema"
Oily,Bio:Cule Oil Clear Purifying Cleanser,Psoriasis,https://biocule.com/products/oil-clear-purifying-cleanser?variant=41206065561715&currency=INR&utm_medium=product_sync&utm_source=google&utm_content=sag_organic&utm_campaign=sag_organic&gad_source=1&gclid=CjwKCAiA0bWvBhBjEiwAtEsoW1DtMWxGRcRcw6JkVpiD_MK0RVzJPVegFW7hv5Ky35elVNBJ-sYKEhoClZkQAvD_BwE,https://m.media-amazon.com/images/I/71DpTAt5piL.jpg,$200.00,Biocule,"Salicylic Acid, Niacinamide, Green Tea","Apply to damp skin, massage gently, rinse off. Use twice daily","Controls oil, unclogs pores, prevents acne, and refreshes skin"
Oily,Mul Secrets Wellness Hydrate Skin Hydration Mask,Eczema,https://www.amazon.in/Mul-Secrets-Brightening-Moisturiser-Hyaluronic/dp/B0CH8NZ29V/ref=asc_df_B0CH8NZ29V/?tag=googleshopdes-21&linkCode=df0&hvadid=666271895703&hvpos=&hvnetw=g&hvrand=1051787724762757732&hvpone=&hvptwo=&hvqmt=&hvdev=c&hvdvcmdl=&hvlocint=&hvlocphy=9040242&hvtargid=pla-2263811487094&psc=1&mcid=76a1253974ad3620a69493d262acf1f2,https://m.media-amazon.com/images/I/41JqT4ZNZcL._SL1262_.jpg,$110.00,Mul Secrets,"Hyaluronic Acid, Vitamin C, Niacinamide",Apply evenly on cleansed face & neck. Use daily,"Hydrates, brightens, improves skin texture, and reduces dullness"
Normal,Evermore Natural Cactus Gel,Healthy,"https://www.amazon.in/Evermore-nourishes-moisturizes-Formulated-properties/dp/B0BZS441M4?crid=2AGIF5E5FG0B5&keywords=evermore+cactus+gel&qid=1705587999&sprefix=Evermore+,aps,227&sr=8-4&linkCode=sl1&tag=samaptibanerj-21&linkId=c07a72cde3e973e180285cfdc575fef3&language=en_IN&ref_=as_li_ss_tl",https://m.media-amazon.com/images/I/51OtDZiMzsL._SL1200_.jpg,$130.00,Evermore,"Cactus Extract, Aloe Vera, Hyaluronic Acid",Apply a small amount to clean skin and massage gently,"Hydrates, soothes, locks in moisture, and refreshes skin"
Dry,Plum Squalane & Vitamin E Dewy-Bright Sunscreen SPF 50 PA+++,Rosacea,"https://www.amazon.in/Plum-Squalane-Vitamin-Dewy-Bright-Sunscreen/dp/B0CQ8GDFR4?crid=P8RDKN8ZQ7P0&keywords=plum+vitamin+e+sunscreen&qid=1705588236&sprefix=Plum+vitamin+e+suns,aps,380&sr=8-5&linkCode=sl1&tag=samaptibanerj-21&linkId=75692170008f7f2ac0e16af2fca9546e&language=en_IN&ref_=as_li_ss_tl",https://m.media-amazon.com/images/I/51z3aARgVwL._SL1100_.jpg,$60.00,Plum,"Squalane, Vitamin E, Hyaluronic Acid",Apply generously on face & neck before sun exposure,"SPF protection, deeply hydrates, nourishes, and gives a dewy finish"
Oily,Pure Bubbles Skincare Barrier Reset Face-Gel Moisturiser,Eczema,"https://www.amazon.in/Pure-Bubbles-Skincare-Moisturiser-Lightweight/dp/B0C2BYFSV3?crid=1Q8O1FJYZ0Y06&keywords=pure+bubbles&qid=1695227694&sprefix=Pure+bubbl,aps,227&sr=8-6&linkCode=sl1&tag=samaptibanerj-21&linkId=514f6c08763ebae7d0b78c07119fadb1&language=en_IN&ref_=as_li_ss_tl",https://m.media-amazon.com/images/I/51rvDAYFPnL._SL1100_.jpg,$180.00,Pure Bubbles Skincare,"Ceramides, Phytosphingosine, Cholesterol, Sodium PCA, Oat Extract, Honey","Cleanse face,Apply a small amount to face & neck,Use twice daily (morning & night)","Hydrates & retains moisture,Repairs skin barrier,Soothes irritation, Lightweight & non-greasy"
Oily,The Beauty Sailor Coffee Face Wash,Acne,https://www.thebeautysailor.com/products/coffee-face-wash,https://www.thebeautysailor.com/cdn/shop/products/1_b7166b0a-5fd0-4c8f-9e08-156545bb57a6_1800x1800.webp?v=1678776176,$120.00,The Beauty Sailor,"Coffee Extract, Glycerin","Apply to damp face, Massage in circular motions, Rinse thoroughly","Deep cleanses & exfoliates, Hydrates & maintains moisture, Rich in antioxidants, Balances skin pH"
Normal,The Beauty Sailor Chocolate Face Mask For Glowing Skin,Psoriasis,https://www.thebeautysailor.com/products/chocolate-face-mask,https://www.thebeautysailor.com/cdn/shop/products/1_532520be-f3f1-4928-9719-2ea7c1942cff_1800x1800.webp?v=1678777351,$150.00,The Beauty Sailor,"Cocoa Powder, Caffeine, Vitamin E, Caramel","Apply an even layer to cleansed face, avoiding the eye area; leave on for 10-15 minutes; rinse thoroughly with lukewarm water; use 2-3 times a week for best results",Deep cleanses and exfoliates; hydrates and maintains moisture; rich in antioxidants; enhances skin elasticity; reduces signs of aging; soothes with a pleasant cocoa aroma
Oily,The Beauty Sailor 2% Alpha-Arbutin Face Serum With Licorice,Psoriasis,https://www.thebeautysailor.com/products/alpha-arbutin-face-serum,https://www.thebeautysailor.com/cdn/shop/files/1_13ff57ec-6f75-4498-b6ea-d159628f08a1_1800x1800.webp?v=1709030780,$180.00,The Beauty Sailor,"Alpha Arbutin, Licorice Extract","Apply a few drops to cleansed face; gently massage until absorbed; use twice daily, morning and night",Reduces hyperpigmentation and dark spots; evens skin tone; brightens complexion; suitable for all skin types
Normal,PureEarth WILD ROSE HIMALAYAN MIST,Acne,https://india.purearth.asia/collections/sensitive-allergic-post-surgery-irritated/products/wild-rose-himalayan-mist,https://india.purearth.asia/cdn/shop/files/rosemist100ml_1799x1799.png?v=1703930427,$200.00,Purearth,100% Rosa Damascena (Taruni) Flower Water,"Spritz onto the face as a toner to hydrate and refresh the skin at home, work, or on the go. Mist evenly all over the face to prep skin at the start of your skincare ritual or to set makeup",Hydrates and refreshes the skin; tightens pores; restores skin's pH balance; suitable for all skin types
Normal,"Juicy Chemistry Saffron, Rose and Australian Sandalwood Face Scrub",Eczema,https://juicychemistry.com/products/saffron-rose-australian-sandalwood-organic-face-scrub?_gl=1*18hybbe*_up*MQ..&gclid=Cj0KCQjwwMqvBhCtARIsAIXsZpb0jr4uesg30h3aiCH1DGMydepES8mZOPnTrS3ZFMKg6g0sn8UcG0oaAnB6EALw_wcB,"https://m.media-amazon.com/images/I/617ZHGAZJEL._AC_UF1000,1000_QL80_.jpg",$130.00,Juicy Chemistry,"Saffron, Rose, Australian Sandalwood","Apply to damp skin, massage gently in circular motions, rinse thoroughly, use 2-3 times a week","Gently exfoliates dead skin cells, promotes brighter and radiant skin, smoothens skin texture, nourishes and softens the skin"
Dry,Juicy Chemistry Australian Sandalwood and Myrrh Night Cream,Acne,https://juicychemistry.com/products/australian-sandalwood-myrrh-organic-night-cream?_gl=1*ji2umm*_up*MQ..&gclid=Cj0KCQjwwMqvBhCtARIsAIXsZpb0jr4uesg30h3aiCH1DGMydepES8mZOPnTrS3ZFMKg6g0sn8UcG0oaAnB6EALw_wcB,https://images-static.nykaa.com/media/catalog/product/5/9/5921b8enyjch00000087-1.jpg?tr=w-500,$150.00,Juicy Chemistry?,"Shea Butter, Hazelnut Oil, Beeswax, Rosehip Oil, Sweet Almond Oil, Pomegranate Seed Oil, Argan Oil, Vitamin E, Lavender Oil, Myrrh Oil, Carrot Seed Oil, Frankincense Oil, Rosemary Oil, Australian Sandalwood Oil, Geranium Oil",Apply a small amount to cleansed face and neck; gently massage in upward circular motions; use nightly before bedtime,Deeply moisturizes and nourishes dry skin; helps ward off signs of aging; promotes healthier skin and smoother texture; helps even out pigmentation
Oily,Juicy Chemistry Cold Pressed Rosehip Seed Carrier Oil,Acne,https://juicychemistry.com/products/acne-rosehip-seed-carrier-oil-cold-pressed?_gl=1*iilqyb*_up*MQ..&gclid=Cj0KCQjwwMqvBhCtARIsAIXsZpb0jr4uesg30h3aiCH1DGMydepES8mZOPnTrS3ZFMKg6g0sn8UcG0oaAnB6EALw_wcB,"https://m.media-amazon.com/images/I/61OJsQqnsyL._AC_UF1000,1000_QL80_.jpg",$180.00,Juicy Chemistry,100% Pure Organic Cold Pressed Rosehip Seed Oil,Apply a few drops to cleansed face and body; gently massage until absorbed; can be used in the AM and PM,"Rich in Omega-6 & 9 fatty acids, vitamin C, and provitamin A; helps reduce hyperpigmentation; repairs sun damage; brightens skin; suitable for all skin types"
Combination,Simple Active Skin Barrier Care Smoothing Gel Face Cleanser,Acne,"https://www.amazon.in/Smoothing-Cleanser-Ceramide-Hyaluronic-exfoliates/dp/B0CHS5WQ3W?crid=1AYF67BF5IO4G&dib=eyJ2IjoiMSJ9.G16fn4CHd19XHTGhqy0cNNa8A96GSlgCA8OfntYZnhP8YUD-A7tMF2woG1FmLw8LQPZQG3a9ayz4lARYez1K-ItzR6VKqPOUCt97CHe11R67mcSnpeNZ-OIHuaHH9XnHtsp57GteEDbP2AjIdM_adVRNfJTYJg5mtjjWgkjCCQqwSSkAxfskeAczxg-zcS8bHuhWpEZhoyCYGtbZe5q9ZOlEQwP9yQLLX7KM7sYt3dyxdmy87bf3M5OtDvz7E8BiwGYG7yJwrCAvMbmTsUo0Lmpf-Bts4ApWpsZt4GlRD9E.f-Vkhil3C7eQuzjAo7NxCgs1m7tX1otFtXGJ86KpdBU&dib_tag=se&keywords=simple+lactic+acid&qid=1709831172&sprefix=Simple+lactic+,aps,237&sr=8-3&linkCode=sl1&tag=samaptibanerj-21&linkId=aa4fd371dfe6d662c1bf4380cd57d330&language=en_IN&ref_=as_li_ss_tl",https://m.media-amazon.com/images/I/41hoi0gVLiL._SL1000_.jpg,$210.00,Simple?,"5% Lactic Acid (AHA), Hyaluronic Acid, Ceramide Boosters, Glycerin",Apply a small amount to wet face; gently massage in circular motions; rinse thoroughly; use 1-2 times a week,Gently exfoliates to reveal smoother skin texture; helps repair skin's moisture barrier; boosts natural ceramide production; suitable for sensitive skin
Oily,The Derma Co 4% Ceramide Barrier Repair Moisturizer,Rosacea,https://www.amazon.in/dp/B0CR1N95G6?starsLeft=1&ref_=cm_sw_r_cso_wa_apan_dp_VFX5VYXF8M6DNSEET5TG&utm_source=Social+Media&utm_medium=Youtube&utm_campaign=samapti_banerjee_2024_03_8904417311327,https://m.media-amazon.com/images/I/51-k1t-H-YL._SL1080_.jpg,$200.00,The Derma Co,"4% Ceramide Complex, Niacinamide, Oxylance","Apply a sufficient amount to cleansed face and neck; gently massage until absorbed; use twice daily, morning and night",Repairs and strengthens the skin barrier; provides up to 24 hours of moisturization; improves skin texture; lightweight formula suitable for all skin types
Combination,The True Therapy Retexturize 10% Glycolic Acid Toner,Psoriasis,https://www.amazon.in/True-Therapy-Retexturize-Glycolic-Tightening/dp/B09R7LVW6S?crid=1ZBF2LOQSG7F4&keywords=true%2Btherapy%2Bglycolic%2Bacid%2Btoner&qid=1692110860&sprefix=True%2Btherapy%2Bgly%2Caps%2C282&sr=8-1-spons&sp_csd=d2lkZ2V0TmFtZT1zcF9hdGY&linkCode=sl1&tag=samaptibanerj-21&linkId=3a812f6a5942924d542deee8af5b8158&language=en_IN&ref_=as_li_ss_tl&th=1,https://m.media-amazon.com/images/I/61fDUDbRZsL._SL1500_.jpg,$250.00,The True Therapy,"10% Glycolic Acid (AHA), Lactic Acid, Citric Acid, Arginine, Tocopherol (Vitamin E), Glutamic Acid, Glycine, Cysteine, Avena Sativa (Oat) Kernel Extract, Hamamelis Virginiana (Witch Hazel) Extract","After cleansing, apply a small amount to a cotton pad and gently sweep over the face and neck, avoiding the eye area. Use in the evening, no more than once daily. Follow with a moisturizer.","Gently exfoliates to improve skin texture and brightness; minimizes the appearance of pores, blackheads, and fine lines; contains antioxidants and soothing agents to nourish and calm the skin."
Dry,Aqualogica Glow+ Jello Moisturiser with Vitamin C & Papaya for Illuminating Moisturization,Eczema,"https://www.amazon.in/Aqualogica-Moisturiser-Illuminating-Moisturization-Hydration/dp/B09TPDG3B9?crid=271KZQ6SIMQMN&keywords=Aqualogica+face+mask&qid=1692112257&sprefix=aqualogica+face+mask,aps,252&sr=8-1-spons&sp_csd=d2lkZ2V0TmFtZT1zcF9hdGY&psc=1&linkCode=sl1&tag=samaptibanerj-21&linkId=986694c29d8cf6057096abe97e5c69ed&language=en_IN&ref_=as_li_ss_tl",https://m.media-amazon.com/images/I/61ir4l4eg0L._SL1500_.jpg,$300.00,Aqualogica,"Vitamin C, Hyaluronic Acid, Papaya Extracts, Glycerin",Take an adequate amount of the moisturizer; apply all over your face and neck; use twice a day,"Provides deep moisturization and hydration; fights pigmentation and sun damage; gives a fresh and glowing appearance; lightweight, non-sticky, oil-free gel-based texture; absorbs quickly into the skin; suitable for all skin types"
Oily,Conscious Chemist Berry Bright Pore Refining & Brightening Face Mask,Healthy,https://www.amazon.in/Conscious-Chemist-Refining-Niacinamide-Extracts/dp/B0B75QD6XT?crid=3C5T35NNTB51K&keywords=conscious%2Bchemist&qid=1671553526&sprefix=Consc%2Caps%2C253&sr=8-10&th=1&linkCode=sl1&tag=samaptibanerj-21&linkId=cf3f9ad89186fd1848793cc1e882dbb1&language=en_IN&ref_=as_li_ss_tl,https://m.media-amazon.com/images/I/71OzTo2M3WL._SL1500_.jpg,$350.00,Conscious Chemist,"Water, Niacinamide (10%), Glycerin, Dihydroxypropyl Arginine HCl, Zinc PCA, Rice Ferment Filtrate (Sake), Aloe Barbadensis (Aloe Vera) Leaf Juice, Zingiber Officinale (Ginger) Root Extract, Vitamin B5, Sodium Levulinate, Butylene Glycol, Bifida Ferment Lysate, Propanediol, Sodium Benzoate, Allantoin, Xanthan Gum, Sodium Hyaluronate, Quinoa (Chenopodium Quinoa) Protein, Brassica Oleracea (Broccoli) Seed Oil, Sodium Gluconate","Apply a few drops to clean, toned skin; dab it all over your face; follow up with a moisturizer or sunscreen; use daily in the morning and evening; shake well before use","Reduces hyperpigmentation and melanin concentration, evens out skin tone, repairs and restores a weakened skin barrier"
Normal,Pilgrim Red Vine Face Mask with Mulberry & Rosehip Oil,Healthy,https://discoverpilgrim.com/products/red-vine-face-mask-with-mulberry-rosehip-oil,https://discoverpilgrim.com/cdn/shop/products/RV-Face-Mask-White-BG.v2_1.jpg?v=1683283203&width=1000,$150.00,Pilgrim,"Red Vine Extract, Mulberry Extract, Rosehip Oil, Kaolin, Bentonite, Stearic Acid, Cetostearyl Alcohol, Glyceryl Stearate, Kokum Butter, Olive Oil PEG-7 Esters, Phenoxyethanol, Ethylhexylglycerin, Sodium Gluconate, Sodium Hydroxide, CI 16255, CI 20285, Perfume","Apply a generous, even layer to cleansed face, avoiding the eye area; leave on for 15-20 minutes; rinse thoroughly with lukewarm water; use 1-2 times per week","Red Vine Extract targets dark spots, blemishes, and uneven pigmentation for a clearer complexion; Mulberry Extract brightens and evens skin tone, promoting a more radiant appearance; Rosehip Oil, rich in antioxidants, nourishes and hydrates, protecting against moisture loss"
Dry,Pilgrim Volcanic Lava Ash Face Scrub with Yugdugu & White Lotus,Healthy,https://discoverpilgrim.com/products/volcanic-lava-ash-face-scrub-with-yugdugu-white-lotus,https://discoverpilgrim.com/cdn/shop/products/volcanic-lava-ash-face-scrub-with-yugdugu-white-lotus-320402.jpg?v=1683285515&width=1000,$180.00,Pilgrim,"Aqua, Camellia Extract, Caprylyl/Capryl Glucoside, Coco-Betaine, Carbomer, Disodium EDTA, Glycerin, Hyaluronic Acid, Parfum, Phenoxyethanol, Pumice, Sodium Hydroxide, Sodium Methyl Cocoyl Taurate, Volcanic Lava Ash, White Lotus Extract, Myristica Fragrans Extract","Apply a generous amount to damp skin; gently massage in circular motions, avoiding the eye area; rinse thoroughly with lukewarm water; use 1-2 times per week","Gently exfoliates dead skin cells, superficial blackheads, and whiteheads; reduces pigmentation, discolorations, fine lines, and suntan; improves skin elasticity over time"
Normal,Bangalore Bio-Plasgens Soundarya Complexion Cream,Eczema,https://www.1mg.com/otc/bangalore-bio-plasgens-soundarya-complexion-cream-otc388383?srsltid=AfmBOoqweKYB9iBGX1cRDnsgBknKXIc-puOA8ES9KWCedr_0iqFLic5z96w,"https://onemg.gumlet.io/l_watermark_346,w_480,h_480/a_ignore,w_480,h_480,c_fit,q_auto,f_auto/cropped/ifafcf4fjlfyodwny2nz.png",$220.00,Bangalore Bio-Plasgens,"Aloe Vera, Berberis Aquifolium, Sandalwood Oil (Oleum Santali), Thuja Occidentalis, Natrum Muriaticum","Apply a thin layer to cleansed face and neck; gently massage until absorbed; use twice daily, morning and evening","Gently exfoliates the skin; improves skin tone and texture; nourishes the skin, making it smooth, soft, and healthy; addresses skin concerns like acne, pigmentation, and dryness"
Normal,SBL Neem Face Wash,Psoriasis,https://www.1mg.com/otc/sbl-neem-face-wash-otc342784,"https://onemg.gumlet.io/l_watermark_346,w_480,h_480/a_ignore,w_480,h_480,c_fit,q_auto,f_auto/cropped/pxfstrt7q8vvlwg703vv.png",$250.00,SBL,"Neem, Aloe Vera, Berberis aristata, Tea Tree Oil",Squeeze a small amount into your hands and work into a rich lather with a little water; gently massage on the face in a circular motion using fingertips; wash off and pat dry; use twice daily,"Antiseptic, antibacterial, and antifungal properties; treats acne and keeps the skin oil-free; kills acne-causing bacteria, preventing recurrence of acne"
Dry,Sunny Herbals Face Wash With Aloevera Calendula Neem And Tulsi,Rosacea,https://www.1mg.com/otc/sunny-herbals-face-wash-with-aloevera-calendula-neem-and-tulsi-otc500859,"https://onemg.gumlet.io/l_watermark_346,w_480,h_480/a_ignore,w_480,h_480,c_fit,q_auto,f_auto/cropped/sxuczrecrc4o7pae6vwn.jpg",$180.00,Sunny Herbals?,"Aloe Vera, Calendula, Neem, Tulsi",Moisten face and neck; apply a small amount in a circular motion; gently work up a lather; wash off with water and pat dry; use twice daily,"Cleanses impurities; restores natural skin balance; prevents pimples; removes excess oil; provides essential moisture; leaves skin clean, fresh, and glowing"
Oily,Melawash Face Wash,Healthy,https://www.1mg.com/otc/melawash-face-wash-for-hyperpigmentation-otc352131,"https://onemg.gumlet.io/l_watermark_346,w_480,h_480/a_ignore,w_480,h_480,c_fit,q_auto,f_auto/40b2f716f6654978af2e32136bcf6c66.jpg",$220.00,Melawash,"Glycolic Acid 6%, Sodium Lauryl Sulfate, Cocamidopropyl Betaine, Disodium EDTA, Methylchloroisothiazolinone, Methylisothiazolinone",Apply a small amount to moist skin; gently massage in a circular motion; rinse thoroughly with water; use twice daily,Exfoliates dead skin cells; unblocks pores; promotes skin regeneration; reduces hyperpigmentation; improves skin texture; suitable for normal and oily skin; non-comedogenic
Oily,Tvaksh Face Guard Silicone Sunscreen Gel SPF 30 PA+++,Psoriasis,https://www.1mg.com/otc/tvaksh-face-guard-silicone-sunscreen-gel-spf-30-pa-broad-spectrum-uva-uvb-protection-otc329670,"https://onemg.gumlet.io/l_watermark_346,w_690,h_700/a_ignore,w_690,h_700,c_pad,q_auto,f_auto/93e89ac1576f466cb963629c8370249f.jpg",$250.00,Tvaksh?,"Alkyl Benzoate, Silicon Elastomers, Oxynex ST","Apply generously on the face, neck, and exposed areas of the skin 20 minutes before sun exposure; reapply every 2 hours, especially after swimming or sweating","Provides broad-spectrum UVA/UVB protection; prevents sunburn, dark spots, premature aging, and skin darkening; non-greasy, non-whitening formula that absorbs quickly without stickiness; suitable for all skin types"
Dry,"Mxofere Neem, Tulsi & Tea Tree Face Wash",Rosacea,https://www.1mg.com/otc/mxofere-neem-tulsi-tea-tree-face-wash-otc637336,"https://onemg.gumlet.io/l_watermark_346,w_480,h_480/a_ignore,w_480,h_480,c_fit,q_auto,f_auto/zyfywka6z5neqj8ey38x.jpg",$300.00,Mxofere,"Neem, Tulsi, Tea Tree Oil",Moisten face and neck; apply a small amount in a circular motion; gently work up a lather; wash off with water and pat dry; use twice daily,"Cleanses impurities; restores natural skin balance; prevents pimples; removes excess oil; provides essential moisture; leaves skin clean, fresh, and glowing"
Oily,Medfoam Foaming Face Wash,Acne,https://www.1mg.com/otc/medfoam-foaming-face-wash-purifies-skin-prevents-acne-otc508065,https://res.fkhealthplus.com/incom/images/product/Medfoam-1578383926-10063546.jpg,$200.00,Medfoam,"Aqua, Sodium Laureth Sulfate, Cocamidopropyl Betaine, Acrylates Copolymer, PEG-40 Hydrogenated Castor Oil, Polysorbate-20, Fragrance, Xanthan Gum, Polyquaternium-7, DMDM Hydantoin, Methylchloroisothiazolinone, Methylisothiazolinone",Wet the face; take a required amount of face wash on the palm and rub to work up a lather; apply to the face in a circular motion; rinse with water and pat dry; use twice daily,Deeply cleanses and moisturizes the skin; helps prevent bacterial infections and acne breakouts; soothes irritated skin and reduces inflammation
Combination,Depiclear Face Wash,Psoriasis,https://www.1mg.com/otc/depiclear-face-wash-otc340712,https://images.apollo247.in/pub/media/catalog/product/D/E/DEP0188_1_1.jpg,$250.00,Depiclear,"Aloe Vera, Glycolic Acid, Salicylic Acid, Vitamin E, Bronopol, Disodium EDTA, Sodium Hydroxide, Tween 80, Cresmer RH40, Proteol Oat, Oramix NS10, Sodium Lauryl Sulfate, Colored Millicapsules",Squeeze out the required amount and work it up to a lather; massage gently using a circular motion on your face and neck; rinse off with water,"Cleanses skin by removing dirt and pollutants; rejuvenates skin, giving it a soft and clear appearance; exfoliates dead skin cells, improving texture and evening skin tone; cleanses and unclogs pores; may help reduce the appearance of wrinkles"
Oily,Aziderm Azelaic Acid Gel 10%,Acne,https://www.amazon.in/Aziderm-10-Tube-15-Gel/dp/B0842NYDMK?brandId=berry&crid=2J9JKBX0C2UR5&dib=eyJ2IjoiMSJ9._W-XzAhnwk0x4BJqRma8e7XBZxcYsx3iZ713whwQiU7yuRQbIpZVqGQOGV166VZbkepKYe0a0Uxz7n1rE-533m8a9CDpBF3Vc_9REutyUeknQ1YGNDFm-odVe1N-N9rGL6qPeUTJQGDmcu3Bfd-eu460Z2vtvG7HpCQx4KSOkBPGeUPNJDu6Of7xOKLeCjQaTfQIFBrmkqxH5A4k6ZrxITCpdIwvgowC4DZFt9Ru_nNqT_E--9H_KWzL_DsKVzou-ftjkM-gawo_B47HEOyYbKSBsEgBSG961xdDheCeQxM.6GOIbTsGkwEmakhorUniXi5poapTD12pm5eRlzs7ZDY&dib_tag=se&keywords=aziderm&qid=1709181913&sprefix=aziderm%2Caps%2C248&sr=8-1&linkCode=ll1&tag=thebeautyinout-21&linkId=5c1497a7a1466cae483249a143e70a6b&language=en_IN&ref_=as_li_ss_tl,https://m.media-amazon.com/images/I/71YLdEHuNhL._SL1500_.jpg,$300.00,Aziderm 10% Gel,Azelaic Acid 10%,"Apply a thin layer on clean, dry skin; use as directed by a dermatologist",Treats acne by reducing bacterial growth and unclogging pores; helps in reducing pigmentation and evening skin tone
Normal,SensiSoothe Sunscreen SPF 50 PA++++ Mineral with Ceramides & Rice,Healthy,https://trymoody.com/collections/sunscreen/products/moody-sensitve-sunscreen,https://trymoody.com/cdn/shop/files/DermaSunscreen.jpg?v=1704545155&width=1920,$350.00,Moody,"Zinc Oxide, Titanium Dioxide, Aloe Vera, Chamomile Extract, Vitamin E",Apply generously 15 minutes before sun exposure; reapply every 2 hours or after swimming/sweating,"Broad-spectrum SPF protection, soothes sensitive skin, prevents sunburn, hydrates, and reduces redness"
Oily,AcneXpert Mattifying SPF 50 PA +++ Niacinamide for Oil & Acne Control,Rosacea,https://trymoody.com/collections/sunscreen/products/acnexpert-green-tea-niacinamide-mattifying-oil-acne-control-spf-50-pa-sunscreen,https://trymoody.com/cdn/shop/files/AcneSunscreen_7857115d-aaa8-4463-b891-144d0874bbc5.jpg?v=1704546049&width=1920,$150.00,Moody,"Green Tea Extract, Niacinamide, Zinc Oxide, Titanium Dioxide, Hyaluronic Acid",Apply evenly on the face 15 minutes before sun exposure; reapply every 2 hours or after sweating/swimming,"SPF 50 PA+++ protection, controls oil and acne, mattifies skin, reduces redness, and hydrates"
Oily,Moody Vitamin C Brightening Face Moisturizer,Psoriasis,https://trymoody.com/collections/moisturizer/products/vitamin-c-brightening-face-moisturizer-with-mandarin-orange-kakadu-plum-oil-free-gives-smooth-skin-reduces-pigmentation-dark-spots-sun-damage-hydrating-men-women,https://trymoody.com/cdn/shop/files/VitCFaceMoisturiser.jpg?v=1704545810&width=1920,$180.00,Moody,"Vitamin C, Mandarin Orange Extract, Kakadu Plum, Hyaluronic Acid, Niacinamide","Apply a small amount to clean skin and massage gently until absorbed. Use daily, morning and night","Brightens skin, reduces pigmentation and dark spots, hydrates, improves skin texture, and protects against sun damage"
Oily,Moody Hydro Burst Water Gel Moisturizer,Healthy,https://trymoody.com/collections/moisturizer/products/moody-7d-hydro-burst-100hr-gel-moisturizer-with-hyaluronic-coconut-water,https://trymoody.com/cdn/shop/files/HydroGelMoisturiser.jpg?v=1704704878&width=1920,$220.00,Moody,"Hyaluronic Acid, Coconut Water, Vitamin E, Glycerin","Apply a small amount to clean skin and massage gently. Use daily, morning and night","Provides deep hydration for up to 100 hours, locks in moisture, soothes and refreshes skin, and improves skin elasticity"
Oily,AcneXpert Foaming Face Wash Salicylic Acid & Green Tea,Psoriasis,https://trymoody.com/collections/face-wash/products/acnexpert-foaming-face-wash-salicylic-acid-green-tea,https://trymoody.com/cdn/shop/files/AcneFaceWash_1f8bbe3a-6ec1-4ffb-b90a-d36f3b0f22c1.jpg?v=1704546504&width=1920,$250.00,Moody,"Salicylic Acid, Green Tea Extract, Tea Tree Oil, Aloe Vera","Apply to damp skin, massage gently, and rinse with water. Use twice daily","Deeply cleanses pores, reduces acne and breakouts, controls excess oil, and soothes irritated skin"
Combination,Moody Vitamin C Brightening Face Wash,Healthy,https://www.amazon.in/Moody-Brightening-Hydrating-Mandarin-Extracts/dp/B0BDFTLMZJ,https://trymoody.com/cdn/shop/files/VitCFaceWash.jpg?v=1704704842&width=1920,$120.00,Moody,"Mandarin Orange Extracts, Kakadu Plum, Hyaluronic Acid",Apply a small amount to clean skin and massage gently. Use morning and night,"Hydrates and brightens skin, reduces dark spots and pigmentation, provides lightweight moisture without greasiness"
Normal,Regaliz Truderma Moisturizing Lotion,Eczema,https://www.1mg.com/otc/regaliz-truderma-moisturizing-lotion-otc474417?wpsrc=Google+Organic+Search,https://rukminim2.flixcart.com/image/850/1000/jq189e80/moisturizer-cream/w/u/q/150-truderma-moisturizing-lotion-150ml-lotion-regaliz-original-imafc4vgw66hgzdt.jpeg?q=90&crop=false,$150.00,Regaliz Truderma,"Purified Water, Cetearyl Olivate, Sorbitan Olivate, Sodium Polyacrylate, Cyclopentasiloxane, Trideceth-6, PEG-PPG-18-18-Dimethicone, Shea Butter (Butyrospermum Parkii), PEG-4 Olivate, Cetearyl Alcohol, Cetyl Palmitate, Sorbitan Palmitate, Sorbitan Oleate, D-Panthenol, Dimethicone, Glycerin, Deoxyphytantriyl Palmitamide MEA, Ceramide 3, Hydrogenated Lecithin, Cholesterol, Ceteareth-25, Cetyl Alcohol, Behenic Acid, Ceramide NP, Ceramide NS",Apply evenly on cleansed skin. Use daily for best results,"Provides deep hydration,Helps in skin barrier repair,Suitable for dry and sensitive skin"
Oily,Papulex Oil-Free Cream,Acne,https://www.clinikally.com/products/papulex-oil-free-cream,https://www.clinikally.com/cdn/shop/products/Papulexcreammenarini.jpg?v=1670245326&width=700,$180.00,Papulex,"Niacinamide (4%), Zinc PCA, Defenskin® antibacterial defense technology","Apply twice daily to the face and other affected areas (neck, chest, back) after cleansing. Massage gently to facilitate absorption","Reduces skin blemishes and imperfections, regulates sebum production, provides moisturization without oiliness, and mattifies the skin"
Oily,Hydew Moisturiser,Acne,https://www.amazon.in/Dermaindia-Hydew-Moisturiser-50ML/dp/B0C7CC7PS7,https://m.media-amazon.com/images/I/413rS6E+sML.jpg,$200.00,Dermaindia,"Hydrolyzed Caesalpinia Spinosa Gum, Hyaluronic Acid, Niacinamide, Trehalose, Ceramide NP, Xylitol, Glycerin, Caprylic Acid, Glyceryl Stearate, Potassium Azeloyl Diglycinate, Ceramide AP, Betaine, Pullulan, Pyrus Malus (Apple) Fruit Extract, Tocopheryl Acetate, Cholesterol, C12-15 Alkyl Benzoate, Ceramide EOP, Caesalpinia Spinosa Gum, Sodium Lauroyl Lactylate, Ethylhexyl Methoxycinnamate, Butyl Methoxydibenzoylmethane, Benzophenone-3, Phytosphingosine, Phospholipids, 1,3 Butylene Glycol, Methyl Undecylenate","Apply an adequate amount of the moisturizer to cleansed face and neck. Gently massage in upward circular motions until fully absorbed. Use twice daily, morning and evening, for optimal results","Provides deep hydration, enhances skin barrier function, improves skin elasticity, reduces the appearance of fine lines and wrinkles, and promotes a smooth, radiant complexion"
Dry,Ceratop Cream,Healthy,https://www.1mg.com/otc/ceratop-cream-for-dry-skin-nourishes-hydrates-the-skin-otc376250?wpsrc=Google+Organic+Search,https://rukminim2.flixcart.com/image/1100/1300/xif0q/moisturizer-cream/l/k/w/100-cream-ceratop-cream-original-imaggbwbmxqgu9p7.jpeg?q=90&crop=false,$110.00,Oaknet Healthcare,"Saccharide Isomerate, Ceramide III, Sodium Hyaluronic Acid, Borage Seed Oil, Shea Butter, Squalane","Apply an adequate amount of Ceratop Cream to cleansed skin, focusing on dry areas. Gently massage until fully absorbed. Use twice daily or as directed by a healthcare professional.","Provides long-lasting moisturization, nourishes and hydrates dry skin, restores the skin's natural protective barrier, enhances skin elasticity, and soothes irritated skin."
Dry,Conscious Chemist Pigmentation & Dark Spot Corrector Gel Cream,Psoriasis,https://consciouschemist.com/products/pigmentation-corrector-creme-lightweight-gel-cream-with-kojic-acid-tranexamic-niacinamide,https://consciouschemist.com/cdn/shop/files/097A8035_2x_717edd24-a6f0-4c11-a633-8921e3ebead5_800x.jpg?v=1695834394,$130.00,Conscious Chemist,"Kojic Acid, Tranexamic Acid, Niacinamide, Hyaluronic Acid, Centella Asiatica, Licorice Extract",Apply a pea-sized amount on clean skin twice daily. Use sunscreen in the morning.,"Fades dark spots, evens skin tone, reduces redness, hydrates, and is lightweight & non-greasy."
Normal,Plum Chamomile and White Tea Sheer Matte Day Cream SPF 50 PA+++,Rosacea,https://www.netmeds.com/non-prescriptions/plum-chamomile-and-white-tea-sheer-matte-day-cream-spf-50-mini-pack-15-ml,https://www.netmeds.com/images/product-v1/600x600/1023839/plum_chamomile_and_white_tea_sheer_matte_day_cream_spf_50_mini_pack_15_ml_0_0.jpg,$60.00,Plum,"Chamomile Extract, White Tea Extract, Gingko Biloba, Aloe Vera, Sunscreens (SPF 50)","Apply evenly on the face & neck after cleansing, 15 minutes before sun exposure. Reapply every 2-3 hours.","Protects against UVA/UVB, soothes & hydrates skin, lightweight, and non-greasy formula"
Normal,Rivona 2% Hyaluronic Acid and 3% Niacinamide Serum,Healthy,https://rivona.in/products/hyaluronic-acid-face-serum,https://smytten-image.gumlet.io/shop_item/RIV0063AB121.jpg,$180.00,Rivona,"Hyaluronic Acid, Vitamin C, Aloe Vera, Niacinamide",Apply a few drops on a clean face and gently massage until absorbed. Use twice daily.,"Deeply hydrates, improves skin elasticity, reduces fine lines, and gives a radiant glow."
Normal,Rivona Charcoal Exfoliating Face Wash with Rice Granules and Tea tree,Eczema,https://rivona.in/products/rivona-naturals-charcoal-exfoliating-face-wash-pack-2,"https://m.media-amazon.com/images/I/61iQT+-M9lL._AC_UF1000,1000_QL80_.jpg",$120.00,Rivona Naturals,"Activated Charcoal, Aloe Vera, Tea Tree Oil, Vitamin E","Apply to wet skin, massage gently in circular motions, and rinse with water. Use twice daily.","Deeply cleanses pores, removes impurities and excess oil, prevents acne, and provides a refreshed look."
Dry,Rivona HA Aqua Moisturizing Cream with 2% Hyaluronic Acid and Cucumber Extracts,Healthy,https://rivona.in/products/aqua-moisturizing-cream,https://m.media-amazon.com/images/I/61oD7RJIZ9L._SL1500_.jpg,$150.00,Rivona Naturals,"Hyaluronic Acid, Aloe Vera, Vitamin E, Glycerin",Apply a small amount to cleansed skin and gently massage until absorbed. Use daily for best results.,"Deeply hydrates, nourishes the skin, locks in moisture, and provides a soft, supple feel."
Oily,Rivona Pink Brightening Cream with Alpha Arbutin,Psoriasis,https://rivona.in/products/bright-pink-cream,"https://m.media-amazon.com/images/I/61Z-J6GvrpL._AC_UF1000,1000_QL80_.jpg",$180.00,Rivona Naturals,"Likely includes natural extracts, vitamins, and skin-brightening agents (exact ingredients not specified on the product page).","Apply to clean skin, massage gently until absorbed. Use daily for best results.","Enhances skin radiance, provides hydration, and helps in evening out skin tone"
Oily,Rivona Mineral Sunscreen with SPF 50+ UVA UVB PA+++,Rosacea,https://rivona.in/products/copy-of-mineral-sunscreen,https://rivona.in/cdn/shop/files/minisunscreen.png?v=1698841807&width=1920,$200.00,Rivona Naturals,"Zinc Oxide or Titanium Dioxide (common in mineral sunscreens), along with hydrating and soothing agents",Apply evenly on the face and exposed skin 15 minutes before sun exposure. Reapply every 2-3 hours.,"Provides broad-spectrum UV protection, is gentle on sensitive skin, and may help prevent sun damage and premature aging."
Combination,WishCare 100% Pure & Natural Kannauj Rose Water,Acne,https://www.amazon.in/WishCare%C2%AE-100-Pure-Natural-Water/dp/B08THR3X4K?crid=3A31RR2FP7WFG&dib=eyJ2IjoiMSJ9.3UQLXd03RFIllDBtGl6Al3F-rJPvMLbOFCTpdfNIarXZJAI8G247exDNYKG4Yn7Pa6wDuTML7IbxfC-vTPyVdvgt89_c_cKNTtKk1xWBP2st_4r2sCwr9WP8Bkcc2akxRu9Lhm6e06tXr0Leid-vuTV2R8Y1j1O3Fiu7GzHTIEHYT2BXt9Fq70X0PMIT7PxViPk8IIM9ACHrvUbhHoFYiOhmgYJMb7_HIlsKLTmsX5YR_yfOqWdqBgCqnT0EwU8RPv8Xpp5edVEdgw9nVdD6-HMhhoNuQjfgPhFK5e4HbUo.fvPXU7Q4tuvUqglV8w3PuULjOvo0Ve0GMNMscogM9LE&dib_tag=se&keywords=wishcare%2Brose%2Bwater&qid=1710773977&sprefix=WishCare%2Brose%2Caps%2C237&sr=8-1-spons&sp_csd=d2lkZ2V0TmFtZT1zcF9hdGY&th=1&linkCode=sl1&tag=samaptibanerj-21&linkId=954297c37c2b913dea24e82c01bf9873&language=en_IN&ref_=as_li_ss_tl,https://m.media-amazon.com/images/I/61h4UK8vgQL._SL1500_.jpg,$130.00,WishCare,100% pure steam-distilled rose petals (Kannauj roses),"Use as a facial toner after cleansing, spray as a makeup setting mist, apply to hair for hydration and fragrance","Hydrates and refreshes skin, soothes irritation and redness, rich in antioxidants (vitamins A & C), balances skin pH and controls oil, minimizes pores and tones skin"
Dry,Cos-IQ FC 2 Face Cleanser,Psoriasis,https://www.netmeds.com/non-prescriptions/cos-iq-fc-2-face-cleanser-for-dry-skin-hydrating-face-wash-with-salicylic-acid-2-percent-ww-non-comedogenic-non-irritating-formula-for-unisex-100-ml,https://www.netmeds.com/images/product-v1/600x600/1079220/cos_iq_fc_2_face_cleanser_for_dry_skin_hydrating_face_wash_with_salicylic_acid_2_percent_ww_non_comedogenic_non_irritating_formula_for_unisex_100_ml_541346_0_0.jpg,$150.00,COS-IQ,"Water, Sodium Laurylglucosides Hydroxypropylsulfonate, Cocamidopropyl Betaine, Aloe Vera Leaf Extract, Sodium Lauroyl Methyl Isethionate, Glycerine, Castor Oil, Cetyl Alcohol, Sodium Lactate, Sodium Gluconate, Hyaluronic Acid, Almond Oil, Benzyl Alcohol, Ethylhexylglycerin, Tocopherol, Natural Betaine, Xanthan Gum, Sodium PCA, Saccharide Isomerate, Guar Hydroxypropyltrimonium Chloride, Polyquaternium-10, Xylitylglucoside, Anhydroxylitol, Xylitol, Pentaerythrityl Tetra-Di-T-Butyl Hydroxyhydrocinnamate, Vitamin E","Apply a small amount to wet face, gently massage in circular motions, and rinse thoroughly","Hydrates and moisturizes dry skin, cleanses without stripping natural oils, non-comedogenic and non-irritating formula, suitable for daily use"
Oily,Vilvah Store Face Wash Cream,Eczema,https://www.amazon.in/Fragrance-free-Sensitive-Protects-Nourishes-Silicones/dp/B09QYTJPX9?&linkCode=sl1&tag=samaptibanerj-21&linkId=645ecedf899952ff6d3059b9ea79c5ae&language=en_IN&ref_=as_li_ss_tl,https://m.media-amazon.com/images/I/51CR0LfffsL._SL1000_.jpg,$180.00,Vilvah Store,Specific ingredients are not listed in the available information,"Apply a small amount to wet face, gently massage in circular motions, and rinse thoroughly","Fragrance-free formula suitable for sensitive and flaky skin, protects dry skin, soothes and nourishes without parabens and silicones"
Normal,VAUNT Calendula + Vitamin B5 Cloud Cleanser,Rosacea,"https://www.amazon.in/VAUNT-Non-foaming-Anti-oxidant-Anti-inflammatory-Cruelty-free/dp/B07PSGYRQR?crid=18YQ9QA34YINI&keywords=Vaunt&qid=1671126167&s=beauty&sprefix=vaunt+,beauty,241&sr=1-8&linkCode=sl1&tag=samaptibanerj-21&linkId=e477bf63a98639edcef78635d0a96ca6&language=en_IN&ref_=as_li_ss_tl",https://m.media-amazon.com/images/I/61PIRrxYSqL._SL1500_.jpg,$210.00,Vaunt?,"Aqua, Coco Glucoside, Glycerine, Cetearyl Olivate, Sorbitan Olivate, Calendula Officinalis Extract, Orange Extract, Sodium Polyacrylate Starch, D-Panthenol, Phenoxyethanol, Ethylhexylglycerin, Betaine, Xylitylglucoside, Anhydroxylitol, Xylitol, Allantoin, Sodium Gluconate",Gently massage 2-3 pumps onto damp skin daily to maintain and protect your skins natural barrier. Effective for makeup removal. Follow with Vaunt Multi-Vitamin Super Hydrator for best results,"This sulphate-free, non-foaming cleanser deeply cleanses while maintaining the skin's natural oil balance. Calendula extract hydrates and soothes, while Vitamin B5 nourishes and protects against environmental stressors. Suitable for all skin types"
Dry,Glownise Face Wash,Eczema,https://www.apollopharmacy.in/otc/glownise-face-wash-60ml?utm_source=google&utm_medium=srnb&campaignid=17280487350&adgroupid=&keyword=&device=m&adtype=pla&product_id=GLO0589&utm_campaign=Pmax_Pharma_ROI&utm_content=%5Badgroup%5D&gad_source=1&gclid=EAIaIQobChMIha6I4byogwMVe2QPAh21egSiEAQYASABEgKQ6fD_BwE,https://images.apollo247.in/pub/media/catalog/product/G/L/GLO0589_1_1.jpg,$200.00,Brinton Pharmaceuticals Ltd,"Aqua, Sodium C14-16 Olefin Sulfonate, Cocamidopropyl Betaine, Mandelic Acid, Aloe Barbadensis Leaf Juice, Lauryl Glucoside, Glycerine, Sodium PCA, Allantoin, Panthenol, Phenoxyethanol, Ethylhexylglycerin, Fragrance",Use GlowNise Face Wash twice daily,"Deep cleanses skin, exfoliates dead skin cells, soothes uneven skin tones, controls acne breakouts, promotes a brighter complexion, suitable for all skin types"
Dry,Aquaoat Emcure Aqua Oat Moisturizing Cream,Healthy,https://www.amazon.in/dp/B0BSLF2RXJ?tag=in_cs_fip_994-oct23-v2-21&ref=in_cs_fip_994-oct23-v2-21&th=1,https://m.media-amazon.com/images/I/614gwYFcJoL._SL1500_.jpg,$250.00,Aquaoat,Contains colloidal oatmeal and ceramides,Apply as needed to cleansed skin,"Provides skin nourishment, hydration, and rejuvenation; helps with wrinkles and fine lines; suitable for all skin types"
Oily,Episoft Cleansing Lotion for Sensitive Skin,Psoriasis,https://www.1mg.com/otc/episoft-cleansing-lotion-for-sensitive-skin-lotion-otc311850,https://m.media-amazon.com/images/I/41Zwb9wns3L._SL1000_.jpg,$300.00,Episoft?,"Purified Water, Cetearyl Alcohol, 1,3 Butylene Glycol, Maltooligosyl Glucoside, Hydrogenated Starch Hydrolysate, Cetostearyl Alcohol, Sodium Lauroyl Sarcosinate, Phenoxyethanol, Acrylic Acid, C10-30 Alkyl Acrylate Crosspolymer, Triethanolamine","Apply the lotion to the skin, massage gently, and rinse off","Balances skin pH, provides moisturizing effects, gentle on skin, suitable for sensitive skin"
Combination,Nioglow Foaming Face Wash,Acne,https://www.1mg.com/otc/nioglow-foaming-face-wash-ph-balanced-otc179330,"https://onemg.gumlet.io/l_watermark_346,w_690,h_700/a_ignore,w_690,h_700,c_pad,q_auto,f_auto/cropped/m4buriggc1nylmnozxxh.jpg",$350.00,Nioglow,"Sodium lauryl sarcosinate, glycolic acid, salicylic acid, aloe vera juice, hydrogenated milk protein, tea tree oil, D-panthenol, glycerin, vitamin E acetate, allantoin, xylitol glucoside, parasol moistxs","Dampen the face with water, dispense the required quantity of face wash onto the palms, massage in an upward circular motion for 20-30 seconds, rinse off with clear water, and pat the face dry","Gently cleanses the face while maintaining the skin's pH balance; contains glycolic acid, which may help improve the overall look and feel of the skin while reducing scarring and dark spots; formulated to remove dirt, sweat, excess oil, and impurities from deep within the pores; may be effective in reducing pimples and acne"
Oily,Sebonac Face Wash,Eczema,https://dermatics.in/products/sebonac-face-wash-75gm,https://cdn.shopify.com/s/files/1/0594/0297/7442/files/AW.jpg?v=1696507321,$150.00,Sebonac?,"Glycolic Acid 1% w/w, Aloe Vera 5% w/w, Vitamin E 0.1% w/w, Sodium Cocoyl Apple Amino Acid, Sodium Lauroyl Sarcosinate, Xylityl Glucoside, Anhydro-xylitol & Xylitol, Allantoin, Betaine, Milicapsules (Wheat Germ Oil), Di-Sodium EDTA, Sodium Hydroxide","Apply a small amount of Sebonac Face Wash to wet skin, gently massage in a circular motion, rinse thoroughly with water, use twice daily or as directed by a dermatologist","Exfoliates dead skin cells, cleanses the skin gently, purifies and moisturizes oily and acne-prone skin, suitable for acne-prone and oily skin conditions"
Combination,Clensta Red Aloe Vera Oil Control Face Wash,Acne,https://www.amazon.in/dp/B0CKTN2XPJ/ref=sspa_dk_detail_1?psc=1&pd_rd_i=B0CKTN2XPJ&pd_rd_w=eAb2x&content-id=amzn1.sym.b4e5ca1f-7c9f-49a0-abff-111b926d76ce&pf_rd_p=b4e5ca1f-7c9f-49a0-abff-111b926d76ce&pf_rd_r=4DC0BZHQ1ZC5WY4EX8R5&pd_rd_wg=RZ85i&pd_rd_r=84119f59-e06e-43be-993c-fde390a33300&s=beauty&sp_csd=d2lkZ2V0TmFtZT1zcF9kZXRhaWxfdGhlbWF0aWM,https://m.media-amazon.com/images/I/51XT5NMFs4L._SL1500_.jpg,$180.00,"Patanjali Body Ubtan Powder?
Distacart
+2",Not specified,Not specified,"Exfoliates dead skin cells, lightens dark marks"
Dry,"Clensta Red Aloe Vera Exfoliating Face Scrub With 3% Walnut Shell, lactic Acid & Vitamin E",Eczema,https://www.amazon.in/Clensta-Exfoliating-Walnut-Removes-Brighten/dp/B0BGBT71YZ/ref=bmx_dp_oh1k23oo_d_sccl_2_2/259-3625446-4961151?pd_rd_w=PGIYw&content-id=amzn1.sym.6d4c9662-5d86-4cdb-a53a-2ec55003ff87&pf_rd_p=6d4c9662-5d86-4cdb-a53a-2ec55003ff87&pf_rd_r=HE0HM4APZXG6S2TGKB13&pd_rd_wg=mw5A8&pd_rd_r=acbfd5eb-3e57-478c-9bb9-426aa11eec44&pd_rd_i=B0BGBT71YZ&th=1,https://m.media-amazon.com/images/I/610FIY2FDFL._SL1500_.jpg,$220.00,Clensta,"Red Aloe Vera, 1% Niacinamide, 0.5% Vitamin E, 3% Walnut Shell","Gently apply the scrub to your face in circular motions, avoiding the eye area; continue massaging for about 2 minutes; rinse with lukewarm water; pat dry","Exfoliates dead skin cells, unclogs pores, fades hyperpigmentation, prevents ingrown facial hair, brightens complexion, reduces acne and blackheads, suitable for all skin types"
Dry,Clensta Red Aloe Vera Moisturizing Face Wash,Healthy,https://www.amazon.in/Clensta-Moisturizing-Hyaluronic-Hydrating-Refreshing/dp/B0CKVPPX1H?ref_=ast_sto_dp,https://m.media-amazon.com/images/I/61RCWIEIJ6L._SL1500_.jpg,$250.00,Clensta?,"Red Aloe Vera Extract, 0.1% Hyaluronic Acid, Purified Water, Cocamidopropyl Betaine, Sodium Lauroyl Sarcosinate, Sodium Cocoyl Isethionate, Sodium Cocoyl Apple Amino Acids, Glycerin, PEG-120 Methyl Glucose Dioleate, Sodium Benzoate, Sodium PCA, Fragrance, Phenoxyethanol, Ethylhexylglycerin, PEG-75 Shea Butter Glycerides, Propylene Glycol, Citric Acid, Allantoin, Potassium Sorbate, Menthol, Sodium Gluconate, Color C.I. 16255","Apply a small amount onto wet face, gently massage in circular motions, rinse thoroughly with water, use twice daily for best results","Cleanses impurities, hydrates and moisturizes skin, suitable for dry and acne-prone skin, free from sulfates and parabens"
Dry,SkinQ Hydrate & Nourish Mask,Psoriasis,https://skinq.com/products/hydrate-nourish-mask-60g?variant=43914436772060&currency=INR&gclid=CjwKCAjwvpCkBhB4EiwAujULMs4u2_luvf4_KBNTNy62-sHuEKNu6NcPo8iv6oyr8aHKk4pZFjRMbRoCp8QQAvD_BwE,https://vanitywagon.in/cdn/shop/products/SkinQ_Hydrate_Nourish_Face_Mask_With_Ceramides_Squala-1_1080x1080.jpg?v=1706607117,$120.00,SkinQ,"Ceramides, Squalane, Sodium Hyaluronate, Amino Acids, Lactic Acid, Niacinamide","Cleanse and pat dry face, apply 5 g (approximately 1 teaspoon) of the mask, leave on for 15-20 minutes, rinse off with water, use 2-3 times a week","Moisturizes skin, restores skin barrier, provides deep tissue hydration, strengthens skin, gently exfoliates dead skin, evens skin texture"
Oily,SkinQ Acne & Oil Control Serum,Healthy,https://skinq.com/products/oil-acne-control-elixir-serum-30-ml-best-for-oily-skin,"https://m.media-amazon.com/images/I/61ShuKW9SZL._AC_UF1000,1000_QL80_.jpg",$150.00,SkinQ,"Aqua, Aloe Barbadensis (Aloe Vera) Leaf Extract, 1,2 Propanediol, Azelaic Acid, Glycerin, Niacinamide, Salicylic Acid, Saccharide Isomerate, Retinol Liposomes, Ethylhexylglycerin, Phenoxyethanol, Glucono Delta Lactone, PEG-40 Hydrogenated Castor Oil, Disodium EDTA, Triethanolamine, Cucumis Sativus (Cucumber) Fruit Extract, Chamomilla Recutita (Chamomile) Flower Extract","Apply 2-3 drops of the serum on a cleansed face, gently massage until absorbed, use twice daily for best results","Controls oil production, reduces acne breakouts, unclogs pores, fades acne marks, soothes and calms irritated skin"
"Combination,Oily,Sensitive",Dermoys 365 Lotion,Eczema,https://www.apollopharmacy.in/otc/dermoys-365-lotion-100ml?utm_source=google&utm_medium=ss&campaignid=13258248171&adgroupid=120125018862&keyword=&device=m&adtype=&product_id=DER0414&utm_campaign=Farming_Smart-Shopping_P2City-+All_26+May_pharmacy.in&utm_content=PAN+INDIA&gclid=Cj0KCQjw6pOTBhCTARIsAHF23fISG8jPCNTuflprWlK36_NBvYJRHSaytobsFUopZy_8GcEqPs_FRi0aAmjYEALw_wcB,https://www.clickoncare.com/cdn/shop/files/DER0414_3_1.jpg?v=1691406621,$180.00,Percos India Pvt. Ltd,"Aqua, Propylene Glycol, Emulsifying Wax (Non-Ionic), Beeswax, Isopropyl Myristate, Glycerin, Betaine, Phenoxyethanol, Dehydroacetic Acid, Benzyl Alcohol, Aloe Barbadensis (Aloe Vera), Butyrospermum Parkii (Shea Butter), Helianthus Annuus (Sunflower) Seed Oil, Ceramide III (3.0%), Triethanolamine","Apply Dermoys 365 Lotion topically on the skin as a lotion. For best results, use daily on all parts of the body. Gently massage the lotion into the skin until fully absorbed","Provides 72-hour deep hydration, relieves itchy and dry skin, restores natural lipid barrier, maintains skin's natural pH balance, non-comedogenic, suitable for all skin types"
Oily,MFine 3% Tranexamic Acid Serum,Psoriasis,https://www.mfine.co/skincare/products/mfine-3-tranexamic-acid-serum?utm_source=google&utm_medium=cpc&utm_campaignid=21042786868&utm_agid=&keyword=&matchtype=&utm_term=&utm_campaign=&network=x&gad_source=1&gclid=Cj0KCQjwwYSwBhDcARIsAOyL0fj5yJdUd4Y_ZdqPxTl_V8JTwfkFuVIadGRKiY_BpyBAKNcP9wXKMKcaAsS_EALw_wcB,"https://assets.mfine.co/api/contentservice/attachments/download/catalog-manager/d2c/images/3-Serum-Tranexamic-Acid-01-V4.jpg/w_352,h_410",$200.00,MFine Derma Essentials,"Tranexamic Acid 3%, Aloe Vera, Green Tea Extract, Licorice Root Extract","Apply a few drops to cleansed face in the morning, gently massage until absorbed, follow with moisturizer and sunscreen","Evens skin tone, fades dark spots, reduces inflammation, provides antioxidant protection, hydrates and soothes skin"
Combination,MFine 1% Salicylic Acid Foaming Cleanser,Acne,https://www.mfine.co/skincare/products/mfine-1-salicylic-acid-foaming-cleanser?utm_source=google&utm_medium=cpc&utm_campaignid=21042786868&utm_agid=&keyword=&matchtype=&utm_term=&utm_campaign=&network=x&gad_source=1&gclid=Cj0KCQjwwYSwBhDcARIsAOyL0fjEGke94qY5y2hyQkI48zZDuQiAHf8dOq0ZV4pIhUaAI3KY_laS4wMaAtWfEALw_wcB,"https://assets.mfine.co/api/contentservice/attachments/download/catalog-manager/d2c/images/1-Salicylic-Acid-Foaming-Cleanser-01-V4.jpg/w_352,h_410",$110.00,Mfine,"Salicylic Acid (1%), Hyaluronic Acid, Grape Fruit Extract, Boswellia Serrata Resin Extract, Ginger Root Extract","Apply foam, massage for 30 sec, rinse","Fights acne, controls oil, hydrates, tightens skin, soothes irritation"
Oily,MFine Sunscreen Gel SPF 50/PA++,Rosacea,https://www.mfine.co/skincare/products/mfine-sunscreen-gel-spf-50pa?utm_source=google&utm_medium=cpc&utm_campaignid=21042786868&utm_agid=&keyword=&matchtype=&utm_term=&utm_campaign=&network=x&gad_source=1&gclid=Cj0KCQjwzZmwBhD8ARIsAH4v1gWLFqEIyhmAmuscPA_DIuZ6mmg_Afc2sPDYN_-EGeFfLdcODc1x-fQaAruuEALw_wcB,"https://assets.mfine.co/api/contentservice/attachments/download/catalog-manager/d2c/images/Sunscreen-Gel-SPF-50PA-01-V4.jpg/w_352,h_410",$130.00,Mfine,"Zinc Oxide, Titanium Dioxide, Hyaluronic Acid, Vitamin E","Apply 15 min before sun exposure, reapply every 2-3 hours","Broad-spectrum protection, lightweight, non-greasy, hydrates, prevents sun damage"
Normal,MFine 10% Niacinamide Serum,Psoriasis,https://www.mfine.co/skincare/products/mfine-10-niacinamide-serum?utm_source=google&utm_medium=cpc&utm_campaignid=21042786868&utm_agid=&keyword=&matchtype=&utm_term=&utm_campaign=&network=x&gad_source=1&gclid=Cj0KCQjwzZmwBhD8ARIsAH4v1gWGuOY1OIXHQ7wZ98636oKk4m5UUPsOMSgvYKLXjbK0LKHtHvHqcs4aAp2zEALw_wcB,"https://assets.mfine.co/api/contentservice/attachments/download/catalog-manager/d2c/images/10-Niacinamide-Serum-01-V4.jpg/w_352,h_410",$60.00,Mfine,"10% Niacinamide, Zinc, Hyaluronic Acid, Vitamin E","Apply a few drops on cleansed face, gently massage until absorbed, use twice daily, follow with moisturizer and sunscreen in the morning","Reduces acne marks, controls oil production, improves skin texture, hydrates and strengthens the skin barrier"
Dry,MFine 1% Lactic Acid Foaming Cleanser,Eczema,https://www.mfine.co/skincare/products/mfine-1-lactic-acid-foaming-cleanser?utm_source=google&utm_medium=cpc&utm_campaignid=21042786868&utm_agid=&keyword=&matchtype=&utm_term=&utm_campaign=&network=x&gad_source=1&gclid=Cj0KCQjwzZmwBhD8ARIsAH4v1gV1mzaLJo0jDCpcQExo0B9pDIKpC3ghsS-BAhxu9UyX1xttDIOePzsaApYyEALw_wcB,"https://assets.mfine.co/api/contentservice/attachments/download/catalog-manager/d2c/images/1-Lactic-Acid-Foaming-Cleanser_01_V4.jpg/w_352,h_410",$180.00,Mfine,"1% Lactic Acid, Glycerin, Aloe Vera Extract, Vitamin E","Apply to wet face, gently massage in circular motions, rinse thoroughly with water, use twice daily for best results","Exfoliates dead skin cells, brightens complexion, improves skin texture, hydrates and soothes sensitive skin"
Combination,MFine 20% Vitamin C + 1% Ferulic Acid Serum,Psoriasis,https://www.mfine.co/skincare/products/mfine-20-vitamin-c-1-ferulic-acid-serum?utm_source=google&utm_medium=cpc&utm_campaignid=21042786868&utm_agid=&keyword=&matchtype=&utm_term=&utm_campaign=&network=x&gad_source=1&gclid=Cj0KCQjwzZmwBhD8ARIsAH4v1gU4iYbHz1_hWokFCSmOfRVXSiLr2DutvFhWps-U9-5IYIyOrSl7UqAaAl9IEALw_wcB,"https://assets.mfine.co/api/contentservice/attachments/download/catalog-manager/d2c/images/20-Vitamin-C-1-Ferulic-Acid-Serum-01-V4.jpg/w_352,h_410",$120.00,Mfine,"20% Vitamin C, 1% Ferulic Acid, Hyaluronic Acid, Vitamin E","Apply a few drops to cleansed face and neck, gently pat into skin until absorbed, use in the morning before sunscreen","Brightens skin, reduces dark spots, fights free radicals, boosts collagen production, and enhances skin hydration"
Oily,MFine 1% Mandelic Acid Exfoliation Cleanser,Eczema,https://www.mfine.co/skincare/products/mfine-1-mandelic-acid-exfoliating-cleanser?,"https://assets.mfine.co/api/contentservice/attachments/download/catalog-manager/d2c/images/1-Mandelic-Acid-Exfoliating-Cleanser-01-V4.jpg/w_352,h_410",$150.00,Mfine,"1% Mandelic Acid, Glycolic Acid, Salicylic Acid, Aloe Vera Extract","Apply a small amount to damp skin, gently massage in circular motions, rinse thoroughly with lukewarm water, and use once daily","Exfoliates dead skin cells, unclogs pores, reduces acne, evens out skin tone, and promotes smoother skin texture"
Normal,"Dermabay Hydrating Serum- Hyaluronic acid with Epidermosil, Centella Asiatica Extract, Dolcevia, Niacinamide",Healthy,https://dermabay.in/products/hydrating-serum-hyaluronic-acid-with-epidermosil-centella-asiatica-extract-dolcevia-niacinamide,https://dermabay.in/cdn/shop/files/big1.png?v=1705665404&width=1200,$180.00,Dermabay,"Hyaluronic Acid, Epidermosil, Centella Asiatica Extract, Dolcevia, Niacinamide","Apply a few drops on clean, dry skin. Gently massage until absorbed. Use twice daily, morning and night. Follow with a moisturizer","Deeply hydrates and plumps the skin, improves skin elasticity, soothes irritation, brightens complexion, and strengthens the skin barrier"
Combination,"Dermabay Hydrating Moisturizer with Ceramides, Niacinamide, Olivem & Glycerin",Healthy,https://dermabay.in/products/hydrating-moisturizer,https://dermabay.in/cdn/shop/files/Mosturizerwithpacket.jpg?v=1688447836&width=1155,$200.00,Dermabay,"Hyaluronic Acid, Ceramides, Niacinamide, Glycerin, Shea Butter","Apply to clean skin and gently massage until fully absorbed. Use twice daily, morning and night, or as needed","Provides deep hydration, strengthens the skin barrier, soothes irritation, reduces dryness, and improves skin texture"
Dry,MFine Gentle Milk Cleanser,Psoriasis,https://www.mfine.co/skincare/products/mfine-gentle-milk-cleanser?,"https://assets.mfine.co/api/contentservice/attachments/download/catalog-manager/d2c/images/Gentle-Milk-Cleanser-01-V4.jpg/w_352,h_410",$130.00,Mfine,"Milk Extracts, Glycerin, Aloe Vera, Vitamin E, Essential Oils","Apply a small amount to damp skin, massage gently in circular motions, and rinse with lukewarm water. Use twice daily for best results","Gently cleanses without stripping moisture, hydrates and nourishes the skin, soothes irritation, and maintains a healthy skin barrier"
Normal,Dermabay Niacinamide 5%+ Hyaluronic Acid 1% Serum,Acne,https://dermabay.in/products/best-niacinamide-serum,https://dermabay.in/cdn/shop/files/Niacianamide.webp?v=1695713825&width=1155,$150.00,Dermabay,"Niacinamide, Zinc PCA, Hyaluronic Acid, Allantoin","Apply 2-3 drops on cleansed skin, gently massage until absorbed. Use twice daily, followed by moisturizer and sunscreen in the morning","Reduces acne and blemishes, controls excess oil, improves skin texture, minimizes pores, and enhances skin hydration"
Normal,Dermabay Vitamin C 15% + Hyaluronic Acid 1% Serum,Psoriasis,https://dermabay.in/products/vitamin-c-15-hyaluronic-acid-1-serum,https://dermabay.in/cdn/shop/files/Artboard1_25.webp?v=1705299690&width=1080,$180.00,Dermabay,"15% Vitamin C, 1% Hyaluronic Acid, Ferulic Acid, Vitamin E","Apply a few drops to cleansed skin in the morning, gently massage until absorbed. Follow with a moisturizer and sunscreen","Brightens skin, reduces dark spots, boosts collagen production, hydrates, and protects against environmental damage"
Normal,"Dermabay Brightening Serum with Kojic Acid, Alpha Arbutin, Tranexamic Acid, Azelaic Acid",Rosacea,https://dermabay.in/products/kojic-acid-serum,https://dermabay.in/cdn/shop/files/Newvitaminc_1.webp?v=1709035147&width=1080,$210.00,Dermabay,"Kojic Acid, Alpha Arbutin, Niacinamide, Hyaluronic Acid","Apply a few drops to clean, dry skin at night. Gently massage until absorbed. Follow with a moisturizer. Use sunscreen during the day","Reduces dark spots, evens skin tone, brightens complexion, and helps with hyperpigmentation"
Oily,"Dermabay Sunscreen with Tetrahydrocurcumin, Methoxyphenyl Triazine, SPF 50, PA++++ | No white cast",Rosacea,https://dermabay.in/products/sunscreen,https://dermabay.in/cdn/shop/files/Sunscreen.webp?v=1695715170&width=1155,$200.00,Dermabay,"Zinc Oxide, Titanium Dioxide, Hyaluronic Acid, Niacinamide, Vitamin E","Apply generously 15 minutes before sun exposure. Reapply every 2 hours, especially after swimming or sweating","Provides broad-spectrum UV protection, prevents sun damage, hydrates the skin, and helps reduce pigmentation"
Normal,MFine 2% Peptides Serum,Healthy,https://www.mfine.co/skincare/products/mfine-2-peptides-serum?,"https://assets.mfine.co/api/contentservice/attachments/download/catalog-manager/d2c/images/2-Peptides-Serum-06-V4.jpg/w_352,h_410",$250.00,Mfine,"Peptides, Hyaluronic Acid, Niacinamide, Glycerin","Apply a few drops to clean skin, gently massage until absorbed, use twice daily. Follow with moisturizer and sunscreen in the morning","Enhances skin hydration, boosts collagen production, reduces fine lines, and improves skin elasticity"
Oily,Dermabay Foaming Facewash with Salicylic Acid & Zinc PCA,Acne,https://dermabay.in/products/foaming-facewash,https://dermabay.in/cdn/shop/files/ProductImages.webp?v=1709034904&width=1155,$200.00,Dermabay,"Salicylic Acid, Niacinamide, Tea Tree Extract, Glycerin","Wet your face with lukewarm water,Pump a small amount of face wash and gently massage in circular motions,Rinse thoroughly and pat dry,Use twice daily for best results","Deeply cleanses and removes excess oil,Helps prevent acne and breakouts,Soothes and refreshes the skin,Maintains skin hydration without over-drying"
