Age,Gender,Water_Intake_Glasses,Diet_Quality,Sleep_Hours,Exercise_Frequency,Stress_Level,Sun_Exposure,Hydration_Level,Acne_History,Redness,Sensitivity_to_Products,Wrinkles_Fine_Lines,Dark_Spots,Skin_Type,Skin_Condition
20,Female,4,Average,9,Never,Low,Low,Low,No,Yes,No,Yes,Yes,Dry,Psoriasis
47,Other,5,Average,4,Never,Medium,High,Medium,No,No,No,No,No,Combination,Psoriasis
24,Other,2,Healthy,4,Occasionally,Medium,Medium,Medium,Yes,No,Yes,Yes,No,Dry,Eczema
57,Female,2,Poor,7,Occasionally,Medium,High,Low,Yes,No,Yes,No,No,Dry,Acne
53,Male,9,Healthy,4,Never,High,Low,High,No,No,No,No,No,Dry,Healthy
53,Male,7,Poor,9,Never,Medium,Low,Medium,No,No,Yes,Yes,Yes,Normal,Eczema
49,Male,8,Average,7,Regularly,High,Low,Medium,No,No,No,Yes,No,Dry,Healthy
31,Female,4,Average,9,Never,Medium,Low,High,No,Yes,No,No,No,Dry,Acne
56,Female,2,Healthy,9,Regularly,Medium,Low,Medium,No,Yes,No,Yes,No,Combination,Psoriasis
28,Male,5,Average,5,Occasionally,Medium,Medium,High,No,No,No,Yes,No,Dry,Healthy
20,Male,4,Healthy,6,Occasionally,Medium,Low,Medium,Yes,No,Yes,Yes,No,Dry,Acne
62,Male,5,Average,9,Occasionally,Medium,Medium,Medium,No,Yes,Yes,No,No,Normal,Rosacea
47,Male,9,Healthy,7,Regularly,High,Medium,High,Yes,No,No,Yes,No,Oily,Psoriasis
63,Other,3,Average,7,Never,Medium,Low,Low,No,No,Yes,No,No,Oily,Psoriasis
58,Other,8,Average,9,Occasionally,Medium,Low,High,Yes,No,No,No,Yes,Normal,Healthy
26,Female,7,Average,8,Occasionally,Medium,Low,Low,No,No,No,Yes,No,Dry,Healthy
28,Other,10,Average,8,Never,High,Medium,Medium,No,Yes,Yes,No,No,Combination,Rosacea
47,Other,4,Poor,6,Occasionally,High,Medium,Medium,No,No,No,No,No,Dry,Healthy
24,Female,6,Poor,7,Regularly,Medium,Medium,Medium,No,No,No,No,No,Dry,Healthy
33,Female,2,Poor,5,Never,Low,Medium,Medium,No,No,No,Yes,No,Oily,Healthy
40,Male,6,Average,7,Regularly,Low,High,High,Yes,No,Yes,Yes,Yes,Combination,Rosacea
56,Female,11,Healthy,7,Occasionally,High,Low,Medium,No,No,No,Yes,No,Dry,Healthy
44,Other,5,Healthy,6,Never,Medium,Medium,Low,No,No,No,No,No,Normal,Healthy
20,Other,2,Average,9,Regularly,Medium,High,High,Yes,No,No,No,No,Combination,Psoriasis
24,Female,8,Healthy,8,Never,High,Low,Low,Yes,No,No,Yes,Yes,Dry,Psoriasis
18,Male,7,Average,5,Occasionally,High,Medium,Medium,No,No,Yes,No,No,Dry,Eczema
55,Male,7,Poor,4,Regularly,Medium,High,High,No,No,Yes,No,No,Dry,Eczema
35,Male,5,Average,9,Never,Medium,High,Low,No,No,No,Yes,No,Combination,Healthy
49,Other,7,Average,8,Never,Low,Low,High,No,No,Yes,No,Yes,Normal,Eczema
31,Other,5,Average,6,Never,Medium,High,Medium,Yes,Yes,No,No,No,Oily,Psoriasis
25,Female,10,Average,7,Never,High,Medium,Medium,Yes,No,No,No,No,Dry,Psoriasis
63,Female,9,Poor,5,Occasionally,Medium,Low,Medium,Yes,No,Yes,Yes,No,Dry,Acne
26,Other,5,Average,6,Never,Low,Low,Low,No,No,No,Yes,No,Normal,Healthy
30,Male,5,Average,6,Regularly,High,Low,Medium,No,Yes,No,No,No,Dry,Psoriasis
18,Male,4,Poor,8,Occasionally,Low,High,Low,No,No,No,Yes,No,Dry,Healthy
50,Male,3,Poor,7,Regularly,High,High,Low,Yes,No,Yes,No,Yes,Dry,Acne
24,Female,8,Poor,5,Occasionally,High,High,Medium,Yes,No,No,Yes,No,Dry,Healthy
30,Female,5,Poor,8,Regularly,High,High,Medium,No,No,No,Yes,No,Dry,Rosacea
44,Female,10,Healthy,9,Occasionally,Low,Medium,Medium,Yes,No,No,Yes,Yes,Oily,Psoriasis
36,Male,4,Average,4,Never,High,High,Low,No,Yes,Yes,No,No,Dry,Rosacea
49,Male,8,Average,5,Occasionally,Low,High,High,Yes,No,Yes,No,No,Combination,Acne
44,Male,10,Average,9,Occasionally,Medium,Medium,Low,No,No,No,Yes,Yes,Normal,Healthy
57,Other,2,Average,4,Occasionally,Medium,High,Low,No,Yes,No,No,Yes,Dry,Psoriasis
42,Female,5,Average,9,Never,Medium,Medium,High,No,No,Yes,No,No,Normal,Eczema
35,Female,5,Average,7,Never,Medium,Low,Medium,No,No,No,Yes,Yes,Normal,Healthy
33,Female,11,Average,9,Never,Low,Low,Medium,No,Yes,No,Yes,No,Normal,Psoriasis
20,Female,11,Average,8,Occasionally,Low,Low,High,No,No,No,No,No,Normal,Healthy
28,Other,5,Poor,7,Occasionally,Low,High,High,Yes,No,No,No,No,Dry,Eczema
34,Female,6,Poor,7,Occasionally,Medium,Medium,Medium,No,No,No,No,No,Combination,Healthy
58,Male,7,Healthy,5,Occasionally,Medium,High,Low,Yes,Yes,No,Yes,No,Normal,Rosacea
64,Male,5,Healthy,8,Never,Low,Low,High,No,No,No,No,No,Dry,Healthy
50,Male,11,Average,9,Occasionally,Medium,Medium,Medium,No,No,No,No,No,Normal,Healthy
59,Male,2,Healthy,5,Never,Medium,High,Low,No,Yes,Yes,Yes,No,Dry,Rosacea
27,Male,9,Average,7,Occasionally,Low,High,High,No,Yes,No,Yes,No,Dry,Psoriasis
44,Other,10,Average,7,Never,Low,Low,Medium,No,No,No,No,No,Normal,Healthy
21,Female,4,Average,7,Never,High,Medium,Medium,Yes,Yes,Yes,No,No,Dry,Acne
23,Other,6,Average,7,Regularly,Medium,High,Medium,No,No,Yes,No,No,Combination,Eczema
58,Male,2,Healthy,7,Occasionally,Low,Low,Medium,No,Yes,No,Yes,No,Dry,Psoriasis
56,Male,7,Poor,6,Occasionally,Medium,High,Medium,Yes,Yes,Yes,Yes,No,Dry,Rosacea
24,Male,6,Average,8,Never,Low,Medium,Medium,Yes,No,No,Yes,No,Normal,Psoriasis
34,Female,6,Healthy,8,Occasionally,Medium,Medium,High,No,Yes,No,No,No,Normal,Rosacea
20,Female,3,Healthy,7,Regularly,High,Low,Medium,No,No,No,No,No,Dry,Healthy
36,Male,2,Average,7,Regularly,High,Medium,Medium,No,No,No,No,Yes,Dry,Healthy
48,Female,6,Poor,4,Never,High,Medium,Low,No,No,Yes,Yes,No,Dry,Healthy
18,Female,9,Average,7,Occasionally,Medium,Low,Medium,No,No,No,No,No,Normal,Healthy
56,Male,2,Average,5,Occasionally,High,High,Low,No,No,No,No,No,Dry,Psoriasis
37,Female,10,Average,9,Regularly,Low,High,Medium,No,No,No,Yes,No,Combination,Eczema
25,Female,7,Average,4,Regularly,Medium,High,Medium,No,No,No,Yes,No,Combination,Healthy
27,Other,3,Average,6,Never,Medium,Medium,High,No,No,No,No,No,Dry,Healthy
64,Female,8,Poor,5,Occasionally,Medium,Low,Low,No,No,No,Yes,Yes,Dry,Healthy
41,Female,2,Poor,4,Occasionally,Medium,High,Low,No,No,Yes,No,No,Dry,Healthy
27,Female,8,Healthy,5,Occasionally,Low,High,Low,No,No,Yes,No,No,Normal,Eczema
58,Female,5,Average,9,Occasionally,High,High,Low,No,Yes,No,No,No,Dry,Psoriasis
19,Male,10,Healthy,6,Never,High,Medium,Medium,No,No,No,Yes,No,Dry,Healthy
34,Female,5,Healthy,9,Regularly,Low,High,Medium,No,No,No,No,No,Normal,Acne
41,Female,8,Average,5,Occasionally,Low,Low,High,No,Yes,No,No,No,Normal,Psoriasis
25,Male,11,Poor,5,Never,Low,Low,Low,No,No,No,No,No,Dry,Healthy
27,Male,5,Average,9,Occasionally,Medium,Low,Medium,No,No,No,Yes,No,Normal,Healthy
34,Male,3,Healthy,5,Occasionally,High,Low,Medium,No,No,No,No,No,Oily,Healthy
57,Male,9,Healthy,9,Never,Low,Low,Medium,No,No,No,No,No,Oily,Healthy
31,Male,10,Average,9,Occasionally,Low,Low,High,Yes,Yes,Yes,Yes,No,Normal,Acne
51,Male,6,Average,5,Occasionally,Medium,High,High,No,No,No,Yes,No,Normal,Healthy
53,Female,10,Healthy,6,Never,High,Low,Low,No,Yes,Yes,No,No,Normal,Rosacea
51,Female,6,Average,7,Regularly,Medium,Low,Low,Yes,No,No,No,No,Normal,Psoriasis
50,Female,5,Average,6,Occasionally,Medium,Medium,High,No,No,Yes,No,No,Normal,Eczema
30,Male,9,Average,9,Never,Low,High,Low,No,No,Yes,Yes,Yes,Combination,Eczema
34,Female,7,Average,8,Never,High,Low,Low,Yes,No,No,Yes,Yes,Dry,Psoriasis
20,Male,2,Average,9,Occasionally,Medium,Medium,Medium,No,No,No,Yes,Yes,Oily,Healthy
19,Other,10,Poor,7,Never,Medium,High,Medium,No,No,Yes,Yes,No,Dry,Eczema
64,Other,9,Healthy,6,Regularly,Low,Low,Low,No,No,No,No,Yes,Oily,Healthy
33,Other,2,Poor,9,Regularly,High,Low,High,Yes,No,No,Yes,Yes,Dry,Psoriasis
51,Male,11,Average,9,Occasionally,Low,High,High,No,No,No,Yes,Yes,Normal,Healthy
28,Other,11,Poor,9,Never,High,Medium,Low,No,No,No,No,No,Dry,Healthy
34,Male,5,Healthy,5,Never,High,Medium,High,Yes,No,Yes,Yes,Yes,Dry,Acne
26,Female,9,Average,6,Regularly,Low,High,Low,Yes,Yes,No,Yes,Yes,Combination,Psoriasis
19,Male,9,Poor,6,Occasionally,Medium,Low,High,Yes,No,Yes,Yes,Yes,Normal,Acne
28,Female,7,Average,6,Occasionally,High,Medium,Low,Yes,No,No,Yes,No,Oily,Psoriasis
57,Other,5,Healthy,6,Occasionally,Medium,High,High,Yes,No,Yes,Yes,No,Normal,Acne
26,Other,7,Healthy,4,Occasionally,Medium,Low,Medium,No,No,Yes,No,No,Dry,Eczema
30,Other,11,Poor,6,Occasionally,Medium,High,High,No,No,Yes,Yes,No,Normal,Eczema
47,Other,4,Healthy,4,Never,Medium,Medium,Medium,No,No,No,Yes,Yes,Dry,Healthy
39,Other,5,Average,8,Regularly,Medium,High,Low,No,No,Yes,Yes,No,Combination,Eczema
37,Other,7,Poor,8,Regularly,High,Low,Low,No,No,No,Yes,Yes,Dry,Healthy
21,Male,10,Average,4,Occasionally,Low,Low,Medium,No,Yes,Yes,No,No,Oily,Rosacea
22,Male,3,Poor,5,Never,Low,Medium,Medium,No,No,No,No,No,Dry,Healthy
25,Other,6,Healthy,6,Never,Medium,Low,Low,Yes,Yes,No,Yes,No,Normal,Psoriasis
62,Other,8,Poor,8,Regularly,Medium,Medium,Medium,No,Yes,No,Yes,No,Normal,Psoriasis
59,Female,11,Average,6,Occasionally,Medium,High,Medium,Yes,Yes,No,No,Yes,Normal,Psoriasis
23,Female,8,Average,8,Occasionally,High,Medium,Medium,No,No,No,No,Yes,Dry,Healthy
25,Other,2,Healthy,9,Never,Medium,Low,Medium,No,No,No,No,No,Dry,Healthy
25,Other,7,Average,7,Regularly,High,Medium,Medium,No,No,No,No,Yes,Dry,Psoriasis
22,Other,11,Average,4,Regularly,High,Medium,Medium,No,No,No,No,No,Combination,Healthy
30,Female,4,Average,5,Occasionally,Medium,High,Low,No,Yes,No,No,Yes,Combination,Psoriasis
47,Male,5,Poor,7,Never,Low,Low,High,Yes,No,Yes,No,No,Dry,Acne
30,Female,8,Poor,5,Never,High,Low,Low,No,No,Yes,Yes,No,Combination,Eczema
48,Other,9,Average,4,Occasionally,Low,Low,Medium,No,No,Yes,Yes,No,Normal,Eczema
20,Male,4,Poor,8,Occasionally,Medium,Low,Medium,No,No,Yes,No,No,Dry,Eczema
18,Other,8,Poor,4,Occasionally,Low,Low,Medium,No,No,No,Yes,No,Dry,Healthy
62,Other,7,Average,5,Regularly,High,Low,Medium,No,Yes,No,Yes,No,Dry,Psoriasis
31,Other,7,Average,5,Occasionally,Low,Low,Medium,No,No,Yes,Yes,No,Normal,Eczema
24,Other,9,Poor,8,Occasionally,Medium,High,Medium,No,No,Yes,Yes,No,Oily,Eczema
58,Other,6,Healthy,5,Never,Low,Medium,Low,Yes,No,Yes,Yes,No,Combination,Acne
34,Other,2,Poor,7,Regularly,High,Low,Low,Yes,No,No,Yes,No,Dry,Psoriasis
57,Female,9,Poor,8,Regularly,Medium,Low,Low,No,Yes,No,Yes,No,Dry,Psoriasis
49,Other,7,Healthy,5,Regularly,Medium,Low,High,No,No,No,No,No,Normal,Healthy
52,Other,3,Average,8,Regularly,Low,Medium,High,No,No,No,No,Yes,Dry,Healthy
24,Female,7,Average,8,Occasionally,High,Medium,Medium,Yes,No,Yes,Yes,Yes,Dry,Acne
25,Male,4,Average,9,Never,High,Low,Low,Yes,No,Yes,No,No,Dry,Eczema
54,Female,4,Poor,8,Never,Medium,High,Low,Yes,No,No,No,No,Dry,Rosacea
20,Male,8,Average,7,Occasionally,High,Low,Low,Yes,No,No,Yes,Yes,Dry,Acne
54,Male,5,Poor,8,Occasionally,High,Low,High,No,No,No,No,No,Dry,Healthy
54,Female,8,Average,9,Regularly,Low,Low,Low,No,No,No,Yes,Yes,Normal,Healthy
50,Male,10,Average,9,Never,High,Low,Medium,No,No,Yes,No,Yes,Dry,Healthy
22,Other,11,Average,5,Never,Low,Low,Low,No,No,Yes,No,No,Normal,Eczema
48,Female,4,Healthy,8,Occasionally,Low,High,Medium,No,No,No,No,No,Dry,Eczema
26,Other,2,Poor,4,Occasionally,Low,Medium,High,No,No,Yes,No,No,Dry,Eczema
50,Female,5,Average,5,Occasionally,Medium,Medium,High,No,No,No,Yes,No,Normal,Eczema
32,Other,7,Poor,8,Occasionally,Low,Low,Low,No,Yes,No,Yes,No,Dry,Psoriasis
28,Other,10,Average,9,Occasionally,Low,High,Medium,No,No,Yes,No,No,Combination,Eczema
46,Male,11,Average,9,Regularly,High,Low,Low,No,No,Yes,No,No,Dry,Eczema
18,Female,3,Poor,4,Regularly,High,Low,High,No,No,No,No,No,Combination,Healthy
26,Female,5,Healthy,7,Never,Medium,Medium,Medium,Yes,No,No,No,No,Normal,Rosacea
20,Male,3,Average,7,Occasionally,Low,Medium,Low,No,Yes,No,No,Yes,Normal,Psoriasis
34,Male,5,Healthy,4,Never,Low,High,Medium,No,No,No,No,Yes,Normal,Psoriasis
60,Male,11,Poor,8,Occasionally,Low,High,Low,Yes,No,Yes,Yes,No,Dry,Acne
58,Male,4,Healthy,6,Never,High,High,High,Yes,No,No,Yes,No,Dry,Psoriasis
63,Female,11,Healthy,4,Occasionally,Medium,Medium,Low,No,No,No,No,Yes,Normal,Healthy
23,Female,11,Poor,4,Occasionally,Low,High,High,No,No,Yes,Yes,No,Dry,Eczema
60,Male,10,Healthy,4,Occasionally,Low,Low,Low,No,Yes,No,No,Yes,Oily,Psoriasis
28,Male,7,Average,7,Never,Medium,Low,Medium,No,No,Yes,No,No,Normal,Eczema
46,Other,2,Poor,8,Regularly,Low,High,Medium,No,No,No,Yes,No,Dry,Healthy
53,Male,9,Healthy,8,Occasionally,Low,Medium,High,No,No,No,Yes,No,Oily,Healthy
40,Male,3,Poor,4,Occasionally,Low,High,High,No,No,No,No,No,Dry,Healthy
48,Female,4,Healthy,9,Occasionally,Low,High,Medium,No,Yes,No,No,No,Dry,Psoriasis
25,Female,3,Poor,4,Never,Medium,Medium,Medium,Yes,No,No,No,No,Dry,Psoriasis
20,Male,11,Poor,9,Regularly,Medium,Low,Medium,No,No,No,Yes,Yes,Dry,Healthy
36,Other,11,Poor,5,Never,Low,Low,High,No,No,Yes,No,No,Dry,Eczema
53,Other,9,Poor,7,Never,Low,High,Medium,No,No,No,Yes,Yes,Dry,Healthy
19,Female,7,Average,9,Never,Low,Medium,Medium,Yes,No,No,Yes,No,Normal,Psoriasis
45,Female,9,Average,5,Occasionally,Medium,Low,High,No,No,No,No,No,Normal,Healthy
47,Female,4,Healthy,5,Occasionally,Medium,High,Low,No,No,No,No,No,Dry,Healthy
64,Male,2,Poor,8,Never,Low,Medium,Medium,No,No,Yes,Yes,No,Dry,Eczema
43,Female,9,Average,6,Occasionally,Low,Low,High,No,No,No,No,Yes,Normal,Psoriasis
22,Female,3,Poor,7,Occasionally,Medium,Low,Medium,No,Yes,No,No,No,Oily,Rosacea
43,Other,7,Average,7,Never,Medium,Medium,Medium,No,No,No,No,No,Normal,Healthy
37,Other,8,Average,5,Never,Medium,Medium,Low,No,No,Yes,No,No,Oily,Eczema
58,Female,2,Average,6,Never,High,Low,Low,No,Yes,No,Yes,No,Dry,Psoriasis
42,Female,8,Poor,4,Never,Medium,High,Medium,No,Yes,Yes,Yes,No,Dry,Rosacea
37,Other,7,Poor,6,Occasionally,High,High,Medium,No,No,No,Yes,Yes,Dry,Healthy
23,Other,8,Poor,6,Never,Medium,Low,Low,No,No,No,No,No,Dry,Healthy
64,Male,3,Poor,4,Regularly,High,High,Medium,No,No,Yes,Yes,Yes,Dry,Eczema
19,Other,9,Average,5,Never,Low,Medium,Low,Yes,No,No,No,No,Normal,Psoriasis
60,Female,3,Average,8,Occasionally,Medium,High,High,No,No,No,No,No,Dry,Healthy
62,Female,4,Poor,5,Never,Medium,Low,High,Yes,No,No,No,Yes,Oily,Psoriasis
29,Male,6,Healthy,4,Occasionally,Low,High,Low,Yes,No,Yes,Yes,No,Normal,Acne
57,Other,9,Poor,4,Occasionally,Low,Low,Low,Yes,No,No,No,No,Dry,Psoriasis
38,Other,5,Healthy,8,Occasionally,High,Medium,Medium,No,No,No,No,No,Dry,Healthy
19,Male,11,Average,9,Regularly,High,Medium,High,No,Yes,No,No,No,Dry,Psoriasis
28,Other,9,Healthy,7,Occasionally,Medium,Medium,Low,No,No,No,No,No,Normal,Eczema
64,Male,6,Average,7,Occasionally,High,Medium,Low,No,No,No,Yes,No,Dry,Healthy
54,Female,10,Poor,7,Never,Low,High,Low,No,No,No,No,No,Dry,Healthy
39,Other,9,Average,9,Regularly,Low,Medium,Medium,No,No,Yes,No,Yes,Normal,Eczema
27,Other,10,Poor,9,Occasionally,Medium,High,Low,No,No,Yes,No,No,Dry,Eczema
38,Other,11,Poor,7,Never,Low,Low,Low,No,No,Yes,Yes,No,Dry,Eczema
23,Female,8,Average,8,Occasionally,Low,Medium,Low,Yes,No,No,Yes,Yes,Normal,Psoriasis
25,Male,4,Poor,6,Regularly,Low,Medium,Medium,Yes,No,No,Yes,No,Dry,Psoriasis
58,Other,9,Poor,6,Occasionally,Medium,High,Medium,Yes,No,No,Yes,No,Dry,Psoriasis
37,Male,6,Healthy,7,Regularly,Medium,High,High,No,No,Yes,No,No,Normal,Eczema
37,Other,5,Average,8,Never,Low,High,High,Yes,No,Yes,Yes,No,Combination,Acne
48,Other,2,Healthy,4,Never,Medium,Low,Low,No,No,No,Yes,Yes,Normal,Acne
37,Other,6,Healthy,4,Occasionally,Medium,High,High,No,Yes,Yes,No,No,Normal,Rosacea
64,Female,2,Average,8,Regularly,Medium,Low,Medium,No,No,No,No,No,Dry,Healthy
57,Female,9,Average,8,Occasionally,Medium,Low,High,No,No,No,Yes,No,Normal,Rosacea
44,Other,8,Average,9,Never,Low,High,High,No,No,No,No,No,Combination,Healthy
40,Female,8,Average,7,Occasionally,Medium,Medium,Low,No,No,No,No,No,Combination,Healthy
55,Female,11,Poor,7,Never,High,Low,Low,Yes,No,No,No,Yes,Dry,Psoriasis
26,Female,7,Average,4,Occasionally,Medium,Medium,High,No,No,No,No,Yes,Normal,Healthy
19,Male,3,Average,8,Never,Medium,Low,Medium,Yes,No,No,Yes,Yes,Dry,Psoriasis
29,Male,3,Healthy,4,Never,Low,High,Medium,No,No,No,No,No,Dry,Healthy
60,Other,4,Average,8,Occasionally,Low,Low,Medium,No,No,No,Yes,No,Dry,Healthy
56,Male,3,Healthy,8,Never,Medium,Medium,High,Yes,Yes,No,Yes,No,Dry,Psoriasis
53,Male,7,Healthy,9,Never,Medium,Low,Low,No,No,No,No,Yes,Combination,Healthy
59,Male,3,Poor,4,Occasionally,High,Medium,Low,No,No,Yes,No,No,Dry,Eczema
55,Other,9,Poor,5,Never,High,Low,Medium,Yes,No,Yes,No,Yes,Dry,Acne
27,Male,8,Healthy,8,Never,High,Medium,High,No,No,Yes,Yes,Yes,Dry,Eczema
47,Other,4,Healthy,4,Never,Medium,High,Medium,No,No,No,No,Yes,Dry,Healthy
35,Male,7,Poor,8,Never,High,Medium,Medium,No,Yes,Yes,No,Yes,Oily,Rosacea
44,Other,5,Healthy,5,Regularly,Medium,Low,High,Yes,No,Yes,No,No,Normal,Acne
31,Female,8,Average,9,Occasionally,High,High,Medium,Yes,No,No,No,No,Dry,Psoriasis
40,Other,8,Average,9,Occasionally,High,Low,Medium,No,No,Yes,Yes,Yes,Dry,Eczema
60,Other,7,Average,9,Regularly,Medium,Low,Medium,No,No,No,Yes,No,Normal,Healthy
18,Other,4,Poor,5,Never,Low,Medium,Medium,No,No,No,No,Yes,Dry,Healthy
38,Male,3,Average,9,Never,Low,Low,Low,No,No,No,No,Yes,Combination,Healthy
50,Female,2,Healthy,8,Never,High,Medium,Medium,No,No,Yes,Yes,No,Oily,Eczema
21,Other,6,Poor,4,Regularly,Low,Medium,Medium,No,No,No,Yes,Yes,Dry,Healthy
42,Other,8,Average,4,Never,Medium,Medium,Low,Yes,Yes,No,No,No,Normal,Psoriasis
20,Male,6,Healthy,8,Occasionally,Medium,Low,Medium,No,No,No,No,No,Normal,Healthy
42,Male,5,Average,7,Occasionally,High,Low,Medium,No,No,No,Yes,Yes,Dry,Healthy
58,Female,9,Average,6,Occasionally,Low,Low,Medium,No,No,No,No,Yes,Normal,Healthy
61,Male,3,Average,4,Never,Medium,High,Medium,No,No,Yes,No,No,Dry,Eczema
57,Female,2,Healthy,8,Never,Low,High,Medium,No,Yes,Yes,Yes,No,Dry,Rosacea
26,Female,8,Poor,8,Never,High,High,Medium,No,Yes,No,No,No,Dry,Psoriasis
57,Other,9,Average,9,Never,Low,Low,Medium,No,No,No,Yes,Yes,Normal,Healthy
61,Female,11,Poor,9,Never,Medium,Low,Medium,No,No,No,No,No,Dry,Healthy
28,Male,7,Poor,9,Never,Medium,Medium,Medium,No,No,Yes,No,No,Dry,Eczema
27,Male,3,Poor,5,Occasionally,High,Low,High,Yes,Yes,No,Yes,No,Dry,Psoriasis
58,Female,5,Average,8,Occasionally,Medium,Medium,Medium,No,Yes,No,No,No,Normal,Psoriasis
18,Male,4,Average,8,Regularly,Low,Medium,High,No,No,No,No,No,Dry,Healthy
35,Female,5,Average,9,Regularly,Medium,Low,High,No,No,Yes,No,No,Normal,Eczema
24,Male,10,Average,8,Occasionally,Medium,Low,Low,No,No,No,No,No,Normal,Healthy
20,Other,7,Average,9,Regularly,Medium,High,High,No,No,No,Yes,Yes,Combination,Healthy
39,Female,2,Healthy,9,Never,High,Low,High,No,Yes,No,No,No,Dry,Psoriasis
34,Male,5,Poor,5,Never,High,Low,Low,No,No,Yes,Yes,Yes,Combination,Eczema
43,Male,8,Healthy,9,Occasionally,High,Medium,High,No,No,No,Yes,No,Dry,Healthy
62,Male,5,Poor,6,Regularly,Medium,High,Low,Yes,No,No,Yes,Yes,Dry,Psoriasis
64,Male,4,Average,8,Occasionally,Medium,High,High,No,No,No,Yes,No,Dry,Rosacea
38,Other,10,Healthy,6,Regularly,Low,High,Medium,Yes,No,No,No,No,Oily,Psoriasis
22,Other,8,Average,4,Regularly,Low,Medium,Medium,No,Yes,Yes,No,No,Normal,Rosacea
39,Male,8,Healthy,5,Never,Low,Low,Low,No,No,No,No,No,Dry,Healthy
48,Female,6,Average,7,Never,Medium,High,Low,No,Yes,No,Yes,Yes,Combination,Eczema
62,Female,9,Poor,9,Never,Medium,High,Medium,No,No,Yes,Yes,No,Normal,Eczema
19,Male,2,Poor,9,Regularly,Low,Low,Medium,No,No,No,No,No,Dry,Healthy
31,Female,11,Average,9,Occasionally,Medium,Medium,High,No,No,No,No,Yes,Normal,Healthy
51,Female,2,Average,5,Never,Medium,Low,Medium,No,No,No,No,No,Dry,Eczema
36,Male,11,Healthy,4,Never,Medium,High,Medium,No,Yes,No,Yes,No,Normal,Psoriasis
42,Female,4,Poor,6,Never,Low,Medium,High,No,No,No,Yes,Yes,Dry,Healthy
22,Other,4,Healthy,5,Never,High,High,Low,Yes,No,Yes,No,No,Normal,Acne
58,Other,4,Average,5,Never,Low,High,Medium,Yes,No,No,No,No,Dry,Psoriasis
50,Female,9,Poor,9,Regularly,Medium,Low,High,Yes,No,Yes,Yes,No,Dry,Acne
38,Female,4,Average,9,Never,Low,Medium,High,Yes,Yes,No,No,Yes,Oily,Psoriasis
35,Other,2,Average,8,Never,Low,High,Low,No,Yes,No,Yes,No,Dry,Psoriasis
30,Other,8,Healthy,8,Occasionally,High,Medium,Medium,No,No,Yes,No,Yes,Dry,Eczema
25,Male,10,Poor,6,Regularly,Medium,Medium,Medium,Yes,No,Yes,Yes,No,Dry,Acne
61,Male,9,Healthy,7,Never,Low,Low,High,No,No,No,Yes,No,Oily,Healthy
47,Male,5,Average,8,Regularly,High,Low,Medium,Yes,No,No,Yes,No,Dry,Psoriasis
19,Other,9,Poor,4,Never,Medium,Low,High,No,No,No,No,No,Dry,Healthy
26,Female,2,Average,6,Occasionally,Medium,Low,Low,No,No,No,No,Yes,Dry,Healthy
22,Female,8,Poor,6,Regularly,Medium,High,Low,No,No,No,No,No,Dry,Healthy
23,Female,11,Average,6,Occasionally,High,Low,Medium,Yes,Yes,No,Yes,No,Dry,Psoriasis
50,Other,2,Healthy,7,Regularly,High,High,High,No,No,No,Yes,No,Dry,Healthy
28,Female,6,Healthy,4,Never,Low,Medium,Low,No,No,Yes,No,No,Normal,Rosacea
51,Male,3,Healthy,6,Regularly,High,Low,High,Yes,No,Yes,No,Yes,Dry,Acne
47,Female,11,Average,7,Never,High,High,High,No,Yes,Yes,No,No,Dry,Rosacea
53,Female,6,Average,4,Occasionally,Low,High,High,No,No,Yes,No,No,Combination,Acne
42,Female,7,Healthy,9,Occasionally,Medium,High,Medium,No,No,No,No,No,Normal,Healthy
40,Male,2,Average,9,Never,Low,High,Low,No,No,No,Yes,No,Dry,Healthy
53,Male,7,Average,4,Never,Low,High,Medium,No,No,Yes,No,No,Combination,Eczema
51,Female,7,Healthy,6,Occasionally,High,Medium,Low,No,No,No,Yes,No,Dry,Healthy
37,Female,7,Poor,8,Occasionally,High,Low,High,Yes,No,Yes,No,No,Dry,Acne
60,Male,4,Average,9,Occasionally,High,High,Medium,No,No,No,No,No,Dry,Healthy
56,Other,9,Poor,7,Never,High,High,Low,Yes,No,No,No,No,Dry,Psoriasis
43,Other,3,Poor,6,Never,Medium,Medium,High,No,Yes,No,Yes,No,Dry,Psoriasis
19,Male,3,Average,9,Never,Medium,Low,Low,No,No,No,No,No,Dry,Rosacea
33,Female,7,Healthy,9,Regularly,Low,High,Medium,Yes,No,No,No,No,Combination,Psoriasis
46,Female,3,Healthy,7,Never,Medium,Low,High,No,No,No,Yes,No,Dry,Healthy
32,Female,9,Poor,4,Occasionally,Medium,Low,Medium,Yes,Yes,No,Yes,No,Dry,Psoriasis
25,Female,5,Healthy,5,Regularly,Low,Low,Medium,No,Yes,Yes,No,Yes,Combination,Acne
41,Other,3,Poor,6,Occasionally,Low,Medium,Low,No,No,No,No,No,Dry,Healthy
53,Female,9,Healthy,4,Never,High,High,High,No,No,Yes,No,No,Dry,Eczema
24,Male,7,Average,7,Occasionally,High,Low,High,Yes,No,No,Yes,No,Dry,Acne
37,Female,2,Average,9,Regularly,High,Medium,Low,No,No,No,No,No,Oily,Eczema
38,Male,5,Average,8,Never,Low,Medium,Medium,No,No,No,No,No,Normal,Healthy
46,Female,2,Poor,5,Regularly,High,Medium,High,No,No,Yes,No,No,Dry,Eczema
19,Male,5,Healthy,7,Never,Low,High,Medium,No,No,No,Yes,No,Normal,Healthy
64,Female,4,Poor,9,Occasionally,Low,Low,Medium,No,No,Yes,No,No,Dry,Eczema
45,Other,4,Average,6,Occasionally,High,Low,Medium,No,Yes,Yes,No,Yes,Dry,Rosacea
39,Other,9,Average,4,Never,Medium,High,Medium,No,Yes,No,Yes,Yes,Combination,Psoriasis
20,Other,4,Healthy,7,Regularly,High,Low,Medium,Yes,No,No,No,No,Dry,Psoriasis
33,Male,5,Poor,8,Occasionally,High,Low,Medium,No,No,No,No,Yes,Dry,Acne
36,Other,4,Average,6,Occasionally,Medium,Medium,High,Yes,Yes,No,No,No,Dry,Psoriasis
34,Male,6,Average,7,Occasionally,Low,Medium,Low,Yes,Yes,No,No,Yes,Normal,Psoriasis
61,Male,10,Average,7,Never,Medium,High,Medium,Yes,No,No,No,No,Combination,Psoriasis
27,Other,3,Healthy,9,Occasionally,Low,High,Low,No,No,Yes,Yes,Yes,Dry,Eczema
40,Female,5,Healthy,6,Never,Medium,Low,Medium,Yes,No,Yes,No,No,Normal,Acne
52,Female,6,Poor,4,Occasionally,High,High,Medium,No,No,Yes,No,No,Dry,Eczema
64,Other,8,Poor,6,Occasionally,Low,High,Low,No,No,No,No,No,Dry,Healthy
19,Other,8,Healthy,6,Occasionally,Medium,Medium,Low,Yes,Yes,Yes,Yes,Yes,Normal,Acne
32,Other,9,Healthy,7,Regularly,Medium,Low,High,No,No,No,Yes,No,Normal,Healthy
21,Female,3,Average,7,Never,Low,Medium,High,Yes,No,No,Yes,No,Dry,Psoriasis
45,Male,7,Healthy,6,Regularly,Medium,Medium,Medium,Yes,No,No,Yes,Yes,Normal,Healthy
38,Male,2,Average,4,Never,Low,High,Low,No,No,Yes,No,Yes,Normal,Eczema
55,Female,5,Average,9,Occasionally,High,Medium,High,Yes,Yes,Yes,No,No,Dry,Acne
49,Other,4,Average,6,Never,Medium,High,High,Yes,No,No,Yes,No,Dry,Psoriasis
56,Other,9,Poor,6,Occasionally,High,High,Medium,No,No,No,Yes,No,Dry,Healthy
46,Male,3,Average,5,Never,High,Medium,Low,No,No,No,No,No,Dry,Healthy
48,Female,2,Poor,8,Regularly,High,Medium,High,Yes,No,No,No,No,Dry,Psoriasis
42,Other,2,Average,4,Regularly,Low,Low,High,No,No,No,No,No,Dry,Healthy
23,Other,7,Average,6,Occasionally,Low,Low,Low,No,No,Yes,No,No,Normal,Eczema
19,Other,8,Average,8,Occasionally,High,High,High,Yes,No,Yes,Yes,Yes,Dry,Healthy
38,Male,2,Average,5,Never,Medium,Low,Medium,No,Yes,Yes,No,No,Dry,Rosacea
31,Other,5,Average,6,Never,Low,Medium,Low,No,No,Yes,Yes,No,Normal,Eczema
47,Male,5,Average,6,Never,Low,Medium,High,Yes,No,Yes,Yes,No,Normal,Acne
36,Other,2,Healthy,6,Occasionally,Medium,High,Low,No,Yes,Yes,No,No,Dry,Rosacea
41,Female,3,Poor,9,Occasionally,Medium,Low,Medium,No,No,No,Yes,No,Dry,Healthy
46,Female,2,Average,4,Occasionally,Low,Medium,Low,Yes,No,No,No,No,Combination,Psoriasis
26,Male,2,Poor,6,Never,High,Low,Low,No,No,No,Yes,No,Dry,Healthy
33,Female,10,Poor,5,Never,Medium,Low,Low,Yes,No,Yes,Yes,Yes,Dry,Psoriasis
52,Female,6,Healthy,4,Occasionally,High,High,High,Yes,No,Yes,No,No,Combination,Acne
61,Other,10,Healthy,7,Occasionally,Low,Low,Low,No,No,No,No,No,Oily,Healthy
31,Other,8,Average,4,Occasionally,Low,Medium,High,Yes,No,Yes,No,No,Normal,Acne
43,Female,5,Poor,6,Never,Low,High,Medium,Yes,No,No,Yes,No,Dry,Psoriasis
31,Male,10,Average,6,Regularly,High,High,Medium,No,No,No,Yes,No,Normal,Healthy
41,Male,8,Poor,9,Occasionally,Low,High,High,No,No,No,Yes,No,Dry,Healthy
33,Other,5,Poor,5,Never,Medium,Low,High,No,Yes,No,No,No,Dry,Psoriasis
59,Female,11,Average,8,Never,High,High,Low,Yes,No,No,No,No,Dry,Psoriasis
22,Female,6,Average,5,Never,Medium,Low,Medium,No,No,No,No,Yes,Normal,Healthy
49,Male,6,Poor,9,Never,Medium,Low,Medium,No,No,No,Yes,No,Dry,Healthy
31,Male,4,Average,7,Occasionally,Low,High,Medium,No,No,No,No,Yes,Dry,Healthy
22,Male,8,Healthy,8,Occasionally,Low,High,High,No,No,No,Yes,Yes,Normal,Healthy
29,Other,5,Average,7,Regularly,Medium,Low,Low,No,No,Yes,Yes,No,Normal,Eczema
46,Female,3,Poor,8,Regularly,High,Medium,Medium,No,No,No,No,No,Dry,Healthy
19,Male,5,Average,5,Regularly,Low,High,Low,No,No,Yes,No,No,Combination,Eczema
46,Male,10,Healthy,4,Never,Low,Medium,Low,No,Yes,No,Yes,No,Oily,Psoriasis
61,Female,7,Average,4,Regularly,Low,Medium,Medium,Yes,No,No,No,Yes,Normal,Psoriasis
57,Male,11,Healthy,6,Occasionally,High,Low,Medium,Yes,No,Yes,Yes,No,Dry,Acne
46,Male,10,Average,7,Occasionally,Low,High,High,No,No,No,Yes,Yes,Combination,Healthy
53,Male,2,Healthy,6,Regularly,High,High,Medium,No,No,No,Yes,No,Dry,Healthy
41,Other,9,Healthy,9,Never,High,Low,Low,No,No,Yes,No,Yes,Dry,Eczema
41,Female,7,Average,8,Never,Low,Low,High,No,Yes,No,No,No,Normal,Rosacea
43,Female,3,Average,4,Occasionally,Low,Medium,Low,No,Yes,No,Yes,No,Dry,Psoriasis
51,Female,10,Healthy,6,Regularly,Low,High,Medium,Yes,No,No,Yes,No,Oily,Psoriasis
54,Other,3,Average,5,Occasionally,Low,Low,Medium,Yes,No,No,No,Yes,Dry,Psoriasis
54,Other,6,Average,5,Occasionally,Low,Medium,Medium,No,No,No,Yes,No,Normal,Healthy
62,Other,4,Healthy,9,Occasionally,Medium,High,High,No,No,Yes,Yes,No,Dry,Eczema
55,Other,8,Healthy,6,Never,Medium,Low,High,Yes,Yes,Yes,Yes,No,Normal,Acne
44,Female,10,Average,4,Never,Low,Low,High,No,No,No,Yes,Yes,Normal,Healthy
55,Male,7,Average,6,Regularly,Medium,Medium,Medium,No,No,No,No,Yes,Normal,Healthy
45,Male,7,Healthy,5,Regularly,High,Medium,High,No,No,No,Yes,No,Dry,Healthy
45,Male,6,Average,4,Regularly,Medium,Low,Medium,No,No,Yes,Yes,No,Normal,Eczema
55,Other,11,Healthy,7,Never,Low,Medium,Medium,Yes,No,No,Yes,No,Oily,Psoriasis
45,Male,3,Average,7,Occasionally,Medium,Medium,Medium,No,No,No,Yes,Yes,Dry,Acne
28,Other,10,Average,5,Occasionally,Medium,High,High,No,No,Yes,Yes,No,Combination,Eczema
30,Female,7,Healthy,5,Never,Low,Low,Medium,No,No,No,Yes,No,Normal,Healthy
53,Male,7,Healthy,5,Occasionally,Low,Low,Medium,No,No,No,No,No,Normal,Healthy
61,Female,3,Poor,9,Occasionally,High,High,Low,No,No,No,No,No,Normal,Acne
33,Other,10,Average,4,Occasionally,High,High,High,Yes,No,Yes,No,Yes,Dry,Acne
28,Other,3,Average,7,Never,Medium,High,High,No,No,No,Yes,Yes,Dry,Healthy
41,Female,9,Healthy,7,Never,Medium,High,Medium,No,No,Yes,No,Yes,Normal,Eczema
54,Male,8,Average,9,Occasionally,Low,High,Medium,No,No,Yes,Yes,No,Combination,Eczema
29,Female,5,Poor,5,Regularly,Low,Medium,Medium,Yes,No,No,Yes,No,Dry,Psoriasis
18,Female,3,Poor,7,Never,High,High,Medium,Yes,No,No,No,No,Dry,Psoriasis
25,Female,10,Poor,9,Occasionally,Low,Low,Medium,Yes,No,Yes,Yes,No,Dry,Acne
41,Other,10,Poor,4,Never,Low,Medium,Medium,No,No,No,No,Yes,Dry,Healthy
25,Female,6,Average,6,Occasionally,Medium,Low,High,No,No,No,No,No,Normal,Healthy
42,Female,4,Healthy,5,Never,Medium,Low,Low,No,Yes,No,Yes,Yes,Dry,Eczema
55,Male,2,Poor,5,Occasionally,High,Low,Low,No,No,No,Yes,No,Dry,Healthy
24,Other,4,Average,8,Never,High,Low,High,No,No,No,No,No,Dry,Healthy
48,Female,8,Poor,4,Never,High,High,Medium,No,Yes,No,No,Yes,Dry,Psoriasis
30,Female,11,Average,8,Regularly,Low,High,Low,No,Yes,No,Yes,No,Combination,Psoriasis
57,Male,6,Healthy,4,Occasionally,Medium,Medium,Low,No,No,No,No,No,Normal,Healthy
32,Female,10,Average,6,Never,Medium,Medium,Medium,No,Yes,No,Yes,Yes,Normal,Psoriasis
31,Female,8,Average,7,Regularly,Low,Low,Medium,No,No,Yes,No,Yes,Normal,Eczema
45,Female,11,Poor,6,Occasionally,Medium,Low,High,No,No,Yes,No,Yes,Dry,Eczema
61,Female,2,Healthy,7,Regularly,Medium,High,Medium,No,Yes,No,No,No,Dry,Psoriasis
60,Male,8,Poor,6,Occasionally,Medium,Low,High,No,No,Yes,Yes,Yes,Dry,Eczema
18,Female,5,Healthy,5,Regularly,Medium,Medium,Low,No,No,No,No,No,Normal,Healthy
40,Female,9,Average,9,Never,Low,Low,High,No,No,No,No,No,Dry,Healthy
52,Male,7,Average,9,Never,Medium,High,Low,Yes,No,No,Yes,No,Oily,Psoriasis
52,Other,8,Healthy,4,Occasionally,Medium,High,Medium,No,No,No,Yes,No,Normal,Healthy
49,Other,6,Poor,4,Regularly,Low,High,Low,No,No,No,No,No,Dry,Healthy
63,Female,7,Average,5,Occasionally,High,High,Low,No,No,No,No,No,Dry,Healthy
35,Male,11,Healthy,4,Regularly,Medium,Medium,Low,No,No,No,No,No,Normal,Rosacea
55,Male,9,Healthy,6,Never,Low,High,Medium,No,Yes,No,No,No,Oily,Psoriasis
56,Male,8,Average,8,Occasionally,Medium,Low,Low,Yes,No,No,No,Yes,Normal,Psoriasis
41,Male,9,Poor,9,Never,High,Low,Medium,No,No,Yes,No,No,Normal,Eczema
61,Male,2,Average,9,Occasionally,High,Low,Low,Yes,No,No,No,No,Oily,Acne
35,Other,11,Average,6,Occasionally,Low,Medium,Low,No,No,No,Yes,No,Oily,Healthy
46,Male,5,Poor,5,Never,Medium,Medium,Medium,Yes,Yes,No,No,Yes,Dry,Psoriasis
25,Male,10,Poor,6,Regularly,Low,Low,High,No,No,Yes,No,No,Dry,Eczema
33,Other,11,Average,7,Regularly,Low,High,Medium,No,Yes,No,No,No,Combination,Psoriasis
40,Other,5,Average,5,Occasionally,High,High,Medium,No,No,No,No,No,Dry,Healthy
59,Other,9,Healthy,7,Never,Medium,Low,Medium,No,Yes,No,No,No,Normal,Psoriasis
43,Female,9,Healthy,5,Occasionally,Medium,Medium,Low,No,No,Yes,No,No,Normal,Eczema
62,Other,2,Poor,9,Occasionally,Low,Medium,Low,No,No,No,No,No,Dry,Healthy
21,Female,5,Healthy,8,Regularly,Medium,Low,Medium,No,No,No,Yes,Yes,Normal,Healthy
58,Female,8,Poor,6,Never,Medium,Medium,Low,No,No,No,Yes,Yes,Oily,Healthy
46,Male,5,Healthy,7,Occasionally,High,Medium,Low,No,No,No,No,No,Dry,Healthy
44,Male,2,Poor,8,Occasionally,High,High,High,No,No,No,No,No,Dry,Healthy
35,Male,10,Healthy,8,Regularly,Low,Medium,Low,No,No,No,No,No,Oily,Healthy
47,Female,9,Average,4,Occasionally,Low,Low,High,No,Yes,No,Yes,No,Normal,Psoriasis
24,Other,3,Average,4,Never,Medium,Medium,High,No,No,No,Yes,No,Dry,Healthy
57,Male,9,Average,7,Occasionally,High,Low,Low,No,No,No,No,Yes,Dry,Healthy
61,Male,9,Healthy,6,Never,Medium,High,High,No,No,No,No,No,Oily,Healthy
36,Male,3,Poor,9,Occasionally,Low,High,High,No,No,Yes,No,No,Dry,Eczema
43,Other,8,Poor,6,Regularly,Medium,Medium,Low,Yes,No,No,Yes,Yes,Oily,Psoriasis
29,Other,5,Healthy,6,Never,High,Medium,Low,Yes,No,No,Yes,No,Dry,Psoriasis
19,Other,11,Average,7,Occasionally,Low,High,Medium,No,No,No,No,Yes,Combination,Healthy
50,Other,2,Average,7,Occasionally,Medium,Low,Medium,Yes,Yes,Yes,No,No,Dry,Acne
34,Female,9,Average,7,Never,Medium,Medium,Medium,Yes,No,No,No,Yes,Normal,Psoriasis
20,Female,3,Healthy,4,Occasionally,Low,Medium,Low,No,No,No,No,Yes,Normal,Healthy
48,Other,3,Healthy,9,Regularly,High,High,Low,No,No,No,Yes,No,Dry,Healthy
32,Male,2,Healthy,8,Occasionally,High,Medium,High,Yes,No,Yes,No,No,Dry,Acne
23,Male,5,Healthy,5,Occasionally,High,Low,Medium,Yes,No,No,No,Yes,Dry,Psoriasis
59,Male,3,Average,5,Regularly,Low,High,Medium,No,No,No,No,No,Dry,Healthy
21,Other,9,Average,8,Regularly,Medium,Low,Medium,No,No,No,Yes,No,Normal,Healthy
39,Other,10,Average,4,Never,Medium,Low,Low,No,No,No,Yes,Yes,Dry,Eczema
22,Other,7,Healthy,6,Regularly,Medium,Medium,High,No,No,No,No,No,Normal,Healthy
40,Female,2,Poor,4,Never,Low,High,High,Yes,No,No,No,No,Combination,Psoriasis
39,Male,8,Poor,9,Occasionally,High,Low,Low,No,Yes,Yes,No,No,Dry,Healthy
26,Other,3,Average,9,Occasionally,Low,Medium,High,No,No,Yes,Yes,Yes,Dry,Eczema
60,Female,11,Average,4,Occasionally,High,High,Medium,No,No,No,No,Yes,Dry,Healthy
57,Female,2,Average,4,Occasionally,Medium,Low,High,No,No,No,No,No,Dry,Healthy
22,Other,10,Healthy,7,Never,Medium,Low,High,No,No,Yes,No,No,Normal,Eczema
37,Other,8,Average,5,Occasionally,Medium,Medium,Low,No,No,Yes,Yes,Yes,Normal,Eczema
25,Male,6,Average,7,Never,High,Medium,Low,No,No,Yes,Yes,Yes,Dry,Eczema
28,Other,4,Average,9,Never,Medium,Medium,Low,Yes,Yes,No,Yes,No,Dry,Psoriasis
30,Female,3,Poor,5,Regularly,Medium,Low,Low,No,No,Yes,No,Yes,Dry,Eczema
49,Other,2,Average,5,Occasionally,Low,High,High,Yes,No,No,No,No,Dry,Psoriasis
30,Other,5,Poor,7,Regularly,Low,Medium,Medium,No,No,No,Yes,Yes,Dry,Healthy
25,Female,5,Poor,5,Never,Medium,Low,Low,Yes,Yes,No,No,No,Normal,Rosacea
58,Female,6,Average,7,Never,High,Medium,High,No,No,No,No,No,Dry,Healthy
39,Other,11,Healthy,9,Occasionally,High,Medium,Low,No,No,Yes,No,No,Dry,Eczema
56,Other,3,Healthy,8,Never,Medium,Low,Low,Yes,No,Yes,Yes,Yes,Dry,Acne
33,Other,4,Average,6,Regularly,Low,Medium,Medium,No,No,No,No,No,Dry,Healthy
48,Female,3,Average,4,Never,Medium,High,High,No,No,No,Yes,No,Combination,Acne
51,Other,5,Poor,5,Regularly,Medium,Low,High,No,Yes,Yes,No,No,Dry,Rosacea
23,Female,11,Average,7,Occasionally,Low,Low,Medium,No,No,No,No,No,Normal,Healthy
26,Male,8,Poor,8,Never,Medium,Medium,Medium,No,No,No,No,No,Dry,Rosacea
52,Male,3,Poor,5,Never,High,Low,Low,No,No,No,No,No,Dry,Healthy
44,Male,5,Poor,4,Occasionally,Medium,High,Medium,Yes,No,No,No,No,Dry,Psoriasis
47,Other,6,Healthy,7,Regularly,Low,Medium,High,No,No,Yes,Yes,Yes,Normal,Eczema
59,Male,3,Poor,8,Never,Low,Low,Low,Yes,Yes,No,No,No,Dry,Psoriasis
23,Female,11,Poor,4,Never,Medium,Medium,High,Yes,No,No,No,No,Dry,Psoriasis
24,Female,10,Average,5,Occasionally,High,Low,Medium,No,No,No,No,No,Dry,Healthy
55,Other,11,Poor,8,Never,High,High,Medium,Yes,No,No,No,Yes,Dry,Psoriasis
43,Female,7,Poor,8,Occasionally,Low,High,Medium,No,No,No,No,No,Dry,Acne
31,Other,11,Poor,4,Occasionally,Medium,Medium,High,No,No,No,Yes,No,Dry,Acne
33,Female,11,Average,6,Regularly,Low,Low,Low,No,No,No,No,No,Dry,Healthy
50,Male,9,Average,4,Never,High,High,Low,Yes,No,No,Yes,No,Dry,Psoriasis
26,Male,8,Average,7,Never,High,Low,Medium,Yes,No,No,No,No,Dry,Psoriasis
47,Male,10,Poor,4,Never,High,Low,Medium,No,No,No,No,No,Dry,Healthy
30,Other,5,Healthy,6,Occasionally,Medium,High,High,Yes,No,No,No,No,Oily,Psoriasis
41,Male,6,Average,8,Never,Medium,High,High,No,Yes,No,Yes,No,Combination,Psoriasis
57,Female,2,Healthy,9,Never,High,Low,Low,No,No,Yes,No,Yes,Dry,Psoriasis
45,Male,4,Healthy,8,Occasionally,Low,High,Medium,No,No,No,No,No,Dry,Psoriasis
41,Female,6,Average,9,Regularly,Medium,Medium,Low,Yes,No,No,No,Yes,Normal,Psoriasis
37,Female,2,Healthy,5,Never,Low,Low,Medium,Yes,No,Yes,Yes,Yes,Dry,Acne
46,Other,4,Average,7,Never,Low,Low,Low,No,Yes,No,No,No,Dry,Eczema
61,Male,2,Average,9,Never,Low,Low,High,Yes,Yes,No,Yes,No,Dry,Healthy
24,Female,5,Healthy,4,Never,High,Medium,Medium,Yes,No,No,No,No,Dry,Acne
41,Male,5,Poor,8,Regularly,Medium,Medium,Medium,No,Yes,No,No,No,Dry,Psoriasis
31,Other,6,Healthy,8,Never,Low,Low,Medium,No,No,No,No,No,Dry,Healthy
54,Female,10,Healthy,6,Occasionally,Medium,Low,High,Yes,No,Yes,No,No,Normal,Acne
42,Male,5,Average,7,Never,Low,Low,High,No,Yes,No,No,No,Normal,Psoriasis
45,Female,7,Average,6,Never,Medium,Medium,High,No,Yes,Yes,No,No,Normal,Rosacea
43,Other,3,Poor,8,Never,High,High,High,No,No,Yes,Yes,No,Dry,Healthy
61,Other,4,Poor,6,Never,High,Medium,Medium,No,No,No,No,No,Dry,Healthy
43,Male,9,Poor,8,Occasionally,High,Low,Low,No,No,Yes,No,No,Dry,Eczema
27,Male,7,Healthy,8,Occasionally,High,Low,Low,Yes,Yes,No,Yes,No,Dry,Healthy
22,Female,11,Healthy,9,Never,Medium,Low,High,No,Yes,No,Yes,Yes,Normal,Psoriasis
39,Other,11,Healthy,6,Regularly,Medium,Low,Medium,No,Yes,No,No,No,Oily,Psoriasis
45,Other,5,Average,9,Occasionally,Medium,Low,Low,Yes,No,Yes,Yes,No,Normal,Acne
39,Female,4,Poor,9,Occasionally,Medium,Medium,Medium,No,Yes,No,Yes,No,Dry,Psoriasis
49,Female,2,Average,7,Regularly,Low,High,Low,No,No,No,Yes,No,Dry,Healthy
28,Male,4,Healthy,8,Never,Medium,Low,Medium,No,Yes,No,Yes,No,Dry,Psoriasis
33,Male,3,Healthy,5,Occasionally,Medium,High,Low,No,No,No,Yes,Yes,Dry,Healthy
49,Female,11,Poor,4,Occasionally,Medium,Medium,High,No,No,Yes,No,Yes,Dry,Eczema
31,Other,7,Healthy,7,Occasionally,High,Low,Low,No,No,Yes,Yes,No,Dry,Eczema
31,Male,8,Healthy,4,Occasionally,Low,High,High,Yes,No,No,Yes,No,Dry,Psoriasis
57,Male,5,Poor,8,Regularly,High,Low,High,No,No,No,No,Yes,Dry,Healthy
30,Male,5,Healthy,5,Never,High,High,Medium,No,No,No,Yes,No,Dry,Healthy
55,Female,5,Average,5,Never,Medium,Low,Low,Yes,No,No,No,Yes,Normal,Psoriasis
58,Male,9,Healthy,9,Occasionally,Low,Medium,High,No,No,No,No,Yes,Oily,Healthy
32,Male,6,Poor,6,Occasionally,Low,Medium,High,No,No,No,Yes,No,Dry,Healthy
39,Female,8,Average,9,Occasionally,High,Low,Medium,No,Yes,Yes,No,Yes,Dry,Rosacea
38,Male,9,Average,5,Occasionally,High,Low,Low,No,No,No,No,No,Dry,Healthy
19,Male,7,Poor,6,Never,Low,Low,Low,No,No,Yes,No,No,Dry,Eczema
32,Male,3,Poor,9,Never,High,Low,Medium,No,No,No,No,Yes,Dry,Healthy
49,Male,6,Average,7,Regularly,High,Low,Low,No,No,No,No,No,Dry,Healthy
37,Male,6,Average,5,Occasionally,High,Low,High,No,No,No,No,No,Dry,Psoriasis
55,Female,2,Poor,6,Occasionally,Medium,High,Medium,No,No,No,No,No,Dry,Healthy
31,Female,10,Average,4,Never,Medium,Medium,Low,Yes,No,No,Yes,No,Normal,Psoriasis
48,Female,7,Average,9,Regularly,Medium,High,Medium,No,No,No,Yes,No,Combination,Healthy
47,Other,9,Healthy,8,Regularly,Medium,High,High,No,No,No,No,No,Normal,Healthy
52,Female,5,Poor,9,Occasionally,Low,High,Medium,Yes,No,No,Yes,Yes,Combination,Psoriasis
31,Female,4,Healthy,6,Never,Low,Medium,Medium,No,Yes,Yes,No,No,Dry,Rosacea
62,Other,2,Average,7,Occasionally,High,Medium,High,No,No,No,No,Yes,Dry,Healthy
37,Other,9,Average,5,Never,Low,Low,Low,No,No,No,Yes,Yes,Normal,Healthy
32,Other,5,Poor,9,Occasionally,Medium,Low,High,Yes,No,No,No,No,Dry,Psoriasis
49,Other,7,Healthy,6,Never,High,Low,High,No,No,No,Yes,No,Dry,Healthy
39,Male,2,Healthy,6,Never,Medium,Medium,Low,No,No,No,No,No,Normal,Eczema
20,Other,3,Healthy,9,Never,High,Low,Medium,Yes,No,No,Yes,No,Dry,Psoriasis
19,Female,4,Poor,5,Never,High,High,High,No,No,No,No,No,Normal,Rosacea
60,Female,4,Average,7,Occasionally,Medium,Low,Medium,No,Yes,No,No,Yes,Dry,Psoriasis
60,Other,8,Healthy,9,Occasionally,High,High,Low,Yes,Yes,Yes,No,No,Dry,Acne
56,Male,6,Healthy,7,Occasionally,Medium,High,Low,No,No,Yes,No,Yes,Normal,Eczema
34,Female,11,Healthy,5,Never,High,Low,Low,No,No,No,No,Yes,Dry,Rosacea
22,Female,10,Healthy,4,Occasionally,Medium,High,Medium,Yes,No,No,Yes,No,Normal,Psoriasis
46,Other,9,Average,6,Regularly,Low,High,Low,Yes,Yes,Yes,Yes,No,Combination,Acne
61,Male,10,Average,5,Never,Low,High,High,Yes,No,Yes,No,No,Oily,Acne
61,Other,6,Average,4,Regularly,Low,Low,High,No,No,Yes,No,No,Normal,Eczema
49,Male,10,Healthy,9,Never,Medium,Low,High,No,No,No,No,No,Normal,Eczema
22,Male,9,Healthy,8,Never,Medium,High,High,No,No,No,Yes,No,Normal,Healthy
18,Other,3,Poor,4,Occasionally,High,Low,High,Yes,No,No,Yes,Yes,Normal,Psoriasis
38,Other,8,Poor,4,Occasionally,Medium,High,Low,No,No,Yes,No,Yes,Combination,Eczema
40,Female,9,Poor,6,Occasionally,High,Medium,Medium,Yes,Yes,No,No,No,Dry,Psoriasis
58,Male,5,Healthy,8,Occasionally,Low,Medium,Medium,No,No,No,No,Yes,Normal,Healthy
51,Female,9,Poor,4,Never,Medium,Low,Medium,No,No,No,No,Yes,Dry,Rosacea
59,Female,6,Healthy,8,Never,Low,Low,Medium,No,Yes,No,No,Yes,Normal,Psoriasis
43,Female,3,Healthy,5,Never,High,Medium,High,No,Yes,No,Yes,No,Combination,Psoriasis
40,Other,5,Average,7,Never,Medium,Low,Low,No,No,No,No,No,Normal,Healthy
23,Other,10,Healthy,5,Never,High,Low,Low,No,Yes,No,Yes,Yes,Dry,Psoriasis
63,Female,3,Healthy,4,Regularly,Medium,Medium,High,No,No,No,Yes,No,Dry,Healthy
62,Other,7,Average,5,Occasionally,Medium,High,Low,Yes,No,No,No,No,Combination,Psoriasis
31,Male,5,Healthy,5,Regularly,Low,High,Medium,Yes,No,Yes,Yes,Yes,Normal,Psoriasis
18,Female,8,Average,9,Occasionally,Low,Low,High,No,No,Yes,Yes,Yes,Normal,Acne
42,Male,10,Healthy,4,Never,Medium,Low,High,Yes,Yes,Yes,No,No,Normal,Acne
26,Other,4,Healthy,8,Occasionally,Medium,High,Medium,No,No,No,No,No,Dry,Healthy
33,Other,9,Average,5,Occasionally,Low,Medium,Medium,Yes,No,No,Yes,No,Normal,Psoriasis
40,Male,7,Healthy,6,Occasionally,High,Medium,Low,No,Yes,No,No,No,Dry,Psoriasis
40,Other,7,Poor,5,Never,Medium,High,Low,No,Yes,No,No,Yes,Dry,Psoriasis
43,Male,4,Healthy,8,Never,Medium,Medium,Medium,Yes,No,No,No,Yes,Dry,Acne
41,Other,2,Average,5,Never,Medium,High,High,Yes,No,No,No,No,Dry,Psoriasis
47,Female,10,Poor,6,Never,Low,Low,Low,Yes,No,Yes,No,No,Dry,Acne
32,Other,7,Poor,8,Never,High,Low,Low,No,No,Yes,No,No,Dry,Eczema
52,Other,4,Healthy,8,Regularly,Low,Medium,Medium,No,No,No,No,No,Dry,Healthy
34,Other,10,Average,4,Occasionally,Low,Low,Medium,Yes,Yes,Yes,No,No,Combination,Acne
45,Other,8,Healthy,5,Never,High,High,High,No,No,No,No,No,Dry,Healthy
24,Other,8,Healthy,4,Never,High,Low,Medium,No,No,No,No,No,Combination,Healthy
38,Other,11,Poor,6,Occasionally,Low,Low,Medium,No,No,No,No,Yes,Oily,Healthy
52,Other,11,Healthy,8,Regularly,Medium,High,Medium,No,Yes,Yes,No,No,Normal,Healthy
57,Other,3,Poor,4,Never,Low,Medium,High,No,No,No,No,No,Dry,Healthy
58,Male,2,Healthy,5,Regularly,Medium,High,High,Yes,Yes,No,No,No,Dry,Psoriasis
23,Female,7,Average,4,Never,Low,Medium,Medium,No,Yes,No,Yes,No,Normal,Psoriasis
49,Female,4,Poor,4,Never,Medium,Low,Low,Yes,No,Yes,No,No,Dry,Acne
35,Male,7,Poor,6,Never,Low,High,High,No,No,No,No,No,Dry,Healthy
36,Female,2,Poor,6,Occasionally,Medium,High,High,Yes,No,Yes,No,No,Normal,Acne
25,Male,10,Average,4,Never,Medium,Medium,Medium,Yes,No,No,Yes,No,Normal,Psoriasis
31,Male,8,Average,6,Occasionally,Medium,Low,High,No,Yes,Yes,No,Yes,Normal,Rosacea
32,Other,11,Average,6,Regularly,High,Medium,Medium,No,No,No,No,Yes,Dry,Healthy
63,Male,6,Poor,7,Never,Medium,Medium,High,No,No,No,Yes,No,Dry,Healthy
49,Other,3,Average,9,Regularly,High,High,High,Yes,Yes,No,Yes,No,Normal,Acne
57,Female,4,Healthy,4,Occasionally,Low,Low,Low,No,No,Yes,Yes,Yes,Dry,Eczema
62,Other,10,Average,7,Never,Low,High,Medium,No,No,No,No,No,Normal,Healthy
62,Male,2,Average,4,Regularly,Medium,Low,Low,No,No,No,No,No,Dry,Healthy
36,Male,10,Poor,4,Occasionally,Low,Medium,Low,No,No,No,No,No,Dry,Healthy
64,Male,7,Healthy,9,Regularly,Low,Low,Medium,No,Yes,No,No,No,Normal,Psoriasis
40,Male,10,Poor,5,Never,Medium,High,High,Yes,No,Yes,No,No,Dry,Acne
42,Female,5,Poor,9,Never,High,High,Medium,No,No,No,Yes,No,Combination,Healthy
60,Other,11,Average,8,Occasionally,High,High,Low,No,No,No,No,Yes,Dry,Healthy
28,Female,10,Healthy,5,Never,Medium,Low,High,No,No,Yes,Yes,No,Normal,Eczema
39,Female,9,Healthy,9,Occasionally,Low,Low,Low,Yes,No,No,Yes,No,Oily,Acne
56,Other,9,Average,4,Regularly,Medium,Medium,Medium,Yes,No,No,No,No,Normal,Psoriasis
49,Female,11,Poor,8,Occasionally,Medium,High,Low,No,No,No,Yes,No,Dry,Healthy
60,Female,10,Poor,4,Occasionally,High,High,High,No,Yes,No,No,No,Dry,Psoriasis
52,Female,3,Average,9,Occasionally,High,Low,Low,No,No,No,No,No,Dry,Healthy
63,Female,6,Average,9,Regularly,High,Medium,High,No,No,No,No,No,Dry,Healthy
24,Male,9,Healthy,9,Occasionally,Medium,Low,Low,No,Yes,No,No,No,Normal,Psoriasis
36,Other,10,Average,8,Occasionally,Medium,Low,Low,No,Yes,Yes,Yes,No,Combination,Rosacea
25,Male,11,Poor,8,Never,Low,Low,Medium,Yes,No,No,No,Yes,Dry,Psoriasis
40,Other,9,Average,5,Never,Medium,High,Low,No,No,Yes,No,No,Combination,Eczema
20,Female,4,Average,6,Occasionally,Medium,Low,High,No,No,No,No,No,Dry,Healthy
55,Female,7,Poor,5,Never,Low,Low,Medium,No,Yes,Yes,Yes,Yes,Dry,Rosacea
57,Male,5,Average,8,Regularly,Medium,Medium,Low,No,Yes,Yes,No,No,Normal,Rosacea
55,Female,10,Healthy,9,Occasionally,Medium,Low,Medium,No,No,No,Yes,No,Normal,Healthy
61,Female,5,Healthy,5,Never,Low,Low,High,Yes,No,No,Yes,No,Normal,Psoriasis
49,Other,11,Healthy,5,Occasionally,Medium,High,High,No,No,Yes,No,Yes,Normal,Eczema
61,Female,8,Average,9,Occasionally,Medium,Low,Medium,Yes,No,No,Yes,No,Normal,Psoriasis
54,Female,4,Average,7,Occasionally,Medium,High,High,Yes,No,No,Yes,No,Oily,Psoriasis
60,Female,7,Poor,4,Never,Low,Medium,High,Yes,No,Yes,No,Yes,Dry,Acne
19,Other,2,Healthy,4,Occasionally,Medium,Low,High,Yes,No,No,Yes,Yes,Dry,Psoriasis
61,Female,10,Poor,6,Never,Low,Medium,High,No,No,Yes,No,No,Dry,Eczema
53,Male,8,Average,8,Never,Medium,High,Medium,Yes,No,Yes,Yes,Yes,Normal,Acne
60,Other,8,Poor,9,Never,Medium,Low,Medium,No,No,No,No,No,Dry,Healthy
33,Female,6,Poor,9,Regularly,High,Low,Medium,No,No,No,Yes,No,Combination,Healthy
64,Other,10,Poor,5,Regularly,High,Low,Medium,No,No,No,No,Yes,Dry,Acne
23,Male,7,Poor,4,Occasionally,High,High,High,No,No,No,Yes,No,Oily,Eczema
21,Male,7,Poor,9,Occasionally,Low,High,Medium,Yes,Yes,No,Yes,No,Dry,Psoriasis
52,Female,4,Average,8,Never,Medium,Low,High,No,Yes,Yes,No,No,Dry,Eczema
48,Male,8,Average,4,Occasionally,Medium,Low,High,Yes,No,Yes,No,No,Normal,Acne
56,Other,5,Healthy,4,Never,Low,High,High,No,No,No,Yes,No,Normal,Healthy
28,Male,10,Average,9,Never,Medium,High,Low,No,No,No,No,No,Combination,Healthy
53,Female,8,Healthy,6,Never,Low,Medium,Medium,No,No,No,No,No,Normal,Healthy
18,Other,3,Average,5,Regularly,High,High,Medium,Yes,No,Yes,Yes,Yes,Dry,Acne
47,Other,8,Healthy,5,Never,Medium,High,Low,No,Yes,No,Yes,Yes,Normal,Psoriasis
57,Male,6,Healthy,9,Never,Low,Medium,Low,No,No,No,Yes,No,Normal,Healthy
59,Other,8,Poor,7,Never,High,Medium,Medium,Yes,No,No,Yes,No,Dry,Rosacea
44,Female,9,Healthy,7,Occasionally,Medium,Low,Medium,No,No,Yes,No,Yes,Normal,Eczema
63,Other,10,Poor,8,Regularly,High,Low,High,Yes,Yes,No,Yes,Yes,Dry,Psoriasis
56,Other,2,Average,5,Never,Low,Low,Low,Yes,No,No,Yes,No,Combination,Psoriasis
27,Other,3,Average,4,Occasionally,High,Medium,Medium,No,No,Yes,No,No,Dry,Eczema
64,Other,9,Poor,8,Never,Medium,High,High,Yes,No,No,No,No,Dry,Psoriasis
55,Male,10,Average,6,Never,Medium,Low,High,Yes,No,No,No,No,Normal,Psoriasis
64,Female,9,Healthy,4,Never,Low,Low,High,No,No,No,No,No,Oily,Healthy
51,Female,6,Average,9,Occasionally,Low,High,Medium,No,Yes,Yes,No,No,Combination,Rosacea
19,Female,2,Healthy,7,Never,Low,Medium,High,No,Yes,Yes,Yes,No,Dry,Rosacea
63,Female,3,Average,5,Occasionally,Medium,Medium,High,No,No,Yes,Yes,Yes,Dry,Eczema
61,Female,8,Poor,7,Never,Medium,Medium,Medium,No,Yes,No,No,No,Dry,Psoriasis
63,Female,9,Poor,7,Never,Medium,Low,Medium,No,No,No,No,Yes,Normal,Healthy
53,Male,7,Poor,6,Regularly,Medium,Medium,High,No,No,No,No,Yes,Dry,Psoriasis
22,Other,10,Poor,8,Occasionally,Low,High,Medium,Yes,No,No,Yes,No,Dry,Acne
45,Female,3,Healthy,5,Never,Low,Low,Low,No,No,No,No,No,Combination,Psoriasis
59,Other,8,Average,6,Never,High,Medium,High,Yes,Yes,No,No,No,Dry,Psoriasis
41,Other,11,Average,4,Occasionally,Low,Medium,Medium,Yes,No,Yes,Yes,No,Normal,Acne
40,Male,11,Poor,8,Regularly,High,Low,High,No,No,Yes,Yes,No,Dry,Eczema
44,Other,10,Poor,9,Occasionally,Low,High,Medium,Yes,No,No,Yes,No,Dry,Psoriasis
39,Female,6,Healthy,8,Never,High,Medium,Medium,Yes,No,No,Yes,No,Dry,Psoriasis
61,Other,3,Average,9,Never,High,High,High,No,No,No,Yes,No,Dry,Healthy
21,Other,5,Healthy,5,Occasionally,High,High,High,Yes,Yes,Yes,No,No,Dry,Acne
19,Other,5,Average,8,Occasionally,Medium,Medium,High,No,No,Yes,Yes,Yes,Normal,Eczema
25,Male,11,Poor,5,Occasionally,Medium,Low,Low,No,No,No,No,No,Dry,Healthy
33,Female,8,Average,5,Regularly,Medium,High,High,No,Yes,No,No,No,Oily,Psoriasis
38,Female,3,Healthy,9,Never,Medium,Medium,High,No,Yes,No,No,No,Dry,Psoriasis
26,Male,9,Poor,5,Occasionally,High,Low,Low,No,Yes,No,Yes,No,Combination,Healthy
56,Female,2,Poor,4,Never,Low,Low,Medium,No,No,No,Yes,Yes,Dry,Healthy
63,Female,2,Poor,8,Regularly,Low,Low,High,Yes,Yes,No,Yes,No,Combination,Psoriasis
41,Other,4,Poor,9,Occasionally,Low,High,High,No,No,No,No,No,Combination,Healthy
20,Male,5,Average,8,Never,Low,Low,Medium,Yes,No,Yes,No,Yes,Normal,Acne
39,Male,11,Average,4,Occasionally,Medium,High,Low,No,No,No,Yes,No,Combination,Acne
35,Other,8,Poor,5,Never,Low,Medium,High,Yes,No,No,No,No,Dry,Rosacea
42,Male,6,Healthy,8,Occasionally,High,Low,Medium,No,No,Yes,No,No,Dry,Eczema
43,Other,11,Average,8,Occasionally,Medium,Medium,Low,No,No,Yes,No,Yes,Normal,Eczema
62,Female,8,Average,4,Regularly,Medium,Low,Medium,No,Yes,No,Yes,Yes,Normal,Psoriasis
62,Female,8,Poor,6,Occasionally,Medium,Medium,High,No,No,No,Yes,No,Dry,Healthy
30,Other,5,Poor,8,Occasionally,High,High,Medium,No,No,Yes,No,Yes,Dry,Eczema
61,Female,11,Average,5,Regularly,Low,High,High,Yes,Yes,No,No,Yes,Combination,Psoriasis
58,Other,7,Average,9,Never,Low,Medium,Medium,No,No,No,Yes,No,Normal,Healthy
30,Male,3,Average,4,Never,Medium,Medium,Medium,No,No,No,No,Yes,Dry,Healthy
57,Other,7,Average,7,Never,Medium,High,Low,No,No,No,No,Yes,Combination,Healthy
36,Other,11,Average,5,Regularly,High,High,High,No,Yes,No,No,No,Dry,Psoriasis
34,Male,11,Poor,8,Never,Medium,Low,Medium,Yes,No,No,No,No,Dry,Eczema
34,Male,8,Poor,8,Never,Low,Medium,High,No,No,Yes,No,No,Oily,Eczema
59,Male,8,Healthy,9,Occasionally,Low,High,Low,No,No,No,Yes,Yes,Normal,Acne
24,Female,6,Average,8,Never,High,High,High,No,No,No,No,Yes,Dry,Healthy
34,Female,9,Poor,7,Never,Low,High,High,Yes,No,Yes,No,Yes,Combination,Healthy
63,Male,11,Average,4,Never,Medium,Low,Medium,No,No,No,Yes,No,Normal,Healthy
43,Male,8,Poor,7,Occasionally,High,High,Low,No,Yes,Yes,No,No,Dry,Healthy
29,Male,11,Average,4,Never,Medium,Low,Medium,Yes,No,Yes,No,No,Normal,Acne
64,Female,9,Poor,4,Occasionally,High,Medium,Low,Yes,Yes,No,No,No,Combination,Psoriasis
40,Male,10,Poor,8,Occasionally,Medium,Low,Low,No,No,No,No,Yes,Normal,Healthy
37,Other,4,Healthy,5,Never,High,Low,Medium,No,No,No,No,No,Dry,Healthy
45,Other,8,Poor,7,Occasionally,Low,Medium,Low,No,No,No,Yes,Yes,Combination,Healthy
52,Other,9,Poor,9,Regularly,Low,Low,Medium,No,No,No,Yes,No,Dry,Healthy
20,Male,4,Healthy,9,Occasionally,High,High,Medium,No,No,No,Yes,No,Dry,Healthy
53,Other,3,Average,8,Occasionally,High,Medium,Medium,No,No,No,No,No,Dry,Healthy
26,Female,3,Healthy,7,Occasionally,Low,Low,Medium,Yes,No,No,No,Yes,Dry,Psoriasis
28,Other,10,Poor,8,Never,Low,Low,Medium,No,Yes,Yes,No,Yes,Dry,Rosacea
38,Female,6,Healthy,5,Occasionally,High,Medium,Low,No,Yes,No,Yes,No,Normal,Psoriasis
30,Female,8,Poor,5,Occasionally,High,Low,Low,Yes,No,No,No,No,Dry,Psoriasis
54,Male,3,Poor,5,Regularly,Medium,Low,Low,No,No,Yes,No,No,Dry,Eczema
28,Other,5,Poor,6,Occasionally,Medium,High,Low,Yes,No,No,No,No,Dry,Eczema
18,Other,9,Poor,9,Regularly,Medium,Medium,High,No,No,No,Yes,No,Dry,Acne
25,Other,5,Poor,9,Occasionally,Medium,Medium,Medium,No,No,No,Yes,No,Dry,Healthy
63,Male,8,Healthy,6,Occasionally,High,High,High,No,No,No,Yes,Yes,Oily,Healthy
54,Other,10,Average,8,Occasionally,High,Low,High,No,No,Yes,No,Yes,Dry,Acne
36,Female,8,Average,4,Occasionally,Medium,Medium,Medium,No,No,Yes,Yes,No,Normal,Eczema
37,Male,3,Poor,8,Occasionally,High,Low,Medium,No,Yes,No,No,Yes,Oily,Healthy
36,Male,8,Healthy,6,Occasionally,High,Low,Low,No,No,No,No,Yes,Dry,Healthy
60,Other,7,Healthy,6,Occasionally,High,Medium,Low,Yes,No,No,No,No,Dry,Psoriasis
63,Other,10,Poor,9,Occasionally,Medium,Medium,High,Yes,No,No,No,No,Normal,Psoriasis
45,Other,10,Poor,9,Never,Medium,High,Medium,Yes,No,No,Yes,No,Dry,Psoriasis
60,Male,11,Healthy,6,Occasionally,High,High,Medium,No,No,No,No,No,Dry,Healthy
61,Other,2,Healthy,8,Occasionally,High,High,Medium,No,Yes,Yes,No,No,Dry,Rosacea
56,Female,3,Healthy,7,Occasionally,High,High,Medium,Yes,Yes,No,Yes,No,Dry,Psoriasis
20,Female,10,Average,7,Occasionally,High,High,Low,No,No,Yes,Yes,No,Dry,Eczema
31,Male,9,Average,8,Regularly,Medium,Low,Medium,No,Yes,No,No,No,Normal,Psoriasis
59,Other,9,Poor,8,Occasionally,High,Low,High,Yes,Yes,No,No,No,Dry,Psoriasis
45,Female,6,Poor,6,Never,Low,Medium,Low,No,No,Yes,No,No,Dry,Eczema
59,Female,9,Average,4,Never,Low,Medium,High,Yes,No,Yes,No,Yes,Normal,Acne
32,Male,9,Healthy,9,Never,High,Low,High,No,Yes,No,No,Yes,Dry,Psoriasis
33,Female,11,Average,8,Occasionally,High,Medium,Low,No,No,No,No,No,Dry,Healthy
47,Female,7,Average,8,Occasionally,High,High,Low,No,No,No,No,No,Dry,Healthy
25,Female,4,Average,6,Occasionally,Medium,Low,High,No,No,No,No,No,Dry,Healthy
18,Male,10,Healthy,4,Occasionally,High,High,Low,No,No,Yes,No,No,Dry,Eczema
58,Male,8,Poor,7,Never,Low,Low,Medium,No,No,No,No,No,Dry,Healthy
38,Female,4,Poor,4,Occasionally,Low,Low,Medium,No,Yes,Yes,Yes,Yes,Dry,Rosacea
38,Male,8,Average,4,Occasionally,Medium,Low,High,No,Yes,No,No,No,Normal,Acne
28,Other,8,Average,7,Occasionally,Low,Low,Low,No,No,No,No,No,Normal,Healthy
45,Female,7,Poor,5,Never,Medium,Medium,High,No,No,No,No,Yes,Dry,Healthy
24,Female,9,Poor,8,Never,Medium,Low,Medium,Yes,No,No,No,No,Dry,Psoriasis
25,Other,8,Average,4,Never,High,Medium,Medium,No,No,Yes,No,Yes,Dry,Acne
53,Female,9,Poor,9,Never,Medium,Medium,High,Yes,Yes,No,No,No,Dry,Psoriasis
31,Female,4,Average,9,Occasionally,Medium,Low,High,No,No,No,Yes,No,Dry,Healthy
27,Male,10,Average,5,Regularly,Medium,Low,Medium,Yes,No,No,No,Yes,Normal,Psoriasis
35,Female,8,Poor,8,Regularly,High,Low,Low,No,Yes,No,No,Yes,Oily,Rosacea
22,Female,10,Healthy,7,Regularly,Low,Medium,Low,No,Yes,No,Yes,Yes,Oily,Psoriasis
30,Male,3,Average,8,Occasionally,Medium,Medium,Low,No,No,No,No,No,Dry,Healthy
36,Other,6,Average,7,Never,Low,Low,Low,Yes,No,No,No,No,Normal,Psoriasis
52,Other,3,Healthy,4,Never,High,Low,Low,No,No,No,No,No,Dry,Healthy
28,Other,8,Healthy,8,Occasionally,Medium,Low,High,Yes,No,No,No,No,Normal,Psoriasis
46,Female,3,Average,4,Occasionally,Low,High,High,No,No,Yes,Yes,No,Dry,Rosacea
39,Female,2,Healthy,4,Occasionally,High,Low,High,No,Yes,No,No,No,Dry,Psoriasis
59,Other,4,Average,4,Never,Medium,Low,High,No,Yes,No,No,No,Dry,Psoriasis
64,Other,7,Average,8,Never,High,High,High,No,No,No,No,No,Dry,Acne
18,Other,9,Healthy,7,Occasionally,Low,Medium,Medium,No,Yes,No,Yes,No,Oily,Psoriasis
28,Other,6,Healthy,6,Occasionally,Low,Low,Medium,No,No,No,No,No,Normal,Healthy
20,Other,9,Average,9,Regularly,High,High,Medium,No,Yes,Yes,No,No,Dry,Rosacea
28,Male,8,Poor,7,Occasionally,Medium,High,Low,No,No,No,Yes,Yes,Dry,Healthy
45,Male,4,Poor,5,Occasionally,Medium,Low,Medium,No,Yes,No,No,No,Dry,Psoriasis
31,Male,6,Poor,4,Never,Medium,Medium,Low,Yes,Yes,Yes,No,No,Normal,Acne
39,Male,3,Healthy,8,Occasionally,Low,High,Low,No,No,No,Yes,No,Dry,Healthy
37,Other,11,Average,5,Regularly,High,Low,Low,No,Yes,No,No,No,Normal,Psoriasis
27,Other,9,Poor,5,Never,Low,Low,Medium,No,Yes,No,No,No,Dry,Psoriasis
35,Other,8,Average,7,Regularly,High,Low,Low,No,No,No,No,Yes,Dry,Healthy
19,Female,6,Average,8,Never,High,High,High,Yes,Yes,No,No,No,Dry,Psoriasis
63,Female,7,Average,5,Never,High,High,High,No,Yes,No,No,No,Dry,Rosacea
47,Female,2,Poor,8,Regularly,High,Medium,Low,Yes,No,Yes,No,No,Dry,Acne
39,Other,7,Healthy,4,Occasionally,Medium,Medium,Low,No,No,No,No,No,Normal,Healthy
57,Male,3,Average,4,Regularly,Medium,High,Medium,No,No,No,No,Yes,Oily,Healthy
48,Other,5,Average,4,Never,Medium,Medium,Low,No,No,No,No,No,Normal,Healthy
19,Male,3,Average,5,Occasionally,Medium,High,Medium,Yes,No,No,No,No,Dry,Psoriasis
40,Female,9,Healthy,9,Never,High,Medium,Medium,Yes,No,No,Yes,No,Dry,Psoriasis
42,Female,8,Average,6,Occasionally,Medium,Low,Low,Yes,No,No,Yes,No,Normal,Psoriasis
50,Other,7,Poor,9,Occasionally,Medium,High,High,No,No,No,No,No,Dry,Healthy
21,Female,2,Poor,8,Regularly,High,Low,Low,No,No,No,No,No,Normal,Healthy
27,Male,11,Healthy,9,Occasionally,Medium,Low,Medium,Yes,No,No,No,No,Normal,Psoriasis
53,Male,2,Poor,8,Occasionally,Low,High,High,No,No,No,Yes,No,Dry,Eczema
23,Other,5,Average,4,Occasionally,High,High,Medium,No,No,No,No,No,Dry,Healthy
29,Other,8,Poor,5,Occasionally,High,High,High,No,No,No,Yes,No,Dry,Healthy
52,Other,3,Average,4,Never,High,Medium,Medium,No,Yes,No,No,No,Dry,Psoriasis
27,Other,2,Average,9,Occasionally,Medium,Low,Low,Yes,No,No,Yes,No,Oily,Acne
47,Male,5,Poor,7,Occasionally,Low,High,Medium,No,No,No,No,No,Dry,Healthy
38,Male,11,Average,5,Never,Low,Medium,Low,Yes,No,No,No,No,Normal,Psoriasis
33,Other,4,Healthy,6,Regularly,Medium,Medium,Low,No,Yes,No,No,No,Dry,Rosacea
39,Female,11,Healthy,6,Occasionally,Low,High,Medium,Yes,No,Yes,Yes,No,Normal,Acne
49,Other,8,Average,7,Occasionally,Medium,High,Medium,No,No,No,No,Yes,Combination,Healthy
63,Other,3,Average,7,Never,Medium,Low,Low,Yes,No,Yes,Yes,Yes,Dry,Acne
38,Female,2,Healthy,4,Never,Medium,Low,Low,No,No,No,Yes,No,Dry,Healthy
49,Female,11,Poor,5,Never,Medium,Low,Medium,No,No,Yes,Yes,No,Dry,Eczema
58,Male,6,Healthy,8,Never,Medium,Low,High,Yes,No,No,No,No,Normal,Psoriasis
54,Other,11,Average,8,Occasionally,Low,Low,Medium,Yes,No,No,No,Yes,Normal,Psoriasis
53,Female,11,Healthy,9,Occasionally,High,Low,Medium,No,No,No,No,No,Dry,Healthy
57,Other,3,Average,8,Never,High,High,Low,No,No,No,No,No,Dry,Healthy
22,Female,8,Poor,9,Regularly,Medium,Low,Low,No,Yes,Yes,No,Yes,Dry,Rosacea
46,Other,10,Average,5,Occasionally,Low,High,Medium,No,Yes,Yes,No,No,Combination,Rosacea
22,Male,2,Healthy,4,Never,Medium,High,High,Yes,No,Yes,No,No,Dry,Acne
53,Other,11,Poor,8,Occasionally,Medium,Low,High,No,Yes,Yes,No,No,Dry,Rosacea
53,Male,8,Poor,5,Regularly,Medium,High,Low,No,No,No,No,No,Dry,Healthy
24,Male,4,Average,4,Regularly,Medium,Low,Low,No,No,Yes,Yes,No,Dry,Eczema
36,Male,3,Healthy,5,Never,High,Low,High,Yes,No,No,Yes,No,Dry,Psoriasis
20,Male,3,Average,8,Occasionally,Low,Medium,Medium,No,No,No,No,No,Dry,Healthy
18,Female,7,Average,4,Regularly,High,Low,Low,Yes,No,No,No,No,Dry,Rosacea
30,Male,4,Poor,7,Never,Low,Low,Medium,No,No,No,No,Yes,Oily,Psoriasis
31,Female,7,Average,8,Occasionally,Medium,High,High,Yes,No,No,No,Yes,Combination,Eczema
54,Female,3,Healthy,4,Occasionally,Low,Medium,Medium,No,No,No,Yes,No,Dry,Healthy
28,Other,8,Average,9,Never,High,Low,High,No,No,No,No,No,Normal,Healthy
53,Female,7,Average,4,Occasionally,High,Low,High,No,No,No,No,Yes,Dry,Healthy
50,Female,6,Healthy,8,Occasionally,High,Low,Low,No,No,No,No,No,Dry,Healthy
22,Female,5,Average,4,Regularly,Low,High,Medium,Yes,No,No,No,No,Dry,Psoriasis
60,Male,7,Average,8,Occasionally,Low,Medium,Low,No,No,No,Yes,No,Oily,Healthy
33,Other,3,Average,4,Never,Medium,Low,Medium,No,No,No,Yes,No,Dry,Healthy
28,Female,8,Average,4,Regularly,High,Low,High,No,Yes,No,No,Yes,Dry,Eczema
51,Female,5,Healthy,8,Occasionally,Low,High,High,No,Yes,No,No,Yes,Dry,Psoriasis
48,Male,6,Average,4,Never,High,Low,Medium,No,Yes,No,No,Yes,Dry,Psoriasis
53,Female,8,Average,9,Occasionally,High,Medium,High,No,Yes,Yes,No,No,Dry,Rosacea
39,Female,4,Average,4,Never,Low,Medium,Medium,Yes,No,Yes,No,No,Dry,Acne
43,Male,4,Average,4,Never,Low,High,High,No,No,No,Yes,No,Dry,Healthy
49,Other,4,Average,4,Occasionally,Medium,High,Low,No,No,Yes,Yes,No,Dry,Eczema
40,Female,10,Healthy,6,Occasionally,Medium,Medium,Low,No,No,Yes,No,No,Normal,Eczema
56,Female,9,Healthy,4,Regularly,Medium,Medium,High,Yes,No,Yes,Yes,No,Combination,Acne
44,Male,10,Healthy,5,Occasionally,Low,Low,Medium,No,No,No,Yes,No,Oily,Healthy
44,Female,3,Healthy,4,Occasionally,High,Low,High,No,Yes,Yes,No,No,Dry,Rosacea
18,Other,9,Average,6,Never,Low,High,Medium,Yes,No,Yes,Yes,Yes,Combination,Rosacea
41,Female,3,Healthy,9,Never,Medium,Medium,Low,No,No,No,No,No,Dry,Psoriasis
46,Male,8,Poor,4,Occasionally,Medium,Medium,High,No,No,No,Yes,No,Normal,Healthy
38,Female,7,Average,4,Never,High,Medium,Medium,Yes,No,No,Yes,No,Dry,Psoriasis
41,Female,6,Poor,4,Regularly,Medium,Low,Low,Yes,No,No,No,Yes,Dry,Psoriasis
60,Other,3,Healthy,7,Occasionally,Low,Low,Medium,Yes,No,Yes,No,No,Dry,Acne
29,Male,10,Healthy,6,Never,Medium,Medium,Low,No,No,No,No,No,Normal,Healthy
26,Other,7,Poor,6,Regularly,High,Medium,High,Yes,No,No,No,Yes,Dry,Psoriasis
41,Male,10,Average,4,Occasionally,Medium,High,Medium,Yes,No,No,No,No,Combination,Eczema
62,Female,3,Poor,4,Occasionally,Low,Low,Low,No,No,Yes,Yes,No,Dry,Healthy
44,Female,3,Poor,4,Regularly,Medium,High,High,No,Yes,Yes,No,No,Dry,Acne
29,Male,10,Poor,9,Occasionally,Medium,Medium,Medium,No,No,Yes,No,No,Dry,Eczema
41,Female,9,Average,5,Occasionally,High,High,Medium,No,Yes,No,No,No,Dry,Psoriasis
25,Male,4,Poor,5,Regularly,High,Low,High,No,Yes,No,No,No,Dry,Psoriasis
56,Other,7,Healthy,7,Occasionally,Medium,Medium,Low,No,No,Yes,No,Yes,Combination,Eczema
28,Male,5,Healthy,6,Occasionally,High,High,Low,No,No,No,No,No,Dry,Healthy
48,Male,3,Poor,8,Never,Medium,Low,Medium,No,No,No,No,No,Dry,Healthy
36,Other,3,Healthy,5,Occasionally,Medium,Medium,High,No,No,Yes,No,No,Normal,Eczema
20,Male,10,Average,8,Never,Medium,Low,High,No,No,Yes,No,No,Normal,Rosacea
37,Female,7,Poor,9,Occasionally,High,High,Low,No,No,No,Yes,No,Dry,Eczema
39,Other,8,Average,6,Occasionally,Medium,Low,Low,No,No,No,Yes,No,Dry,Healthy
64,Female,8,Average,7,Regularly,Medium,High,Medium,Yes,No,Yes,Yes,No,Combination,Acne
19,Male,5,Average,4,Regularly,Low,High,High,No,No,No,No,No,Combination,Healthy
64,Male,2,Average,6,Regularly,High,Low,High,No,No,No,No,No,Dry,Healthy
53,Male,6,Healthy,7,Never,Medium,High,Low,No,Yes,No,No,No,Normal,Psoriasis
34,Other,8,Average,5,Occasionally,Low,Medium,High,No,No,No,Yes,No,Normal,Healthy
32,Other,9,Healthy,7,Occasionally,High,Low,Medium,No,No,No,No,No,Dry,Healthy
46,Male,5,Average,4,Never,High,Low,Low,No,No,No,No,No,Dry,Healthy
58,Other,11,Healthy,9,Occasionally,Low,Medium,Low,Yes,Yes,No,Yes,No,Oily,Psoriasis
54,Female,3,Poor,6,Never,Low,Low,Low,No,No,No,No,No,Dry,Healthy
33,Female,2,Average,6,Never,Low,Low,High,No,No,No,Yes,Yes,Dry,Acne
18,Female,9,Poor,8,Never,High,Medium,Medium,No,No,Yes,No,No,Dry,Eczema
60,Male,10,Poor,6,Never,Low,High,Low,No,No,No,No,No,Dry,Healthy
19,Female,3,Poor,5,Regularly,Low,High,Medium,No,No,Yes,Yes,No,Dry,Eczema
24,Female,4,Healthy,6,Occasionally,High,Low,Low,No,No,No,No,Yes,Dry,Healthy
51,Male,11,Healthy,4,Never,Low,Low,High,No,No,Yes,No,Yes,Oily,Eczema
41,Male,11,Healthy,6,Never,High,Medium,High,No,No,No,Yes,No,Dry,Eczema
47,Other,2,Healthy,5,Occasionally,Medium,Medium,High,Yes,No,No,No,No,Oily,Healthy
57,Male,5,Poor,4,Occasionally,High,Low,Low,No,No,No,Yes,No,Dry,Healthy
47,Other,3,Average,9,Occasionally,Low,High,Low,No,No,Yes,Yes,No,Dry,Eczema
45,Female,8,Poor,5,Never,Medium,Low,Low,Yes,No,No,No,No,Dry,Healthy
56,Other,8,Average,5,Never,Low,High,High,No,No,No,Yes,No,Combination,Healthy
53,Other,11,Poor,9,Never,Medium,Low,Low,Yes,No,No,Yes,No,Dry,Psoriasis
61,Other,2,Healthy,5,Occasionally,Medium,Low,High,Yes,No,No,No,Yes,Combination,Psoriasis
64,Female,5,Poor,7,Regularly,Low,Low,Low,Yes,No,No,No,No,Dry,Psoriasis
39,Female,5,Poor,4,Never,Medium,Medium,Medium,No,No,No,Yes,Yes,Dry,Healthy
36,Female,11,Healthy,9,Occasionally,Low,Low,Low,Yes,No,No,Yes,Yes,Normal,Psoriasis
57,Female,5,Healthy,9,Regularly,Medium,Low,High,No,No,Yes,Yes,Yes,Normal,Eczema
57,Male,9,Poor,5,Never,High,High,Medium,Yes,Yes,Yes,No,No,Dry,Acne
44,Female,3,Healthy,6,Never,High,Medium,Low,No,No,No,No,No,Dry,Healthy
31,Female,11,Average,8,Occasionally,Medium,Medium,High,No,No,No,Yes,Yes,Normal,Healthy
30,Male,7,Average,8,Occasionally,Low,Low,Medium,Yes,No,No,No,No,Normal,Psoriasis
59,Female,9,Average,5,Regularly,High,Medium,Low,No,No,No,No,No,Dry,Psoriasis
35,Female,7,Average,7,Occasionally,Low,High,Low,No,No,No,No,Yes,Combination,Healthy
27,Male,5,Healthy,4,Never,Low,Low,Low,Yes,Yes,No,Yes,No,Normal,Psoriasis
28,Other,9,Average,7,Occasionally,Low,Low,Medium,No,No,No,Yes,No,Normal,Healthy
52,Male,6,Healthy,4,Occasionally,High,Medium,Medium,No,No,No,No,No,Dry,Healthy
45,Female,2,Average,6,Never,Low,Medium,Low,Yes,No,No,Yes,No,Dry,Psoriasis
59,Other,5,Poor,7,Never,High,Medium,High,No,No,No,Yes,Yes,Normal,Psoriasis
58,Female,9,Poor,4,Never,Medium,Medium,Low,Yes,No,Yes,Yes,Yes,Dry,Healthy
30,Male,5,Healthy,5,Never,Medium,Medium,Medium,No,Yes,No,No,No,Normal,Psoriasis
35,Other,2,Poor,6,Occasionally,Medium,Medium,Medium,Yes,No,No,Yes,No,Dry,Psoriasis
28,Female,11,Poor,9,Never,Medium,Low,Medium,No,No,Yes,Yes,No,Dry,Eczema
26,Male,11,Average,4,Occasionally,Medium,High,High,No,No,No,No,No,Combination,Healthy
29,Other,2,Average,9,Never,Medium,Low,Medium,No,No,No,Yes,No,Dry,Healthy
34,Female,5,Healthy,4,Occasionally,High,Low,Low,Yes,No,No,No,No,Oily,Psoriasis
49,Male,3,Poor,5,Regularly,Medium,Medium,High,No,No,No,No,No,Dry,Healthy
55,Female,4,Average,7,Occasionally,High,Low,High,No,Yes,Yes,Yes,No,Normal,Rosacea
49,Male,6,Healthy,4,Occasionally,Low,Medium,Low,No,No,No,Yes,No,Normal,Healthy
23,Other,2,Healthy,6,Regularly,Low,Low,High,No,Yes,Yes,No,Yes,Dry,Rosacea
33,Male,6,Average,9,Occasionally,Low,High,High,No,No,Yes,No,No,Combination,Psoriasis
57,Male,4,Healthy,7,Never,High,Low,Medium,No,Yes,No,No,No,Dry,Psoriasis
47,Other,7,Healthy,7,Regularly,High,High,High,No,No,No,No,No,Dry,Healthy
58,Other,10,Poor,8,Never,Low,Low,Medium,No,No,No,No,No,Dry,Healthy
38,Other,3,Healthy,9,Occasionally,Low,Medium,Medium,No,No,Yes,No,Yes,Dry,Eczema
36,Other,2,Average,7,Occasionally,Low,High,High,No,No,Yes,Yes,No,Dry,Eczema
63,Other,11,Average,7,Regularly,High,Low,Low,Yes,No,Yes,No,Yes,Normal,Rosacea
58,Male,6,Poor,8,Occasionally,Low,High,Medium,No,No,No,No,Yes,Dry,Healthy
60,Other,3,Healthy,5,Occasionally,High,High,Medium,Yes,No,Yes,Yes,No,Dry,Acne
30,Female,4,Healthy,5,Occasionally,Medium,Low,High,No,No,No,No,No,Dry,Healthy
46,Other,5,Healthy,7,Occasionally,Medium,Low,Low,No,No,No,Yes,No,Normal,Healthy
40,Male,2,Average,9,Occasionally,Low,Medium,Medium,No,Yes,Yes,No,Yes,Dry,Rosacea
39,Female,2,Healthy,7,Occasionally,High,Low,High,No,Yes,No,No,No,Dry,Psoriasis
57,Male,9,Healthy,4,Occasionally,Low,High,High,Yes,No,Yes,No,No,Oily,Acne
50,Male,10,Healthy,5,Never,Medium,Medium,Medium,Yes,Yes,No,No,Yes,Normal,Psoriasis
25,Other,10,Poor,6,Never,Medium,Medium,Low,No,No,No,Yes,No,Dry,Healthy
31,Other,6,Poor,8,Never,Medium,Low,Medium,Yes,No,No,No,No,Dry,Psoriasis
53,Male,8,Poor,9,Never,Medium,High,Low,No,No,Yes,No,No,Dry,Eczema
46,Male,6,Healthy,6,Occasionally,Medium,High,Medium,Yes,No,No,No,No,Combination,Psoriasis
51,Male,9,Poor,7,Regularly,Low,Low,Medium,No,Yes,No,Yes,No,Dry,Psoriasis
46,Other,9,Poor,8,Never,High,Medium,Medium,No,Yes,Yes,Yes,Yes,Dry,Rosacea
46,Other,7,Healthy,4,Never,Medium,Low,Medium,No,No,Yes,No,No,Normal,Eczema
24,Other,7,Poor,9,Never,Medium,Low,High,No,No,No,No,No,Dry,Healthy
57,Male,6,Average,5,Occasionally,Medium,High,High,No,Yes,No,No,No,Combination,Eczema
38,Female,6,Average,9,Occasionally,Low,Medium,Low,No,No,No,Yes,No,Dry,Rosacea
54,Female,10,Average,8,Occasionally,Low,Medium,High,No,No,No,No,No,Combination,Healthy
47,Other,10,Poor,9,Occasionally,Low,High,High,Yes,Yes,No,No,Yes,Dry,Psoriasis
33,Female,5,Healthy,6,Never,Medium,Low,High,Yes,No,No,No,Yes,Dry,Psoriasis
32,Female,11,Poor,6,Regularly,Medium,Low,Low,No,Yes,Yes,Yes,No,Dry,Rosacea
29,Male,3,Poor,4,Occasionally,Medium,Low,Low,No,Yes,No,Yes,Yes,Dry,Psoriasis
48,Male,2,Healthy,9,Regularly,Medium,Low,Low,Yes,No,No,No,Yes,Dry,Psoriasis
45,Male,11,Average,4,Never,High,Low,High,No,No,No,Yes,No,Dry,Healthy
21,Other,6,Average,4,Never,High,High,High,No,No,No,Yes,Yes,Dry,Healthy
43,Male,5,Healthy,9,Regularly,Medium,Medium,Low,Yes,No,No,Yes,No,Normal,Psoriasis
53,Female,11,Healthy,9,Never,Medium,Low,Medium,No,No,No,No,No,Normal,Acne
40,Female,6,Average,9,Occasionally,High,Medium,Medium,Yes,No,No,Yes,No,Dry,Healthy
43,Other,10,Average,9,Never,High,Low,Medium,No,No,No,No,Yes,Dry,Healthy
20,Other,2,Healthy,9,Occasionally,Medium,High,Medium,No,Yes,No,Yes,No,Dry,Psoriasis
20,Other,5,Healthy,6,Occasionally,Medium,Medium,Medium,No,Yes,Yes,Yes,No,Normal,Rosacea
55,Male,3,Average,7,Regularly,Medium,High,Low,No,No,No,No,Yes,Dry,Healthy
33,Other,3,Healthy,5,Regularly,Medium,Medium,Low,No,No,No,Yes,No,Dry,Healthy
25,Other,10,Average,4,Never,High,Low,High,No,Yes,No,No,Yes,Normal,Psoriasis
19,Male,2,Healthy,5,Regularly,Medium,Low,Medium,No,No,No,No,Yes,Dry,Healthy
47,Male,11,Average,8,Occasionally,Low,Low,Medium,No,No,No,No,No,Normal,Healthy
60,Other,5,Average,8,Occasionally,Low,Medium,Medium,No,Yes,No,No,No,Normal,Psoriasis
27,Male,9,Poor,8,Occasionally,Low,Medium,Medium,No,Yes,No,No,Yes,Dry,Psoriasis
36,Male,10,Healthy,6,Occasionally,Medium,Low,Medium,No,No,No,Yes,No,Normal,Healthy
54,Female,2,Average,9,Occasionally,Medium,High,Medium,No,Yes,No,No,No,Dry,Healthy
33,Male,5,Average,9,Never,High,Low,Low,No,No,No,No,No,Dry,Healthy
22,Other,3,Average,6,Occasionally,Low,Low,Low,No,No,Yes,Yes,Yes,Dry,Eczema
19,Male,3,Poor,8,Occasionally,High,High,Low,Yes,No,No,No,No,Dry,Psoriasis
40,Male,5,Average,8,Occasionally,Medium,Medium,Medium,No,No,Yes,No,No,Normal,Eczema
47,Female,3,Healthy,5,Never,High,Medium,Medium,Yes,No,No,Yes,Yes,Oily,Psoriasis
56,Female,2,Average,7,Never,Low,Low,High,Yes,No,No,No,No,Dry,Healthy
54,Male,6,Average,9,Occasionally,High,Low,Medium,No,No,No,Yes,No,Dry,Healthy
53,Female,10,Healthy,6,Never,Low,Medium,Low,No,No,Yes,No,No,Dry,Eczema
28,Female,7,Healthy,6,Never,Medium,High,Medium,No,No,Yes,No,No,Normal,Acne
61,Other,6,Average,5,Occasionally,Low,Medium,Low,Yes,No,Yes,Yes,No,Combination,Acne
20,Male,11,Poor,7,Occasionally,Low,Low,Low,No,No,Yes,No,No,Dry,Rosacea
49,Male,8,Healthy,6,Occasionally,High,High,High,Yes,Yes,No,No,No,Oily,Psoriasis
53,Other,5,Average,9,Never,Medium,High,Medium,No,No,No,No,Yes,Combination,Healthy
46,Other,10,Healthy,7,Never,High,High,High,No,No,No,No,Yes,Dry,Healthy
60,Other,8,Average,5,Occasionally,Low,Low,Low,No,Yes,No,Yes,Yes,Normal,Rosacea
49,Male,3,Average,8,Occasionally,Medium,Low,Low,No,No,Yes,Yes,Yes,Dry,Eczema
48,Male,3,Poor,6,Occasionally,Medium,High,Medium,Yes,Yes,No,Yes,Yes,Dry,Psoriasis
54,Other,11,Healthy,8,Occasionally,Medium,High,Medium,Yes,No,No,No,No,Combination,Psoriasis
50,Male,6,Average,8,Never,High,Low,Medium,Yes,No,No,No,No,Dry,Psoriasis
49,Female,10,Average,4,Never,High,Medium,Low,No,Yes,No,Yes,No,Dry,Psoriasis
47,Female,9,Healthy,9,Never,Medium,Medium,Medium,No,No,No,No,Yes,Combination,Healthy
22,Other,3,Poor,5,Occasionally,Medium,High,Low,No,No,No,No,Yes,Dry,Healthy
35,Male,7,Average,9,Never,Low,High,Medium,No,No,Yes,Yes,No,Dry,Eczema
45,Other,8,Poor,4,Regularly,Low,Low,Medium,No,No,No,No,No,Dry,Psoriasis
24,Other,7,Average,7,Occasionally,Low,Low,Medium,Yes,No,No,No,No,Normal,Psoriasis
24,Male,11,Poor,5,Never,Medium,High,Medium,No,No,No,No,Yes,Oily,Healthy
25,Male,7,Healthy,4,Occasionally,Low,High,Medium,No,Yes,No,Yes,No,Normal,Psoriasis
42,Male,5,Average,8,Occasionally,High,Low,High,No,No,No,No,No,Dry,Healthy
39,Male,8,Average,4,Never,High,Low,High,Yes,No,No,No,No,Dry,Rosacea
59,Female,11,Healthy,9,Never,Medium,Medium,High,Yes,No,No,Yes,No,Oily,Psoriasis
39,Male,3,Healthy,4,Never,Low,Low,High,Yes,Yes,Yes,Yes,No,Dry,Acne
49,Female,5,Average,7,Never,Medium,Low,High,Yes,No,No,Yes,Yes,Oily,Psoriasis
34,Other,8,Average,7,Never,Medium,Low,Low,Yes,No,No,No,No,Normal,Psoriasis
25,Female,3,Average,6,Occasionally,Low,Medium,High,Yes,Yes,No,No,No,Dry,Psoriasis
28,Female,9,Average,4,Regularly,Medium,Low,High,No,Yes,No,No,Yes,Normal,Psoriasis
42,Male,11,Poor,9,Occasionally,Medium,Low,Medium,No,No,No,Yes,No,Normal,Acne
33,Male,8,Average,9,Occasionally,Low,Low,Low,No,No,No,Yes,Yes,Normal,Healthy
39,Male,2,Average,4,Never,Low,High,Medium,No,No,No,Yes,Yes,Normal,Healthy
28,Other,9,Healthy,8,Never,High,High,Medium,No,No,Yes,Yes,Yes,Dry,Eczema
45,Male,4,Average,7,Occasionally,Medium,Low,High,No,No,No,No,No,Dry,Psoriasis
47,Other,7,Average,7,Occasionally,High,Medium,High,Yes,No,Yes,Yes,No,Dry,Acne
45,Female,5,Healthy,7,Never,Low,Medium,High,Yes,Yes,No,No,Yes,Normal,Psoriasis
51,Female,9,Average,7,Never,High,Low,Medium,No,No,No,Yes,No,Dry,Psoriasis
26,Male,5,Average,5,Regularly,High,Medium,Medium,Yes,No,Yes,No,Yes,Dry,Acne
31,Other,3,Healthy,6,Regularly,Medium,High,High,No,No,Yes,Yes,No,Dry,Acne
63,Female,9,Average,9,Never,Low,High,Low,No,No,No,No,No,Combination,Healthy
43,Female,6,Average,9,Never,Medium,Low,High,Yes,No,No,No,No,Normal,Psoriasis
50,Male,9,Average,7,Occasionally,High,Low,Medium,No,No,Yes,Yes,No,Dry,Eczema
34,Other,3,Average,4,Occasionally,Medium,Medium,Low,Yes,Yes,Yes,Yes,No,Dry,Rosacea
49,Other,7,Average,7,Regularly,Medium,High,Medium,No,No,Yes,No,No,Combination,Eczema
37,Male,5,Healthy,5,Never,High,Low,High,Yes,Yes,No,No,Yes,Dry,Psoriasis
56,Other,6,Healthy,8,Occasionally,High,High,Medium,No,Yes,No,No,Yes,Dry,Psoriasis
45,Male,9,Poor,9,Regularly,Low,High,Medium,No,Yes,No,No,No,Dry,Psoriasis
41,Other,10,Average,6,Regularly,Medium,Low,Medium,Yes,No,No,Yes,No,Normal,Psoriasis
21,Male,8,Poor,6,Never,High,High,Medium,No,No,No,Yes,No,Dry,Healthy
57,Female,8,Poor,6,Never,Medium,Medium,Low,No,No,Yes,No,No,Oily,Eczema
49,Female,9,Poor,9,Never,Medium,High,Medium,No,No,No,No,No,Dry,Healthy
43,Other,4,Healthy,4,Occasionally,Low,Low,Low,No,No,No,Yes,No,Dry,Healthy
53,Other,5,Average,6,Regularly,Medium,High,Medium,No,No,Yes,Yes,No,Combination,Rosacea
41,Male,8,Poor,5,Never,Medium,High,Medium,No,No,No,No,No,Normal,Healthy
37,Male,8,Average,7,Never,High,Low,Medium,Yes,Yes,Yes,No,No,Dry,Acne
22,Other,7,Poor,9,Never,Low,Medium,Low,No,No,No,Yes,No,Oily,Healthy
58,Other,11,Average,8,Occasionally,Low,High,Low,Yes,No,Yes,No,Yes,Combination,Acne
64,Female,2,Healthy,9,Occasionally,Medium,High,Low,No,No,No,No,No,Dry,Healthy
34,Female,6,Healthy,6,Never,Medium,Medium,Low,No,No,No,Yes,Yes,Normal,Healthy
24,Other,11,Healthy,5,Regularly,High,Medium,Medium,No,No,No,Yes,No,Dry,Healthy
31,Other,4,Average,7,Occasionally,Medium,Medium,Medium,No,No,Yes,Yes,Yes,Dry,Eczema
34,Female,11,Average,7,Occasionally,High,Low,Low,No,No,Yes,No,No,Dry,Eczema
34,Male,5,Average,7,Never,Medium,Low,Medium,No,No,Yes,Yes,No,Normal,Eczema
25,Male,3,Healthy,7,Occasionally,Low,Low,High,No,No,No,No,No,Dry,Healthy
49,Male,6,Poor,5,Occasionally,Medium,Medium,Medium,No,No,No,No,Yes,Dry,Healthy
55,Other,8,Healthy,6,Never,Medium,High,High,Yes,Yes,No,No,Yes,Normal,Psoriasis
43,Other,8,Healthy,9,Occasionally,Medium,Low,High,No,No,No,Yes,No,Normal,Healthy
18,Male,4,Healthy,7,Never,High,High,Medium,No,No,Yes,No,Yes,Dry,Healthy
51,Male,6,Average,5,Occasionally,High,Low,Medium,No,No,No,Yes,No,Dry,Healthy
22,Male,3,Poor,8,Never,Medium,High,High,Yes,No,No,Yes,Yes,Dry,Psoriasis
50,Other,7,Poor,8,Never,High,Medium,Medium,No,No,No,Yes,No,Dry,Healthy
32,Other,10,Poor,4,Occasionally,Low,Low,Medium,No,No,No,Yes,No,Dry,Healthy
50,Female,11,Average,8,Never,High,Medium,Low,No,No,No,No,Yes,Dry,Healthy
26,Male,7,Healthy,8,Never,High,Low,Medium,Yes,Yes,Yes,No,Yes,Dry,Acne
19,Female,9,Poor,5,Occasionally,Low,Medium,Medium,No,No,No,Yes,Yes,Dry,Healthy
51,Male,9,Average,9,Never,Medium,Medium,Medium,No,No,No,No,No,Normal,Healthy
51,Male,9,Healthy,6,Never,Medium,Low,Low,No,No,No,Yes,Yes,Normal,Healthy
29,Male,10,Poor,7,Regularly,Low,Medium,High,No,Yes,No,Yes,Yes,Dry,Psoriasis
64,Male,7,Healthy,9,Regularly,Low,Medium,Low,No,Yes,No,Yes,Yes,Normal,Psoriasis
58,Male,6,Poor,6,Never,Low,Low,High,No,No,No,No,No,Dry,Healthy
45,Female,4,Poor,7,Never,High,High,Low,Yes,Yes,Yes,Yes,Yes,Dry,Acne
20,Female,2,Healthy,9,Never,High,Low,Low,Yes,No,No,No,No,Dry,Psoriasis
28,Male,2,Average,6,Regularly,Low,Low,Low,Yes,No,Yes,Yes,No,Dry,Psoriasis
50,Female,4,Average,4,Occasionally,Medium,Low,High,No,No,No,No,No,Dry,Rosacea
62,Male,5,Poor,6,Regularly,High,High,Medium,Yes,Yes,Yes,Yes,Yes,Dry,Rosacea
26,Female,9,Healthy,8,Occasionally,High,Low,High,No,Yes,No,No,No,Dry,Psoriasis
51,Male,4,Average,4,Never,Medium,High,High,Yes,No,No,No,No,Dry,Psoriasis
51,Female,11,Average,6,Occasionally,Medium,Low,Low,No,No,No,No,Yes,Normal,Healthy
24,Other,4,Poor,5,Never,Low,Low,High,Yes,No,No,Yes,No,Combination,Acne
45,Female,8,Average,7,Occasionally,Medium,Medium,Medium,No,No,No,Yes,Yes,Normal,Healthy
26,Other,11,Average,6,Occasionally,Medium,Low,Low,No,No,No,No,Yes,Normal,Healthy
48,Female,5,Average,4,Regularly,Medium,High,Medium,No,No,No,Yes,Yes,Combination,Healthy
45,Male,6,Average,6,Never,Medium,Medium,Medium,Yes,No,Yes,No,No,Normal,Healthy
25,Male,9,Healthy,5,Never,Low,Low,Medium,No,No,No,No,No,Oily,Healthy
18,Female,5,Healthy,5,Regularly,Low,Low,High,No,No,No,Yes,No,Normal,Psoriasis
26,Female,6,Average,6,Regularly,Medium,High,Low,Yes,No,No,Yes,No,Combination,Psoriasis
36,Other,4,Poor,9,Occasionally,Medium,Medium,Medium,No,No,No,Yes,Yes,Dry,Eczema
31,Other,2,Average,5,Never,Low,Medium,Low,Yes,No,No,Yes,No,Dry,Psoriasis
52,Female,3,Healthy,9,Occasionally,Medium,Low,Medium,No,No,No,Yes,Yes,Dry,Healthy
50,Female,3,Average,6,Occasionally,Medium,Low,High,Yes,No,No,No,No,Dry,Rosacea
31,Other,4,Average,5,Occasionally,Low,Medium,Low,No,No,No,No,Yes,Dry,Healthy
54,Female,5,Average,6,Never,Medium,Medium,High,No,No,No,Yes,No,Normal,Healthy
33,Other,5,Healthy,4,Never,High,Low,Medium,No,No,Yes,Yes,No,Dry,Rosacea
33,Female,5,Healthy,5,Regularly,Low,High,High,No,No,No,No,Yes,Oily,Healthy
53,Other,10,Poor,7,Never,Medium,Medium,Low,No,No,No,Yes,No,Dry,Healthy
42,Male,9,Poor,5,Occasionally,High,High,Low,No,Yes,No,Yes,No,Dry,Psoriasis
24,Other,8,Poor,9,Regularly,High,Medium,Medium,No,No,Yes,Yes,No,Dry,Eczema
47,Male,10,Healthy,6,Occasionally,High,Medium,Medium,No,No,Yes,Yes,No,Dry,Eczema
45,Male,4,Average,5,Never,Medium,High,High,Yes,No,Yes,Yes,No,Dry,Acne
36,Male,2,Average,4,Never,High,High,Medium,Yes,No,No,No,No,Dry,Psoriasis
36,Female,10,Average,9,Never,Medium,High,Low,Yes,No,Yes,No,No,Combination,Acne
42,Other,2,Healthy,6,Occasionally,Low,High,Medium,No,Yes,No,Yes,No,Dry,Healthy
38,Male,10,Average,4,Never,High,Low,Low,Yes,No,No,Yes,No,Oily,Psoriasis
57,Male,10,Average,6,Never,Low,High,High,Yes,No,Yes,No,No,Combination,Acne
28,Male,2,Poor,9,Never,Medium,Medium,Medium,Yes,Yes,No,Yes,No,Dry,Psoriasis
20,Female,4,Average,9,Never,Low,Medium,High,Yes,No,No,Yes,Yes,Dry,Psoriasis
58,Male,10,Average,6,Occasionally,Low,High,Medium,No,No,No,No,No,Combination,Acne
25,Other,7,Poor,8,Occasionally,Medium,Medium,Medium,No,No,No,Yes,No,Dry,Healthy
47,Male,6,Average,9,Regularly,Medium,High,High,No,Yes,No,No,Yes,Combination,Psoriasis
51,Other,3,Poor,6,Never,High,High,Medium,Yes,Yes,No,No,No,Dry,Psoriasis
55,Other,11,Average,4,Regularly,Low,High,Medium,No,No,Yes,Yes,Yes,Combination,Eczema
23,Other,11,Healthy,9,Occasionally,Low,Medium,Medium,No,Yes,No,Yes,No,Dry,Psoriasis
45,Female,4,Average,6,Regularly,Medium,High,Medium,Yes,No,No,Yes,No,Normal,Psoriasis
45,Female,3,Average,8,Occasionally,High,Low,High,No,No,Yes,Yes,No,Dry,Eczema
50,Female,3,Poor,7,Regularly,High,Medium,Low,No,No,Yes,Yes,Yes,Dry,Eczema
43,Male,6,Average,5,Never,Medium,Medium,High,No,No,No,Yes,Yes,Normal,Eczema
45,Other,5,Poor,7,Never,High,Low,Low,No,No,Yes,Yes,No,Dry,Eczema
29,Female,8,Average,9,Never,Medium,High,Medium,No,No,No,No,Yes,Combination,Eczema
51,Female,7,Healthy,7,Never,Low,Medium,Low,No,No,No,No,No,Normal,Healthy
18,Female,2,Average,8,Never,Medium,Low,High,No,No,No,Yes,No,Dry,Healthy
40,Other,7,Average,9,Never,Medium,Medium,High,Yes,No,No,Yes,No,Normal,Psoriasis
42,Male,9,Average,7,Never,Medium,Low,Low,No,No,No,Yes,No,Normal,Psoriasis
22,Male,4,Poor,8,Regularly,Medium,Low,High,No,Yes,No,Yes,No,Dry,Psoriasis
43,Female,10,Healthy,5,Regularly,Low,Medium,Low,No,Yes,Yes,No,Yes,Oily,Eczema
56,Other,11,Poor,9,Never,Low,Low,Low,No,Yes,No,No,Yes,Combination,Psoriasis
42,Female,8,Average,6,Never,High,Low,High,No,No,No,No,No,Dry,Healthy
51,Other,11,Average,6,Occasionally,High,Medium,High,No,No,Yes,Yes,No,Dry,Eczema
54,Female,11,Poor,8,Never,Medium,High,Low,No,No,No,No,No,Dry,Healthy
63,Male,8,Average,4,Regularly,Medium,Medium,Low,Yes,No,No,No,No,Normal,Psoriasis
45,Female,7,Healthy,7,Never,Medium,Medium,Low,No,Yes,No,Yes,No,Oily,Psoriasis
47,Female,2,Poor,7,Never,High,High,Low,Yes,Yes,Yes,Yes,No,Dry,Psoriasis
24,Male,6,Healthy,8,Regularly,Medium,High,Medium,Yes,No,No,Yes,No,Normal,Psoriasis
29,Other,5,Poor,5,Never,High,High,Low,No,Yes,No,No,No,Dry,Psoriasis
55,Female,6,Poor,6,Occasionally,Low,Low,Low,No,No,No,No,No,Dry,Healthy
48,Female,11,Average,5,Occasionally,Low,Low,High,Yes,No,Yes,Yes,No,Normal,Psoriasis
54,Female,8,Poor,6,Regularly,Medium,Low,Medium,No,No,No,No,Yes,Dry,Healthy
36,Other,9,Healthy,9,Never,High,Medium,Low,No,No,Yes,Yes,No,Dry,Eczema
48,Other,7,Healthy,4,Occasionally,Low,Low,High,No,No,No,No,Yes,Normal,Healthy
54,Female,7,Poor,4,Occasionally,Low,High,Medium,No,No,No,No,No,Dry,Healthy
61,Female,2,Average,9,Regularly,Medium,Low,High,No,No,No,No,Yes,Dry,Healthy
62,Female,9,Poor,4,Occasionally,High,High,High,No,No,Yes,No,No,Dry,Eczema
64,Other,7,Average,9,Occasionally,Medium,High,Medium,No,No,No,No,No,Combination,Healthy
29,Male,5,Average,6,Occasionally,Low,Medium,Medium,No,No,No,No,No,Normal,Healthy
48,Female,2,Poor,5,Occasionally,Medium,High,Medium,No,No,No,No,No,Combination,Healthy
50,Other,6,Average,6,Never,Medium,Low,High,Yes,No,No,Yes,Yes,Normal,Psoriasis
43,Male,6,Average,7,Never,Low,Low,Low,No,No,No,No,No,Normal,Healthy
20,Female,7,Healthy,5,Never,Medium,Medium,Medium,No,No,No,Yes,No,Dry,Healthy
24,Other,10,Average,6,Occasionally,High,High,High,No,No,No,Yes,No,Dry,Healthy
27,Female,7,Average,9,Occasionally,Medium,Medium,Medium,No,Yes,No,Yes,No,Combination,Psoriasis
51,Male,10,Healthy,5,Never,Low,Low,Low,No,No,No,No,No,Oily,Healthy
27,Female,8,Healthy,6,Regularly,Medium,High,Medium,No,No,No,Yes,No,Normal,Healthy
23,Female,7,Average,5,Occasionally,Medium,Low,High,No,Yes,No,Yes,No,Normal,Psoriasis
21,Male,5,Poor,5,Never,High,Medium,Medium,No,Yes,Yes,No,No,Dry,Rosacea
21,Female,10,Healthy,6,Never,Medium,Medium,Medium,Yes,Yes,No,Yes,Yes,Normal,Eczema
61,Other,8,Average,8,Regularly,Low,Medium,High,No,No,No,No,Yes,Normal,Healthy
57,Female,2,Average,5,Occasionally,High,Medium,Medium,No,No,No,No,No,Dry,Eczema
27,Female,11,Average,4,Regularly,Medium,High,High,No,Yes,No,No,Yes,Combination,Psoriasis
21,Female,7,Healthy,8,Occasionally,Low,Low,Low,No,Yes,No,Yes,No,Normal,Psoriasis
38,Female,8,Average,7,Occasionally,High,Low,Medium,No,No,No,No,Yes,Dry,Healthy
47,Female,9,Healthy,6,Never,High,Medium,High,No,No,Yes,Yes,No,Dry,Eczema
30,Female,11,Healthy,5,Occasionally,High,Medium,Medium,Yes,No,No,No,No,Dry,Psoriasis
26,Male,2,Average,8,Occasionally,High,Low,Low,No,No,Yes,No,Yes,Dry,Eczema
54,Male,2,Healthy,5,Never,Medium,Medium,Low,No,No,No,No,No,Oily,Healthy
63,Other,4,Average,8,Occasionally,Low,Medium,Low,Yes,No,No,No,No,Dry,Rosacea
36,Male,6,Healthy,4,Never,High,Medium,Medium,No,No,No,No,No,Dry,Psoriasis
29,Male,6,Poor,5,Regularly,High,Medium,Medium,No,No,No,No,Yes,Dry,Healthy
22,Other,10,Average,7,Never,Medium,Medium,High,No,Yes,No,Yes,Yes,Oily,Eczema
63,Female,4,Average,5,Occasionally,High,High,Medium,No,No,No,Yes,No,Dry,Healthy
35,Female,2,Healthy,6,Occasionally,Low,High,Low,Yes,No,Yes,No,Yes,Normal,Acne
57,Male,7,Poor,7,Never,High,Low,High,Yes,Yes,No,No,No,Dry,Psoriasis
63,Female,2,Poor,4,Regularly,Medium,High,Medium,No,No,No,Yes,No,Dry,Healthy
36,Female,3,Average,7,Never,High,Medium,High,No,No,No,No,Yes,Dry,Healthy
28,Female,9,Poor,5,Occasionally,High,Low,Low,No,No,No,No,No,Oily,Healthy
52,Female,8,Average,8,Occasionally,Medium,High,Medium,Yes,No,Yes,Yes,No,Combination,Acne
33,Other,2,Healthy,8,Regularly,Medium,Medium,Medium,Yes,Yes,Yes,No,No,Dry,Acne
47,Male,3,Healthy,5,Occasionally,Low,Medium,Medium,No,No,No,No,No,Dry,Healthy
27,Male,8,Average,5,Never,Medium,High,High,No,No,Yes,Yes,No,Combination,Eczema
54,Other,3,Average,8,Never,Medium,Low,Medium,No,No,Yes,Yes,Yes,Dry,Eczema
51,Other,3,Healthy,6,Never,Medium,High,Low,Yes,No,No,Yes,No,Dry,Psoriasis
47,Other,4,Poor,6,Occasionally,High,Medium,Medium,Yes,No,Yes,No,No,Dry,Acne
59,Other,7,Average,7,Occasionally,Medium,Medium,High,No,No,Yes,No,No,Normal,Eczema
39,Other,7,Average,9,Never,Low,Low,High,No,No,Yes,Yes,Yes,Oily,Eczema
42,Male,9,Healthy,4,Never,High,High,Low,No,No,Yes,No,Yes,Dry,Eczema
31,Male,2,Poor,7,Occasionally,High,High,High,No,No,Yes,No,No,Dry,Eczema
37,Other,3,Healthy,7,Regularly,Medium,Low,High,No,No,No,Yes,No,Dry,Healthy
23,Female,3,Poor,4,Never,Medium,Low,Low,No,No,No,Yes,Yes,Normal,Healthy
51,Other,5,Average,6,Never,Medium,Medium,Medium,No,No,No,Yes,Yes,Normal,Eczema
54,Male,4,Poor,7,Never,Medium,Medium,Medium,No,Yes,No,Yes,Yes,Dry,Psoriasis
60,Female,5,Healthy,6,Never,High,Low,High,No,Yes,No,Yes,No,Dry,Psoriasis
33,Female,10,Average,5,Regularly,High,Low,High,Yes,No,Yes,No,No,Dry,Acne
49,Female,3,Healthy,7,Never,Medium,Medium,Low,Yes,No,No,Yes,Yes,Normal,Psoriasis
46,Female,5,Average,8,Never,High,Low,Low,No,No,No,No,No,Dry,Psoriasis
48,Female,5,Poor,4,Occasionally,Low,Low,High,No,No,Yes,No,Yes,Dry,Eczema
26,Male,10,Healthy,4,Occasionally,Low,Low,Low,No,No,No,No,No,Oily,Healthy
37,Male,7,Average,5,Regularly,Low,High,Medium,Yes,No,No,No,No,Combination,Eczema
44,Male,3,Healthy,8,Never,Low,Low,Medium,No,No,No,Yes,Yes,Dry,Healthy
21,Female,3,Poor,6,Never,Medium,Low,High,No,No,No,No,No,Oily,Healthy
50,Male,4,Average,8,Occasionally,Medium,Low,High,Yes,No,No,No,No,Oily,Psoriasis
20,Other,10,Healthy,5,Occasionally,Low,High,High,No,No,Yes,No,No,Oily,Eczema
24,Other,2,Average,8,Occasionally,Low,High,High,No,No,Yes,No,No,Dry,Eczema
64,Other,9,Average,8,Never,Medium,High,Medium,No,Yes,No,Yes,No,Combination,Psoriasis
53,Male,9,Average,6,Occasionally,High,Medium,Low,No,Yes,No,Yes,No,Dry,Psoriasis
21,Other,8,Healthy,4,Regularly,High,High,Low,No,Yes,Yes,No,No,Dry,Rosacea
24,Male,9,Healthy,7,Occasionally,Low,High,Medium,No,No,No,Yes,No,Oily,Healthy
40,Other,10,Average,5,Never,Low,Medium,High,No,Yes,No,No,No,Normal,Psoriasis
39,Female,7,Healthy,7,Never,Low,High,Medium,No,No,No,No,Yes,Normal,Healthy
42,Male,8,Average,5,Occasionally,High,High,Medium,No,No,No,Yes,No,Oily,Healthy
34,Other,2,Poor,4,Regularly,High,High,Low,No,No,No,No,No,Dry,Healthy
64,Other,11,Average,8,Regularly,Medium,Medium,Medium,No,No,Yes,Yes,Yes,Normal,Eczema
49,Male,2,Average,9,Occasionally,Medium,Low,Medium,No,No,No,Yes,No,Dry,Healthy
47,Female,4,Average,5,Never,High,High,Low,No,No,No,Yes,Yes,Dry,Healthy
33,Male,3,Poor,9,Occasionally,Low,High,Medium,No,No,Yes,Yes,No,Combination,Eczema
38,Female,10,Poor,9,Never,Medium,Low,Low,No,No,No,No,No,Dry,Healthy
36,Female,7,Average,6,Occasionally,Low,Medium,Medium,No,No,No,No,Yes,Normal,Healthy
55,Female,3,Average,8,Occasionally,Medium,Low,Medium,Yes,No,No,No,Yes,Dry,Healthy
33,Female,5,Healthy,7,Occasionally,High,Low,High,Yes,No,No,No,No,Dry,Psoriasis
18,Female,11,Healthy,5,Never,Medium,Low,Medium,Yes,Yes,Yes,No,No,Normal,Rosacea
39,Other,5,Average,8,Never,Low,High,Low,No,No,Yes,No,No,Oily,Healthy
27,Female,11,Healthy,8,Never,Medium,High,Low,No,No,No,No,No,Combination,Healthy
34,Other,4,Poor,4,Occasionally,Low,Medium,High,No,No,Yes,No,No,Dry,Eczema
40,Male,6,Healthy,4,Occasionally,Medium,Low,Medium,No,No,No,No,No,Combination,Healthy
41,Other,5,Average,8,Occasionally,Medium,Low,Low,No,No,Yes,Yes,No,Normal,Eczema
62,Male,5,Healthy,9,Never,Medium,Low,Medium,No,No,Yes,No,No,Normal,Eczema
45,Female,11,Poor,9,Regularly,High,High,Medium,No,No,Yes,Yes,Yes,Dry,Eczema
33,Male,11,Healthy,4,Occasionally,Low,Medium,High,No,No,No,Yes,Yes,Oily,Healthy
19,Male,5,Healthy,6,Occasionally,High,Low,Low,Yes,No,No,Yes,No,Dry,Psoriasis
54,Female,6,Poor,6,Occasionally,Low,High,Medium,No,No,No,Yes,No,Dry,Rosacea
28,Male,9,Poor,6,Never,Low,Low,Medium,No,No,No,Yes,No,Dry,Healthy
38,Other,10,Average,6,Occasionally,High,Low,Low,No,No,No,No,No,Dry,Healthy
52,Other,2,Average,6,Occasionally,High,Low,High,No,Yes,No,No,No,Dry,Psoriasis
41,Female,4,Average,9,Never,Low,High,High,No,No,No,No,Yes,Dry,Healthy
34,Female,6,Average,9,Never,High,Low,High,No,Yes,No,Yes,No,Dry,Psoriasis
59,Male,8,Poor,8,Occasionally,Low,Low,Low,Yes,No,No,No,No,Oily,Psoriasis
23,Male,11,Average,5,Occasionally,High,High,High,No,No,No,No,No,Normal,Healthy
33,Female,7,Healthy,7,Regularly,High,Low,Low,No,No,Yes,No,No,Dry,Healthy
57,Male,2,Average,5,Occasionally,Low,High,Low,No,No,No,No,No,Dry,Healthy
27,Male,3,Average,6,Never,Low,Low,Medium,No,No,No,Yes,No,Oily,Healthy
63,Other,11,Healthy,8,Occasionally,Low,Low,Low,Yes,Yes,Yes,No,No,Oily,Acne
49,Female,2,Average,6,Occasionally,Medium,High,Low,No,Yes,No,No,No,Dry,Psoriasis
64,Male,3,Healthy,6,Regularly,Medium,Medium,Low,Yes,No,No,No,No,Dry,Psoriasis
28,Female,3,Average,4,Regularly,Medium,Medium,High,Yes,No,No,No,No,Dry,Psoriasis
49,Male,6,Healthy,8,Regularly,High,Medium,High,No,No,No,No,Yes,Dry,Healthy
35,Female,4,Healthy,7,Occasionally,High,Medium,Medium,No,No,Yes,No,Yes,Dry,Eczema
50,Female,4,Healthy,5,Never,Low,High,High,Yes,Yes,No,Yes,No,Dry,Psoriasis
41,Other,11,Poor,6,Occasionally,High,Medium,Medium,No,Yes,No,No,Yes,Dry,Psoriasis
37,Male,3,Average,4,Occasionally,High,High,Medium,No,No,Yes,Yes,No,Dry,Eczema
50,Other,9,Average,8,Never,High,Low,Medium,No,No,Yes,No,Yes,Dry,Acne
30,Male,7,Average,7,Never,Low,Medium,Low,Yes,No,No,Yes,No,Normal,Psoriasis
31,Other,6,Average,8,Occasionally,High,Low,High,No,No,No,No,No,Dry,Healthy
28,Male,8,Healthy,5,Never,High,High,Medium,No,No,No,No,No,Dry,Healthy
41,Female,4,Poor,9,Never,High,Medium,Medium,No,Yes,No,Yes,No,Dry,Psoriasis
18,Male,4,Average,6,Never,Medium,Medium,Low,No,No,Yes,No,No,Dry,Eczema
30,Male,6,Poor,9,Occasionally,High,Low,Medium,No,No,No,Yes,Yes,Dry,Healthy
21,Other,9,Average,6,Occasionally,Medium,High,Low,No,No,Yes,No,Yes,Combination,Eczema
28,Male,6,Poor,8,Occasionally,Medium,Low,Low,No,Yes,No,Yes,Yes,Dry,Psoriasis
25,Male,8,Poor,4,Occasionally,High,Low,Low,No,No,No,No,Yes,Dry,Psoriasis
48,Male,6,Healthy,5,Never,High,Low,Low,Yes,No,Yes,No,No,Dry,Acne
22,Female,8,Average,6,Regularly,Medium,Low,High,No,No,Yes,Yes,No,Normal,Eczema
53,Male,4,Average,6,Occasionally,Medium,Medium,High,No,No,No,Yes,No,Dry,Healthy
23,Male,8,Average,9,Occasionally,Low,Low,Low,No,No,No,Yes,No,Normal,Healthy
20,Other,6,Healthy,6,Never,Low,Low,Low,Yes,No,No,No,Yes,Normal,Psoriasis
36,Female,11,Average,8,Occasionally,Low,High,High,No,No,Yes,No,No,Combination,Psoriasis
28,Other,7,Average,7,Never,Low,Low,Medium,Yes,Yes,Yes,No,No,Normal,Acne
61,Female,7,Average,4,Never,Low,High,High,No,No,No,No,No,Combination,Healthy
40,Male,3,Poor,6,Regularly,Medium,Low,High,Yes,Yes,No,No,Yes,Dry,Psoriasis
24,Other,11,Poor,6,Never,Medium,Medium,Low,No,Yes,No,No,No,Dry,Psoriasis
55,Female,7,Healthy,7,Regularly,Medium,Low,Medium,No,No,No,No,Yes,Normal,Healthy
24,Male,2,Healthy,4,Occasionally,High,Medium,Medium,No,No,Yes,Yes,No,Oily,Psoriasis
18,Other,9,Healthy,4,Occasionally,Low,Low,High,No,No,No,No,No,Oily,Healthy
34,Other,5,Poor,4,Never,Medium,Medium,Low,No,No,Yes,Yes,No,Dry,Acne
60,Female,9,Healthy,4,Occasionally,High,Low,Medium,No,No,Yes,No,No,Dry,Rosacea
31,Other,5,Poor,5,Never,Medium,High,Medium,No,No,No,Yes,No,Dry,Healthy
23,Female,8,Poor,6,Occasionally,High,Low,Medium,No,No,No,Yes,Yes,Dry,Healthy
24,Female,8,Healthy,6,Never,Low,Low,High,Yes,No,Yes,Yes,No,Normal,Acne
24,Female,9,Average,7,Occasionally,Medium,Low,Medium,No,No,No,No,Yes,Oily,Healthy
62,Female,11,Average,9,Occasionally,High,High,High,No,No,No,No,No,Dry,Healthy
64,Female,3,Healthy,8,Never,High,High,Medium,No,Yes,Yes,No,No,Dry,Rosacea
18,Female,3,Poor,5,Occasionally,High,Medium,High,Yes,No,No,No,Yes,Dry,Rosacea
34,Male,6,Average,4,Never,Low,High,Medium,No,No,Yes,Yes,No,Combination,Eczema
36,Female,2,Average,4,Occasionally,Low,High,Low,No,No,No,No,Yes,Dry,Acne
63,Male,7,Average,7,Occasionally,Medium,Medium,Medium,Yes,No,No,No,No,Normal,Psoriasis
35,Male,5,Healthy,8,Never,Medium,Medium,High,No,No,Yes,Yes,No,Normal,Eczema
19,Male,11,Poor,5,Occasionally,Medium,Low,High,No,No,No,No,No,Combination,Healthy
48,Male,7,Healthy,4,Never,Medium,Low,High,Yes,No,No,No,No,Combination,Psoriasis
45,Female,9,Average,8,Never,Low,Medium,Medium,No,No,Yes,Yes,Yes,Normal,Eczema
39,Male,7,Average,8,Never,Low,Medium,Medium,No,No,No,Yes,No,Normal,Healthy
18,Female,7,Poor,6,Regularly,Low,Low,Medium,Yes,No,No,Yes,No,Dry,Psoriasis
56,Other,2,Poor,8,Occasionally,Medium,High,Medium,No,No,Yes,No,Yes,Dry,Eczema
39,Male,7,Healthy,4,Occasionally,Medium,Medium,Medium,No,No,No,Yes,No,Normal,Healthy
25,Male,3,Average,8,Occasionally,Low,High,Medium,Yes,Yes,Yes,No,Yes,Dry,Acne
48,Other,5,Healthy,7,Occasionally,Low,High,Medium,No,Yes,No,Yes,No,Normal,Psoriasis
30,Female,5,Average,9,Occasionally,Medium,High,Medium,No,No,No,No,No,Dry,Healthy
29,Male,11,Poor,9,Occasionally,High,Low,High,No,No,No,No,No,Dry,Healthy
63,Male,2,Poor,6,Regularly,Medium,Medium,Medium,No,No,No,Yes,Yes,Dry,Healthy
32,Other,5,Poor,9,Occasionally,Medium,Low,Low,No,Yes,No,Yes,No,Dry,Psoriasis
48,Male,8,Average,5,Never,Low,Low,Medium,Yes,No,No,Yes,No,Oily,Psoriasis
57,Other,6,Healthy,8,Regularly,High,High,Medium,No,No,Yes,No,Yes,Dry,Psoriasis
20,Male,6,Poor,4,Never,Medium,High,Medium,No,No,No,Yes,Yes,Dry,Healthy
61,Female,6,Healthy,9,Never,Low,Medium,Low,No,No,No,No,No,Normal,Healthy
54,Male,10,Average,9,Occasionally,Low,Low,Low,Yes,No,No,No,No,Normal,Psoriasis
40,Male,4,Poor,8,Never,High,Medium,Medium,Yes,No,No,No,No,Dry,Psoriasis
28,Other,8,Average,7,Occasionally,Medium,Low,Low,Yes,No,Yes,No,No,Normal,Acne
59,Other,11,Average,4,Never,Medium,Medium,Low,No,No,No,Yes,Yes,Normal,Healthy
56,Other,6,Healthy,6,Never,Medium,Low,Low,No,No,No,Yes,No,Normal,Healthy
37,Male,9,Healthy,5,Occasionally,Medium,High,Low,Yes,No,No,Yes,Yes,Normal,Acne
29,Female,3,Average,5,Occasionally,Medium,Low,High,Yes,No,No,Yes,Yes,Dry,Psoriasis
18,Male,4,Healthy,7,Never,Medium,High,Medium,No,No,No,No,No,Dry,Psoriasis
35,Male,11,Poor,8,Occasionally,High,Medium,Medium,No,Yes,No,No,No,Dry,Psoriasis
42,Female,7,Average,5,Never,Medium,Medium,Low,No,No,No,No,Yes,Dry,Healthy
22,Male,4,Healthy,7,Regularly,Medium,High,Medium,No,No,Yes,No,No,Dry,Eczema
62,Male,6,Average,5,Occasionally,Medium,Low,High,No,No,No,Yes,No,Normal,Psoriasis
33,Other,8,Poor,4,Never,Low,Low,Low,Yes,No,Yes,Yes,No,Dry,Psoriasis
59,Female,11,Average,7,Never,High,Low,Medium,Yes,No,No,No,No,Dry,Healthy
61,Female,8,Poor,4,Never,Low,High,Low,Yes,No,No,No,No,Dry,Eczema
41,Female,7,Average,5,Occasionally,Low,Medium,High,No,No,No,Yes,No,Combination,Healthy
53,Male,9,Average,4,Never,Low,Medium,High,Yes,Yes,Yes,Yes,Yes,Normal,Healthy
47,Female,7,Healthy,8,Occasionally,High,Low,Medium,No,Yes,No,No,Yes,Dry,Psoriasis
34,Male,6,Poor,5,Occasionally,Medium,Low,Low,No,No,No,No,Yes,Dry,Healthy
45,Male,11,Average,9,Occasionally,Low,Medium,Medium,No,No,No,No,No,Combination,Healthy
62,Female,10,Healthy,5,Never,Low,Low,Medium,No,No,Yes,No,Yes,Oily,Eczema
38,Female,8,Average,7,Regularly,Low,High,Low,No,No,No,Yes,Yes,Combination,Healthy
33,Other,8,Healthy,8,Occasionally,Medium,Medium,Medium,No,No,No,No,No,Normal,Healthy
27,Male,4,Average,9,Never,High,Low,Low,No,Yes,Yes,Yes,No,Dry,Rosacea
47,Male,2,Poor,5,Never,Low,High,Low,Yes,No,No,Yes,Yes,Dry,Psoriasis
20,Female,5,Average,5,Occasionally,High,Medium,Medium,No,No,No,Yes,No,Normal,Healthy
55,Other,7,Poor,4,Regularly,Low,Medium,Medium,Yes,No,No,Yes,No,Oily,Psoriasis
42,Female,3,Healthy,8,Occasionally,Low,High,Medium,No,No,No,No,No,Combination,Healthy
45,Female,5,Healthy,6,Regularly,High,High,Low,No,No,Yes,No,No,Dry,Eczema
48,Other,3,Poor,6,Occasionally,High,Low,Low,No,No,Yes,Yes,No,Dry,Eczema
52,Female,9,Healthy,8,Never,Medium,Low,Medium,No,No,No,No,No,Normal,Acne
62,Other,8,Healthy,8,Occasionally,Medium,Medium,High,No,No,Yes,No,Yes,Normal,Eczema
53,Other,7,Healthy,4,Never,Low,Low,High,No,No,No,Yes,Yes,Normal,Healthy
40,Male,7,Healthy,4,Never,Medium,Medium,High,No,No,No,No,No,Normal,Healthy
36,Male,10,Healthy,4,Regularly,Medium,High,Medium,No,No,No,Yes,No,Normal,Psoriasis
64,Other,2,Healthy,9,Never,Medium,Medium,Low,No,No,Yes,No,No,Dry,Eczema
38,Other,3,Healthy,5,Regularly,Medium,High,Medium,Yes,No,Yes,No,No,Dry,Acne
42,Other,8,Average,8,Occasionally,Low,Low,High,No,Yes,No,Yes,Yes,Normal,Psoriasis
34,Male,8,Poor,9,Never,Low,Low,Medium,Yes,Yes,No,Yes,No,Dry,Psoriasis
53,Other,3,Healthy,9,Regularly,Medium,High,High,No,No,No,No,No,Dry,Healthy
49,Female,3,Healthy,8,Never,High,Medium,High,No,No,Yes,No,Yes,Dry,Eczema
42,Female,10,Healthy,6,Occasionally,High,Medium,High,No,No,No,Yes,No,Dry,Healthy
36,Female,4,Average,8,Regularly,Low,Low,Low,No,No,No,No,Yes,Dry,Acne
36,Female,9,Poor,7,Never,Low,Low,Low,Yes,Yes,No,No,No,Dry,Psoriasis
29,Female,3,Average,8,Never,Low,Low,High,No,No,No,No,No,Dry,Healthy
53,Other,5,Average,5,Occasionally,Medium,High,High,No,Yes,No,Yes,No,Combination,Psoriasis
41,Female,7,Healthy,7,Never,High,Medium,Low,No,No,No,No,No,Dry,Rosacea
43,Female,8,Average,6,Never,Medium,High,High,No,No,No,Yes,No,Combination,Healthy
24,Male,10,Poor,7,Occasionally,High,Medium,Low,Yes,No,No,No,No,Dry,Psoriasis
39,Male,11,Average,8,Regularly,Medium,High,Medium,No,No,No,Yes,No,Combination,Healthy
44,Male,5,Healthy,6,Occasionally,High,Low,Low,No,No,No,No,No,Dry,Healthy
56,Female,3,Healthy,4,Never,Medium,Low,High,Yes,No,Yes,No,Yes,Dry,Acne
42,Male,6,Average,7,Occasionally,Low,High,Medium,Yes,No,No,No,No,Combination,Psoriasis
31,Female,8,Poor,4,Never,Low,Low,Low,No,No,Yes,No,No,Dry,Eczema
35,Other,4,Average,4,Occasionally,High,High,Low,No,Yes,No,No,No,Dry,Psoriasis
37,Male,11,Healthy,8,Occasionally,Low,High,Medium,No,No,No,Yes,No,Combination,Psoriasis
34,Female,5,Healthy,8,Occasionally,High,Low,High,Yes,No,No,No,No,Dry,Psoriasis
24,Other,6,Poor,8,Occasionally,Medium,High,Medium,No,No,Yes,No,No,Combination,Eczema
63,Other,2,Healthy,6,Occasionally,High,Medium,Low,No,Yes,No,Yes,No,Dry,Psoriasis
52,Other,4,Average,7,Regularly,Medium,Low,Low,No,Yes,No,Yes,No,Dry,Acne
22,Male,10,Average,6,Occasionally,Medium,High,High,No,No,No,No,No,Combination,Healthy
21,Other,3,Poor,9,Never,Low,Medium,High,Yes,No,No,Yes,No,Combination,Psoriasis
59,Female,2,Average,7,Never,Medium,Low,Low,Yes,Yes,No,No,No,Dry,Psoriasis
47,Male,8,Poor,7,Regularly,High,Low,Medium,No,Yes,No,No,No,Dry,Healthy
50,Other,7,Average,7,Occasionally,Medium,Low,Low,Yes,No,No,Yes,No,Normal,Psoriasis
40,Male,11,Healthy,4,Never,High,Low,Medium,No,No,No,No,Yes,Dry,Healthy
62,Other,10,Average,9,Never,Medium,Low,High,No,No,No,No,No,Oily,Healthy
49,Female,4,Poor,9,Regularly,Medium,Low,Medium,No,No,Yes,Yes,Yes,Dry,Eczema
52,Other,11,Poor,6,Regularly,Medium,High,Medium,No,No,No,Yes,No,Oily,Healthy
56,Male,7,Healthy,7,Occasionally,Low,High,Low,Yes,No,No,Yes,No,Normal,Psoriasis
19,Male,5,Average,6,Occasionally,Low,Low,Medium,No,Yes,No,Yes,No,Normal,Psoriasis
44,Female,8,Average,9,Occasionally,Medium,Low,Low,Yes,No,No,Yes,Yes,Combination,Psoriasis
58,Female,4,Average,8,Occasionally,Medium,Medium,Medium,No,No,No,Yes,No,Dry,Acne
47,Other,4,Average,6,Occasionally,Low,Low,Low,No,Yes,No,No,No,Dry,Psoriasis
39,Male,9,Poor,6,Occasionally,Low,Low,Low,Yes,No,No,No,No,Dry,Psoriasis
49,Male,6,Average,5,Regularly,Medium,High,High,No,No,No,No,No,Combination,Healthy
33,Female,4,Average,6,Regularly,Medium,Medium,High,Yes,Yes,No,No,Yes,Dry,Psoriasis
53,Male,6,Average,7,Occasionally,Low,High,High,Yes,No,Yes,Yes,No,Combination,Rosacea
44,Female,8,Poor,7,Never,Medium,Medium,High,Yes,No,No,No,No,Dry,Psoriasis
29,Male,2,Poor,8,Never,Low,Low,High,No,No,No,No,Yes,Dry,Healthy
34,Male,2,Poor,5,Never,High,Low,Medium,No,No,No,Yes,No,Dry,Healthy
18,Other,2,Healthy,9,Never,High,High,Medium,Yes,No,No,Yes,No,Dry,Psoriasis
60,Female,10,Healthy,6,Occasionally,Low,High,Medium,No,Yes,Yes,No,No,Oily,Rosacea
40,Female,7,Poor,9,Regularly,Low,Low,High,Yes,No,No,No,No,Dry,Psoriasis
32,Female,7,Healthy,7,Occasionally,High,High,Low,Yes,No,No,No,No,Dry,Psoriasis
32,Other,6,Average,8,Regularly,High,Medium,Medium,No,No,No,No,No,Dry,Psoriasis
42,Male,3,Average,5,Regularly,High,Low,High,No,Yes,No,No,Yes,Dry,Psoriasis
58,Female,6,Poor,8,Never,Medium,Low,High,No,No,No,Yes,No,Dry,Healthy
61,Male,4,Healthy,9,Never,High,High,Medium,Yes,No,No,No,No,Dry,Psoriasis
31,Male,8,Healthy,6,Regularly,Medium,High,Medium,No,Yes,No,Yes,Yes,Normal,Psoriasis
61,Female,5,Poor,5,Occasionally,Medium,Low,High,No,Yes,No,No,Yes,Dry,Psoriasis
50,Female,6,Poor,9,Regularly,High,Medium,High,No,No,Yes,No,No,Dry,Eczema
64,Female,4,Average,5,Occasionally,High,Low,Medium,No,No,No,No,No,Dry,Healthy
47,Male,2,Average,7,Never,Low,High,High,Yes,No,No,No,No,Oily,Psoriasis
23,Other,10,Healthy,6,Regularly,Medium,High,High,No,No,Yes,No,No,Normal,Eczema
36,Other,2,Poor,6,Never,High,Medium,High,No,No,No,No,Yes,Dry,Healthy
25,Other,7,Poor,8,Never,Low,High,Medium,No,No,Yes,Yes,No,Dry,Eczema
40,Male,6,Poor,4,Occasionally,Low,High,Medium,No,Yes,No,No,No,Dry,Psoriasis
57,Female,10,Average,5,Never,High,Low,Medium,Yes,No,No,Yes,No,Oily,Eczema
49,Male,4,Poor,4,Never,Medium,Medium,Medium,Yes,Yes,No,Yes,No,Dry,Healthy
36,Female,3,Poor,4,Occasionally,High,High,Medium,No,Yes,Yes,Yes,No,Dry,Acne
52,Female,3,Healthy,9,Occasionally,High,Medium,Low,No,No,No,No,Yes,Dry,Healthy
58,Other,3,Healthy,5,Regularly,High,Medium,Medium,No,No,No,No,Yes,Dry,Healthy
28,Female,3,Average,7,Never,High,Medium,Medium,No,No,No,No,No,Dry,Healthy
51,Other,6,Healthy,4,Never,High,Medium,Low,Yes,No,No,No,Yes,Combination,Acne
34,Male,3,Average,8,Regularly,High,Low,Low,No,No,No,No,No,Dry,Healthy
22,Female,4,Average,5,Occasionally,High,Medium,High,No,No,No,Yes,Yes,Dry,Healthy
38,Female,2,Healthy,5,Occasionally,Medium,High,Medium,No,No,Yes,Yes,No,Dry,Healthy
25,Male,6,Average,6,Never,Medium,Low,High,No,No,Yes,Yes,No,Normal,Eczema
30,Female,11,Average,4,Regularly,Medium,Low,Medium,Yes,No,No,Yes,Yes,Normal,Psoriasis
29,Female,2,Average,4,Never,Medium,High,Low,No,Yes,No,No,Yes,Dry,Eczema
34,Male,10,Poor,4,Regularly,Low,Medium,Medium,No,No,Yes,No,No,Dry,Eczema
27,Other,4,Average,8,Occasionally,High,Medium,Medium,No,No,No,Yes,No,Combination,Healthy
58,Other,2,Poor,6,Never,Medium,Medium,High,No,No,No,Yes,No,Oily,Healthy
35,Male,11,Average,5,Occasionally,Medium,Medium,Low,No,No,Yes,Yes,Yes,Normal,Eczema
33,Other,7,Average,7,Never,Low,Low,Medium,No,No,Yes,No,No,Normal,Eczema
28,Female,8,Average,6,Never,Medium,High,High,No,No,Yes,No,No,Combination,Eczema
37,Male,10,Average,7,Regularly,Medium,Medium,High,Yes,No,No,Yes,No,Normal,Psoriasis
40,Male,8,Poor,9,Occasionally,Low,High,Medium,No,No,No,No,No,Oily,Healthy
53,Other,3,Average,8,Regularly,Low,High,Low,Yes,No,No,No,No,Dry,Psoriasis
30,Male,9,Healthy,9,Regularly,Low,Medium,Low,No,No,No,Yes,No,Dry,Acne
26,Male,3,Average,7,Regularly,Medium,Medium,High,Yes,No,No,Yes,Yes,Dry,Eczema
38,Other,7,Healthy,7,Occasionally,High,Medium,Medium,Yes,No,Yes,No,No,Dry,Psoriasis
64,Other,3,Average,7,Never,Low,Low,High,No,No,No,Yes,No,Combination,Healthy
56,Female,5,Average,9,Never,High,Medium,Medium,No,No,No,No,No,Dry,Eczema
36,Other,2,Healthy,9,Never,Medium,Low,Low,No,No,No,No,No,Dry,Healthy
32,Female,2,Average,8,Occasionally,High,Low,Medium,No,No,No,No,No,Dry,Healthy
26,Female,9,Average,9,Never,Medium,Medium,Medium,No,No,No,No,No,Normal,Healthy
58,Female,6,Healthy,8,Occasionally,Low,Medium,Medium,Yes,Yes,No,Yes,No,Normal,Psoriasis
19,Female,3,Average,7,Never,Low,Low,High,No,Yes,No,No,Yes,Dry,Healthy
35,Female,4,Healthy,4,Never,Medium,High,Low,No,No,No,Yes,No,Dry,Healthy
43,Female,5,Healthy,9,Occasionally,Low,High,Low,No,No,No,Yes,No,Normal,Healthy
21,Female,5,Poor,8,Occasionally,High,Medium,High,No,No,No,Yes,No,Dry,Healthy
20,Male,3,Average,7,Never,Medium,Medium,High,Yes,No,Yes,Yes,Yes,Dry,Rosacea
37,Other,4,Average,4,Occasionally,Medium,Low,Low,No,No,Yes,No,No,Dry,Eczema
51,Female,4,Poor,5,Occasionally,Medium,High,High,No,No,No,Yes,No,Dry,Healthy
53,Male,5,Average,7,Regularly,High,High,Medium,Yes,No,Yes,Yes,No,Dry,Acne
60,Male,8,Poor,5,Never,High,Low,High,No,No,Yes,No,Yes,Dry,Eczema
27,Female,6,Average,8,Regularly,Low,Low,Medium,No,Yes,No,No,Yes,Combination,Psoriasis
47,Female,6,Average,9,Regularly,Low,Medium,Medium,Yes,Yes,No,No,Yes,Normal,Psoriasis
20,Male,5,Average,7,Occasionally,Medium,Medium,Medium,No,No,No,No,No,Normal,Healthy
37,Other,9,Healthy,5,Regularly,High,Low,Medium,No,No,No,Yes,No,Oily,Healthy
48,Female,8,Poor,8,Occasionally,Low,Low,Low,No,No,Yes,Yes,Yes,Dry,Eczema
34,Male,3,Poor,8,Never,High,Low,High,Yes,No,Yes,No,Yes,Dry,Acne
41,Other,5,Poor,4,Occasionally,Medium,High,High,Yes,Yes,No,No,No,Combination,Psoriasis
61,Other,7,Healthy,5,Never,High,Medium,Low,Yes,No,Yes,No,No,Dry,Acne
51,Female,11,Healthy,6,Occasionally,Medium,Medium,Medium,Yes,No,No,No,Yes,Oily,Psoriasis
18,Other,10,Healthy,4,Regularly,Low,High,High,No,No,No,No,No,Oily,Psoriasis
48,Female,2,Healthy,9,Regularly,High,Low,Low,No,No,No,Yes,Yes,Oily,Healthy
55,Female,5,Poor,8,Never,Medium,Medium,High,No,No,No,No,No,Oily,Healthy
42,Other,8,Healthy,6,Never,Medium,Medium,Medium,No,No,No,Yes,No,Normal,Healthy
22,Male,3,Average,9,Never,High,High,Medium,No,No,No,No,No,Dry,Eczema
63,Other,4,Healthy,7,Regularly,High,Low,Medium,No,Yes,No,No,No,Dry,Rosacea
30,Male,2,Poor,5,Never,Medium,Medium,High,Yes,Yes,No,No,No,Combination,Psoriasis
25,Male,11,Healthy,7,Occasionally,Low,Low,Medium,Yes,No,No,No,No,Oily,Psoriasis
34,Other,9,Poor,7,Never,High,High,Medium,No,No,No,Yes,Yes,Dry,Rosacea
19,Other,7,Healthy,6,Occasionally,Medium,Low,Medium,Yes,No,No,No,Yes,Normal,Psoriasis
49,Other,5,Healthy,4,Occasionally,High,High,Medium,No,No,Yes,Yes,Yes,Normal,Eczema
62,Other,10,Average,8,Regularly,Medium,Low,Medium,No,No,No,Yes,Yes,Normal,Healthy
49,Female,11,Average,5,Occasionally,Low,Low,Low,No,No,No,Yes,Yes,Normal,Healthy
38,Male,3,Poor,6,Occasionally,Low,Low,Medium,No,No,Yes,Yes,No,Normal,Eczema
23,Female,7,Average,4,Regularly,High,Medium,High,No,Yes,No,No,Yes,Dry,Psoriasis
30,Other,4,Average,5,Never,High,Medium,Low,Yes,Yes,No,Yes,Yes,Dry,Rosacea
26,Other,5,Average,5,Never,Medium,High,High,No,No,Yes,No,No,Combination,Eczema
59,Other,8,Average,9,Never,High,Low,High,Yes,No,Yes,Yes,No,Dry,Acne
25,Male,8,Poor,9,Never,Medium,Medium,High,No,No,Yes,Yes,No,Dry,Eczema
20,Female,10,Poor,8,Never,Low,Medium,Medium,No,No,No,Yes,No,Dry,Healthy
63,Male,7,Healthy,5,Occasionally,High,High,High,No,No,No,No,No,Dry,Healthy
45,Male,6,Average,6,Occasionally,High,Low,High,No,No,No,No,No,Dry,Healthy
35,Female,10,Healthy,7,Occasionally,High,Medium,Medium,Yes,No,No,No,No,Dry,Psoriasis
18,Female,8,Healthy,5,Never,Medium,Medium,High,No,No,No,No,No,Normal,Healthy
31,Male,3,Average,5,Occasionally,High,Medium,Medium,No,No,No,No,No,Combination,Healthy
38,Male,6,Average,8,Occasionally,Medium,Low,Medium,No,No,Yes,No,No,Normal,Eczema
60,Other,7,Healthy,4,Occasionally,Medium,Low,Medium,No,No,Yes,Yes,No,Normal,Eczema
58,Male,11,Poor,7,Never,Low,Medium,High,Yes,No,No,Yes,No,Dry,Psoriasis
62,Male,5,Average,7,Never,Medium,High,Medium,No,No,No,Yes,Yes,Combination,Healthy
49,Male,5,Average,4,Occasionally,Medium,High,High,No,No,Yes,No,Yes,Combination,Eczema
24,Female,6,Poor,7,Occasionally,Medium,High,High,Yes,No,No,Yes,No,Dry,Psoriasis
50,Female,2,Poor,8,Never,High,Low,Medium,No,No,Yes,No,Yes,Dry,Eczema
30,Female,2,Poor,7,Never,High,Low,Low,Yes,No,No,Yes,Yes,Dry,Psoriasis
53,Male,11,Average,5,Regularly,Medium,Low,Low,Yes,Yes,No,No,Yes,Normal,Psoriasis
25,Other,5,Average,8,Never,Low,Medium,Medium,No,Yes,No,Yes,No,Normal,Psoriasis
51,Other,9,Poor,7,Occasionally,High,High,High,No,No,No,No,Yes,Dry,Healthy
31,Other,9,Poor,6,Occasionally,Medium,Low,High,No,No,Yes,No,No,Normal,Eczema
44,Other,11,Average,7,Occasionally,Medium,Medium,Medium,No,No,No,Yes,No,Normal,Eczema
26,Female,7,Average,8,Occasionally,High,Medium,Medium,No,No,No,Yes,Yes,Dry,Healthy
51,Female,4,Healthy,9,Occasionally,Low,Medium,Medium,No,No,No,No,No,Dry,Healthy
18,Female,6,Average,9,Occasionally,Medium,High,Medium,No,Yes,Yes,No,No,Combination,Rosacea
20,Other,11,Average,8,Never,Medium,Medium,Low,No,No,No,No,No,Normal,Healthy
31,Male,10,Average,5,Never,Medium,High,Medium,No,No,No,No,Yes,Normal,Healthy
51,Other,6,Poor,4,Occasionally,High,Medium,High,No,No,Yes,No,No,Dry,Eczema
23,Female,2,Average,6,Regularly,Medium,Low,Medium,No,Yes,Yes,Yes,No,Dry,Rosacea
54,Other,2,Average,6,Never,High,Low,High,No,No,No,No,Yes,Dry,Healthy
42,Male,11,Average,4,Occasionally,High,High,Low,No,No,Yes,No,No,Dry,Eczema
52,Female,5,Poor,4,Occasionally,High,Low,High,No,No,No,Yes,No,Dry,Rosacea
19,Female,5,Poor,7,Occasionally,Medium,Low,Low,No,No,No,No,No,Dry,Healthy
50,Female,3,Average,5,Regularly,Low,Low,High,No,No,No,No,Yes,Combination,Healthy
27,Other,5,Average,6,Regularly,Medium,Low,Medium,No,No,No,Yes,No,Normal,Healthy
23,Female,6,Average,6,Regularly,Low,High,Low,Yes,No,No,No,No,Dry,Psoriasis
38,Male,11,Healthy,6,Occasionally,Low,Low,Medium,No,No,No,No,No,Oily,Healthy
37,Male,2,Healthy,8,Occasionally,Medium,High,Low,No,No,No,No,No,Dry,Healthy
49,Male,3,Average,8,Occasionally,Medium,Low,Medium,No,Yes,No,No,Yes,Dry,Psoriasis
49,Female,3,Average,8,Occasionally,Medium,Medium,Medium,No,No,No,No,No,Dry,Healthy
50,Male,8,Average,7,Never,Low,High,Medium,No,No,Yes,No,Yes,Combination,Eczema
57,Male,7,Poor,6,Regularly,Medium,High,Medium,No,Yes,Yes,No,No,Dry,Rosacea
62,Female,4,Healthy,4,Occasionally,High,Medium,High,No,No,No,Yes,No,Dry,Healthy
23,Female,5,Poor,9,Occasionally,Medium,Medium,Low,No,No,Yes,Yes,No,Dry,Psoriasis
53,Other,4,Average,6,Never,High,High,Medium,No,Yes,No,No,Yes,Dry,Psoriasis
44,Female,8,Healthy,7,Occasionally,Medium,High,Medium,Yes,No,No,Yes,No,Normal,Psoriasis
60,Female,2,Poor,8,Occasionally,Low,High,Low,Yes,No,No,No,No,Oily,Psoriasis
57,Male,2,Poor,8,Occasionally,Low,Low,High,No,Yes,No,No,No,Dry,Psoriasis
18,Female,7,Healthy,5,Occasionally,Medium,High,High,Yes,Yes,Yes,No,No,Normal,Acne
45,Male,8,Poor,6,Occasionally,High,High,Low,No,No,Yes,No,No,Dry,Acne
64,Female,4,Poor,4,Never,High,High,Low,No,No,No,No,No,Dry,Healthy
47,Female,8,Average,7,Never,High,Medium,Low,Yes,No,No,No,No,Dry,Eczema
52,Male,6,Average,6,Never,Medium,High,Medium,No,No,No,No,No,Combination,Healthy
57,Male,4,Poor,4,Occasionally,High,Low,Medium,Yes,No,No,No,No,Dry,Psoriasis
23,Other,6,Average,4,Never,High,Medium,Low,No,No,No,Yes,No,Oily,Healthy
48,Male,10,Healthy,8,Occasionally,Medium,Medium,Medium,No,No,No,No,Yes,Normal,Healthy
45,Other,11,Average,5,Regularly,Medium,Medium,High,No,No,No,No,Yes,Normal,Healthy
51,Other,11,Average,9,Regularly,Medium,High,Medium,Yes,No,No,No,No,Combination,Psoriasis
50,Other,2,Average,5,Never,High,Low,Medium,Yes,No,Yes,No,No,Dry,Acne
42,Female,11,Poor,8,Occasionally,Medium,High,Low,No,Yes,Yes,No,No,Dry,Rosacea
53,Female,10,Healthy,4,Occasionally,Medium,High,High,No,Yes,No,No,No,Normal,Psoriasis
25,Female,11,Average,5,Occasionally,Medium,Medium,Medium,No,No,No,Yes,Yes,Normal,Healthy
41,Male,9,Poor,8,Regularly,Medium,High,Medium,No,Yes,No,Yes,Yes,Dry,Psoriasis
54,Male,5,Poor,8,Never,High,Low,Medium,No,Yes,No,Yes,No,Dry,Psoriasis
54,Male,5,Average,8,Regularly,Medium,Medium,Medium,No,Yes,Yes,No,No,Normal,Rosacea
31,Female,2,Poor,4,Never,High,Medium,High,No,No,No,Yes,Yes,Dry,Healthy
48,Male,7,Healthy,8,Regularly,Medium,High,Medium,Yes,No,No,Yes,No,Normal,Psoriasis
62,Male,7,Healthy,6,Never,Medium,Low,High,No,No,Yes,Yes,No,Normal,Rosacea
61,Female,6,Average,7,Regularly,High,Low,Low,Yes,No,No,No,No,Dry,Psoriasis
36,Female,11,Average,6,Never,Low,Low,High,No,No,No,No,No,Normal,Healthy
44,Other,3,Poor,5,Occasionally,Medium,Medium,High,No,No,No,No,Yes,Dry,Acne
50,Male,2,Average,8,Occasionally,Medium,High,Low,No,Yes,No,No,Yes,Dry,Psoriasis
62,Female,2,Average,6,Regularly,Low,Medium,Medium,No,No,Yes,No,Yes,Dry,Eczema
22,Male,9,Average,7,Regularly,Low,Medium,Medium,No,No,Yes,No,No,Normal,Eczema
45,Other,10,Healthy,7,Never,Medium,High,High,No,No,No,Yes,No,Normal,Healthy
55,Male,10,Average,4,Never,High,High,High,Yes,No,No,No,Yes,Dry,Psoriasis
60,Female,10,Average,5,Never,Low,Low,Low,Yes,No,Yes,Yes,No,Normal,Acne
37,Other,10,Healthy,8,Occasionally,Medium,Low,Medium,Yes,No,No,No,No,Normal,Rosacea
42,Female,6,Average,7,Occasionally,Low,Low,High,No,No,No,No,Yes,Normal,Healthy
27,Female,4,Healthy,4,Never,Low,Low,Low,No,No,Yes,No,No,Dry,Psoriasis
32,Female,2,Average,6,Never,High,High,Medium,No,Yes,Yes,No,No,Dry,Rosacea
47,Male,8,Healthy,5,Occasionally,Medium,Medium,Medium,Yes,No,Yes,Yes,No,Dry,Acne
51,Female,10,Healthy,6,Never,Medium,High,High,No,No,No,No,Yes,Oily,Healthy
20,Other,9,Healthy,9,Occasionally,High,High,Medium,No,No,No,No,No,Dry,Healthy
58,Other,10,Healthy,5,Occasionally,Low,Low,High,No,No,No,No,Yes,Oily,Healthy
60,Female,10,Poor,8,Regularly,Low,High,Medium,Yes,No,No,No,No,Dry,Psoriasis
61,Male,8,Poor,7,Never,Medium,High,High,No,Yes,No,No,Yes,Dry,Psoriasis
36,Female,5,Healthy,6,Occasionally,Low,Medium,Medium,Yes,Yes,No,Yes,No,Normal,Psoriasis
55,Other,11,Average,6,Regularly,Medium,High,Low,No,No,No,No,No,Combination,Healthy
33,Male,5,Poor,4,Never,Medium,High,Low,Yes,No,No,No,No,Dry,Psoriasis
44,Other,2,Poor,6,Never,Low,Low,Medium,No,Yes,No,No,Yes,Dry,Psoriasis
44,Male,9,Average,5,Occasionally,High,High,Medium,No,No,Yes,No,No,Dry,Eczema
63,Other,10,Healthy,8,Never,Medium,Medium,Medium,No,No,No,No,No,Normal,Healthy
56,Male,6,Healthy,6,Never,Medium,High,Medium,No,No,No,No,Yes,Normal,Healthy
55,Female,2,Poor,7,Never,High,High,High,Yes,Yes,No,Yes,No,Dry,Psoriasis
19,Male,8,Average,9,Occasionally,Low,Medium,High,No,No,No,Yes,Yes,Normal,Healthy
35,Female,4,Poor,6,Occasionally,High,Low,High,Yes,No,No,No,No,Dry,Psoriasis
39,Male,11,Average,4,Occasionally,Low,High,Low,Yes,No,No,No,No,Normal,Psoriasis
27,Other,5,Healthy,6,Occasionally,High,High,Medium,Yes,Yes,Yes,Yes,No,Dry,Acne
27,Other,3,Average,6,Regularly,High,Medium,High,No,No,No,No,No,Dry,Healthy
26,Male,9,Poor,7,Occasionally,Medium,High,Low,No,No,No,No,No,Dry,Healthy
26,Female,4,Healthy,5,Regularly,Low,High,High,No,No,Yes,No,No,Dry,Eczema
35,Other,11,Healthy,8,Never,High,High,Low,Yes,No,No,Yes,No,Dry,Psoriasis
44,Male,11,Average,6,Never,High,High,Low,No,No,No,No,No,Dry,Healthy
27,Female,8,Healthy,6,Occasionally,Medium,Medium,Medium,Yes,Yes,No,Yes,Yes,Normal,Eczema
33,Male,10,Poor,6,Regularly,Medium,Low,Low,No,No,No,No,No,Dry,Healthy
22,Other,7,Healthy,8,Never,High,Low,Low,Yes,No,Yes,No,No,Dry,Acne
50,Male,10,Average,5,Occasionally,Low,Low,High,Yes,No,No,No,Yes,Normal,Psoriasis
52,Other,6,Healthy,9,Occasionally,High,High,Medium,Yes,Yes,No,No,No,Dry,Psoriasis
34,Male,2,Healthy,7,Never,High,High,High,No,No,No,No,Yes,Dry,Healthy
51,Female,5,Average,6,Regularly,High,Medium,Low,Yes,No,No,Yes,No,Dry,Psoriasis
20,Female,4,Poor,6,Occasionally,Medium,Medium,Medium,Yes,No,No,No,No,Dry,Psoriasis
47,Female,5,Poor,7,Never,Medium,Low,Low,Yes,No,No,No,Yes,Dry,Psoriasis
29,Male,5,Healthy,5,Regularly,Medium,Low,Low,Yes,Yes,Yes,Yes,No,Normal,Acne
32,Male,6,Healthy,5,Never,Low,High,Low,Yes,No,No,Yes,No,Oily,Psoriasis
59,Other,8,Healthy,8,Never,Low,Low,Low,No,No,No,No,No,Normal,Healthy
26,Other,9,Healthy,8,Never,High,High,High,Yes,No,Yes,No,No,Dry,Acne
49,Female,7,Poor,8,Occasionally,Medium,Medium,High,Yes,No,No,Yes,No,Dry,Psoriasis
24,Other,2,Healthy,5,Never,Medium,Medium,Medium,No,No,No,Yes,Yes,Dry,Healthy
63,Male,6,Average,4,Occasionally,Low,Medium,High,Yes,No,No,No,No,Normal,Psoriasis
63,Other,11,Average,9,Never,Medium,Medium,Low,No,No,No,Yes,No,Normal,Healthy
61,Male,6,Average,8,Occasionally,Low,Low,High,No,No,No,No,No,Normal,Healthy
45,Male,3,Average,9,Occasionally,High,Medium,Low,No,No,No,No,No,Dry,Eczema
50,Male,5,Average,8,Regularly,Low,High,High,No,No,No,No,Yes,Combination,Healthy
58,Male,6,Poor,8,Occasionally,Medium,High,Medium,No,No,No,No,No,Dry,Healthy
45,Other,4,Average,6,Occasionally,Medium,Low,Medium,No,No,Yes,No,No,Dry,Eczema
28,Female,10,Average,4,Regularly,Low,Medium,Low,No,No,Yes,No,No,Normal,Eczema
42,Other,11,Average,7,Regularly,High,Low,Low,No,No,No,No,No,Dry,Healthy
43,Other,5,Poor,4,Never,Medium,High,High,No,Yes,No,No,No,Dry,Psoriasis
63,Male,2,Average,7,Never,Medium,Low,Low,No,No,No,Yes,No,Dry,Healthy
48,Male,9,Poor,6,Occasionally,High,Low,Medium,Yes,No,No,No,No,Dry,Psoriasis
20,Male,5,Poor,7,Occasionally,Medium,Low,Low,No,Yes,No,Yes,No,Dry,Psoriasis
19,Male,6,Poor,6,Never,Medium,Medium,Low,No,No,No,No,No,Combination,Healthy
34,Male,8,Poor,5,Occasionally,High,Medium,High,Yes,No,Yes,No,No,Dry,Healthy
25,Male,11,Average,9,Regularly,Medium,Low,High,No,No,No,No,No,Normal,Healthy
46,Other,7,Average,4,Regularly,High,Low,High,No,No,No,Yes,No,Dry,Psoriasis
27,Male,5,Healthy,9,Occasionally,Medium,Low,Medium,No,No,Yes,Yes,No,Normal,Rosacea
24,Female,11,Average,5,Occasionally,Medium,Low,Medium,No,No,No,No,Yes,Normal,Healthy
29,Male,4,Healthy,7,Never,High,High,Medium,No,No,No,No,No,Dry,Healthy
62,Other,11,Average,5,Never,Medium,Medium,Medium,Yes,No,No,No,Yes,Normal,Acne
43,Female,10,Average,5,Regularly,Medium,Medium,Medium,Yes,No,Yes,No,Yes,Normal,Acne
49,Female,2,Average,8,Occasionally,Low,High,Low,Yes,No,No,Yes,Yes,Dry,Psoriasis
57,Other,5,Poor,5,Never,Low,Medium,Medium,No,No,No,No,No,Dry,Healthy
39,Female,7,Average,7,Occasionally,Low,Low,High,No,No,No,No,No,Dry,Healthy
39,Male,3,Healthy,8,Occasionally,Medium,Medium,Medium,No,Yes,No,Yes,No,Dry,Psoriasis
53,Other,2,Average,5,Never,High,Low,Low,No,No,No,No,No,Combination,Healthy
61,Female,11,Healthy,9,Occasionally,High,Medium,High,Yes,No,No,Yes,Yes,Oily,Psoriasis
51,Male,11,Average,4,Occasionally,High,Medium,Medium,Yes,Yes,No,Yes,No,Dry,Psoriasis
35,Other,3,Poor,4,Regularly,Medium,Medium,Medium,Yes,Yes,Yes,No,No,Dry,Healthy
37,Other,3,Average,8,Regularly,Medium,Medium,Medium,Yes,No,No,No,No,Dry,Psoriasis
27,Other,5,Poor,6,Never,Low,Medium,High,No,No,No,Yes,No,Oily,Healthy
31,Male,11,Healthy,7,Never,Medium,Low,Medium,Yes,No,No,No,No,Normal,Psoriasis
20,Female,5,Healthy,8,Never,Medium,High,High,No,No,No,Yes,Yes,Normal,Healthy
31,Male,11,Average,7,Occasionally,High,Medium,High,No,No,No,Yes,No,Oily,Healthy
42,Male,8,Average,6,Regularly,High,High,High,No,No,No,No,Yes,Dry,Healthy
51,Female,8,Poor,8,Regularly,Medium,Low,High,No,No,No,Yes,No,Combination,Healthy
61,Female,8,Poor,7,Occasionally,High,High,Medium,No,No,No,No,No,Dry,Healthy
19,Other,11,Healthy,4,Never,Medium,Medium,Low,Yes,No,No,No,No,Normal,Psoriasis
62,Male,2,Poor,8,Occasionally,Low,High,Medium,No,No,Yes,Yes,No,Dry,Eczema
22,Male,9,Poor,8,Never,Medium,High,Medium,No,No,No,No,No,Dry,Healthy
30,Other,4,Healthy,5,Occasionally,Medium,Medium,Medium,No,No,Yes,No,No,Dry,Eczema
57,Female,2,Poor,7,Occasionally,Low,Low,High,No,Yes,No,Yes,No,Dry,Psoriasis
60,Other,8,Healthy,9,Regularly,Medium,Low,Medium,No,No,No,Yes,No,Normal,Healthy
20,Male,3,Average,7,Never,Medium,Medium,Low,No,No,No,No,No,Dry,Acne
27,Other,4,Healthy,9,Occasionally,Medium,Medium,Medium,No,No,No,No,Yes,Dry,Healthy
49,Male,10,Average,5,Occasionally,High,Low,Medium,Yes,No,No,No,Yes,Dry,Psoriasis
53,Other,8,Healthy,9,Occasionally,High,Medium,High,No,No,Yes,No,No,Dry,Eczema
27,Other,10,Poor,6,Never,Low,Medium,Medium,Yes,No,Yes,Yes,No,Dry,Acne
33,Male,6,Poor,9,Never,High,Low,Low,Yes,No,Yes,Yes,No,Normal,Rosacea
44,Male,7,Poor,5,Never,Low,Medium,High,Yes,No,No,Yes,No,Oily,Psoriasis
50,Female,3,Average,4,Occasionally,High,High,Medium,No,Yes,Yes,No,No,Dry,Rosacea
46,Male,11,Poor,5,Occasionally,Medium,Low,High,Yes,No,No,No,No,Dry,Psoriasis
35,Other,11,Healthy,7,Occasionally,Medium,High,High,Yes,No,Yes,No,No,Normal,Healthy
61,Other,9,Average,6,Occasionally,Medium,High,Medium,No,No,No,Yes,Yes,Normal,Healthy
26,Other,10,Average,8,Occasionally,Low,Low,Low,Yes,No,No,No,No,Combination,Psoriasis
46,Male,8,Average,9,Regularly,Medium,Medium,High,No,No,No,Yes,No,Normal,Healthy
25,Female,4,Poor,6,Never,Medium,Medium,Low,No,No,No,Yes,No,Dry,Acne
33,Female,4,Average,8,Regularly,Low,High,High,No,No,Yes,Yes,Yes,Dry,Eczema
24,Male,5,Healthy,4,Never,Medium,High,Medium,Yes,No,Yes,Yes,No,Normal,Acne
59,Male,6,Average,6,Regularly,Low,High,High,No,No,Yes,Yes,No,Combination,Eczema
40,Other,6,Healthy,7,Occasionally,Medium,Medium,Medium,No,Yes,No,Yes,Yes,Normal,Psoriasis
36,Male,9,Poor,5,Occasionally,High,High,Medium,No,No,No,Yes,No,Dry,Rosacea
60,Other,6,Poor,8,Never,High,Medium,High,No,No,No,No,No,Dry,Healthy
49,Other,4,Poor,8,Never,Medium,High,Low,No,No,No,Yes,No,Dry,Healthy
32,Other,7,Poor,4,Never,High,Low,Medium,No,Yes,No,Yes,No,Dry,Psoriasis
63,Other,8,Average,6,Occasionally,High,High,Low,Yes,No,Yes,No,No,Dry,Acne
55,Male,3,Healthy,8,Never,Medium,Low,Low,Yes,No,No,No,No,Dry,Psoriasis
61,Male,7,Healthy,8,Never,Low,Low,High,Yes,No,No,No,No,Normal,Psoriasis
34,Female,8,Poor,7,Never,Medium,Low,High,No,No,No,No,Yes,Dry,Healthy
30,Female,9,Average,8,Occasionally,Low,Low,Medium,No,Yes,Yes,Yes,No,Normal,Healthy
49,Female,10,Average,4,Regularly,Medium,Medium,Medium,No,Yes,No,No,Yes,Normal,Psoriasis
38,Other,2,Healthy,6,Never,Medium,High,Low,Yes,No,No,No,Yes,Dry,Psoriasis
61,Female,8,Poor,6,Occasionally,Medium,Medium,Low,Yes,No,No,Yes,Yes,Combination,Rosacea
49,Female,2,Average,6,Occasionally,Medium,Medium,Medium,No,No,No,Yes,No,Dry,Healthy
61,Male,9,Poor,6,Occasionally,High,High,Medium,No,No,No,No,No,Dry,Healthy
57,Female,2,Poor,9,Occasionally,Low,Medium,Low,No,Yes,No,No,No,Combination,Psoriasis
58,Other,7,Average,4,Occasionally,Medium,High,Medium,No,No,No,No,No,Combination,Healthy
54,Male,3,Average,7,Never,High,Medium,Medium,No,No,No,No,Yes,Dry,Healthy
34,Female,5,Healthy,9,Occasionally,Medium,Low,High,No,No,No,Yes,No,Normal,Healthy
22,Female,10,Poor,5,Occasionally,Low,High,Low,No,Yes,No,No,No,Dry,Rosacea
62,Other,4,Healthy,4,Never,High,High,Medium,No,No,No,No,No,Dry,Healthy
24,Male,3,Poor,8,Occasionally,Low,Low,High,No,No,Yes,Yes,No,Dry,Eczema
46,Male,6,Poor,4,Occasionally,Medium,Low,Medium,No,No,No,No,No,Combination,Healthy
33,Other,6,Healthy,5,Never,Low,Low,High,No,No,No,No,No,Normal,Eczema
44,Other,4,Poor,8,Occasionally,High,Medium,Medium,No,Yes,No,Yes,No,Dry,Psoriasis
44,Female,7,Average,8,Occasionally,High,Low,High,No,No,No,No,No,Dry,Healthy
26,Female,5,Poor,6,Regularly,High,Low,Low,No,No,No,Yes,Yes,Dry,Healthy
37,Other,5,Poor,9,Occasionally,Medium,Medium,Low,No,No,No,No,No,Dry,Healthy
35,Female,11,Healthy,4,Never,Low,Medium,Medium,Yes,No,Yes,No,Yes,Combination,Acne
33,Male,4,Healthy,5,Occasionally,Medium,Medium,High,No,Yes,Yes,No,No,Dry,Rosacea
35,Male,11,Average,9,Never,Low,Medium,High,No,Yes,No,Yes,No,Normal,Psoriasis
57,Male,7,Average,6,Occasionally,Medium,High,Medium,No,No,Yes,No,Yes,Combination,Psoriasis
30,Other,3,Poor,7,Never,Medium,High,Low,No,No,No,No,Yes,Dry,Rosacea
51,Male,10,Poor,8,Never,Low,Medium,High,Yes,No,Yes,Yes,No,Dry,Acne
33,Male,4,Average,6,Never,Low,High,Low,No,No,No,No,Yes,Dry,Healthy
42,Male,9,Healthy,7,Never,Medium,High,Medium,Yes,Yes,No,Yes,No,Normal,Psoriasis
58,Male,9,Poor,6,Regularly,Low,High,High,No,No,No,No,Yes,Dry,Psoriasis
28,Female,10,Poor,9,Regularly,Low,Medium,High,No,Yes,Yes,No,Yes,Dry,Rosacea
29,Female,5,Poor,7,Regularly,Low,Low,Low,Yes,No,Yes,Yes,No,Dry,Acne
61,Other,4,Healthy,6,Regularly,High,Medium,High,No,No,No,Yes,No,Dry,Healthy
59,Male,7,Average,8,Occasionally,Low,Low,High,No,No,No,No,No,Normal,Rosacea
39,Female,4,Poor,9,Occasionally,Low,Low,Medium,No,No,No,No,No,Dry,Rosacea
27,Male,3,Poor,7,Regularly,Medium,Medium,Medium,No,No,No,No,Yes,Dry,Healthy
28,Male,7,Healthy,8,Occasionally,High,Medium,Medium,No,No,Yes,No,No,Dry,Eczema
28,Female,6,Average,6,Regularly,Medium,Medium,Low,No,No,No,Yes,Yes,Dry,Psoriasis
58,Other,7,Average,4,Never,Medium,Low,Medium,Yes,No,No,No,No,Normal,Psoriasis
42,Female,3,Poor,9,Regularly,Medium,High,High,No,Yes,No,Yes,No,Dry,Eczema
27,Other,4,Healthy,8,Occasionally,High,Low,Medium,Yes,No,No,No,Yes,Dry,Psoriasis
63,Other,4,Healthy,8,Occasionally,Low,High,Medium,No,No,No,No,No,Dry,Acne
64,Female,9,Average,4,Occasionally,High,Low,Low,Yes,Yes,Yes,Yes,No,Dry,Healthy
58,Male,5,Poor,6,Occasionally,Low,High,Low,Yes,No,Yes,No,Yes,Dry,Acne
55,Female,8,Poor,8,Regularly,Medium,Medium,Low,No,Yes,No,No,No,Dry,Rosacea
37,Male,2,Healthy,8,Never,Low,Low,High,No,No,No,Yes,No,Dry,Healthy
19,Other,11,Healthy,9,Regularly,High,High,Low,No,No,Yes,Yes,No,Dry,Eczema
58,Female,6,Average,5,Occasionally,Low,High,Medium,No,Yes,No,Yes,No,Combination,Psoriasis
52,Other,9,Average,8,Never,Low,Medium,Medium,Yes,No,No,No,Yes,Dry,Psoriasis
34,Female,4,Poor,8,Occasionally,Low,High,Low,No,No,No,Yes,Yes,Dry,Eczema
18,Male,2,Average,8,Occasionally,Medium,Medium,Low,No,No,No,Yes,No,Dry,Healthy
43,Male,6,Healthy,4,Regularly,Medium,Medium,High,No,No,No,Yes,No,Oily,Healthy
36,Female,10,Healthy,7,Never,Medium,Medium,Low,No,No,Yes,Yes,No,Normal,Eczema
43,Female,6,Healthy,7,Never,High,Low,High,No,Yes,Yes,No,Yes,Dry,Rosacea
33,Female,10,Poor,6,Regularly,Medium,Low,Low,No,No,No,Yes,No,Dry,Psoriasis
28,Other,7,Average,4,Occasionally,High,Low,Low,No,No,Yes,No,No,Dry,Acne
42,Male,10,Poor,6,Occasionally,High,Low,High,No,No,No,Yes,No,Dry,Healthy
22,Female,7,Healthy,5,Regularly,Medium,Low,Low,No,No,No,No,No,Normal,Healthy
58,Male,8,Average,4,Occasionally,Medium,High,High,Yes,No,No,No,No,Combination,Psoriasis
33,Other,2,Average,6,Occasionally,Low,Low,Medium,Yes,No,No,No,No,Combination,Psoriasis
47,Other,7,Healthy,5,Regularly,Low,Low,High,No,No,No,No,Yes,Normal,Healthy
62,Other,4,Average,4,Occasionally,Low,Medium,Low,Yes,Yes,Yes,No,No,Dry,Acne
59,Male,9,Poor,7,Occasionally,Low,High,High,No,No,No,Yes,No,Dry,Eczema
47,Female,10,Poor,8,Regularly,Medium,Medium,High,No,No,No,No,No,Dry,Healthy
26,Male,6,Average,9,Occasionally,Medium,Medium,Low,Yes,No,No,Yes,No,Combination,Rosacea
18,Other,4,Healthy,5,Regularly,Medium,Medium,Medium,Yes,No,No,Yes,No,Dry,Psoriasis
50,Male,11,Average,8,Occasionally,High,Low,Low,Yes,No,No,Yes,No,Dry,Psoriasis
35,Other,3,Average,9,Never,High,Medium,Medium,No,No,No,No,Yes,Dry,Healthy
30,Female,4,Poor,8,Never,High,Low,Low,No,No,Yes,Yes,Yes,Normal,Eczema
31,Female,4,Healthy,4,Never,Medium,High,High,Yes,Yes,No,No,Yes,Dry,Psoriasis
51,Other,4,Average,9,Regularly,Medium,Low,High,Yes,No,No,No,No,Dry,Psoriasis
60,Female,11,Poor,5,Regularly,High,Low,Medium,Yes,No,No,Yes,No,Dry,Psoriasis
51,Other,9,Average,7,Never,Medium,Low,Low,No,No,No,No,No,Normal,Healthy
63,Other,7,Poor,6,Occasionally,Low,Low,Low,No,Yes,No,Yes,Yes,Dry,Psoriasis
32,Other,2,Average,6,Never,High,Low,Medium,No,No,No,No,Yes,Dry,Healthy
44,Male,9,Healthy,4,Never,High,Medium,High,Yes,No,No,No,Yes,Dry,Psoriasis
25,Other,2,Healthy,9,Never,High,Low,Medium,Yes,No,No,No,Yes,Dry,Psoriasis
31,Female,3,Poor,5,Never,High,High,Medium,Yes,No,No,Yes,Yes,Dry,Psoriasis
30,Female,3,Healthy,8,Never,Low,Low,Medium,No,Yes,No,No,No,Dry,Psoriasis
25,Female,9,Average,6,Never,Low,Medium,High,No,No,No,No,No,Normal,Healthy
46,Male,6,Healthy,5,Occasionally,Medium,Low,Low,Yes,No,No,Yes,No,Normal,Psoriasis
34,Female,7,Average,9,Never,Medium,Medium,Medium,Yes,Yes,No,Yes,No,Normal,Psoriasis
49,Other,9,Average,6,Never,Medium,Low,High,No,Yes,No,No,No,Normal,Psoriasis
43,Female,5,Average,9,Never,Medium,Low,Low,No,Yes,Yes,No,Yes,Normal,Rosacea
29,Female,10,Average,6,Regularly,Medium,Medium,Low,No,No,Yes,No,Yes,Normal,Eczema
57,Male,10,Healthy,8,Never,Medium,Low,Medium,No,Yes,No,No,Yes,Normal,Psoriasis
59,Other,11,Healthy,5,Occasionally,High,High,High,No,No,Yes,No,Yes,Dry,Eczema
27,Other,7,Healthy,7,Never,High,High,Medium,No,No,No,Yes,No,Dry,Healthy
22,Female,8,Poor,6,Occasionally,Medium,Medium,Medium,Yes,No,No,No,No,Dry,Psoriasis
47,Male,8,Average,6,Occasionally,Medium,Low,High,Yes,Yes,Yes,No,No,Normal,Acne
22,Male,11,Healthy,5,Never,Medium,High,Medium,No,No,No,Yes,No,Normal,Healthy
47,Male,6,Poor,9,Occasionally,Medium,Low,Low,No,Yes,No,No,No,Combination,Psoriasis
62,Female,4,Average,4,Never,Medium,Low,Medium,Yes,No,No,No,No,Dry,Psoriasis
42,Other,9,Poor,4,Regularly,High,High,Low,No,Yes,Yes,No,No,Combination,Rosacea
45,Male,3,Poor,7,Occasionally,Low,Low,High,No,No,No,No,Yes,Dry,Psoriasis
51,Other,3,Healthy,8,Occasionally,High,High,Medium,No,No,No,Yes,Yes,Dry,Healthy
52,Other,2,Average,8,Never,High,Medium,Medium,No,No,No,No,No,Combination,Healthy
54,Other,5,Healthy,6,Never,Low,Medium,High,Yes,No,No,No,No,Normal,Psoriasis
21,Other,7,Average,7,Occasionally,Medium,Low,Low,Yes,No,No,Yes,Yes,Normal,Eczema
44,Male,10,Poor,6,Never,High,High,Medium,No,No,Yes,Yes,Yes,Normal,Eczema
34,Female,8,Average,4,Never,Low,High,High,No,No,No,Yes,No,Combination,Psoriasis
60,Other,2,Average,8,Never,High,Low,Medium,Yes,No,No,Yes,No,Dry,Eczema
41,Other,9,Healthy,8,Never,Low,Medium,High,No,No,No,Yes,No,Oily,Healthy
20,Other,6,Poor,7,Occasionally,Medium,High,Low,Yes,Yes,No,No,No,Dry,Psoriasis
35,Female,5,Poor,4,Occasionally,Medium,Low,Medium,No,Yes,No,Yes,No,Combination,Psoriasis
23,Other,11,Poor,4,Regularly,High,High,Low,No,No,No,No,No,Dry,Rosacea
32,Female,6,Poor,5,Regularly,High,Medium,Medium,Yes,No,No,Yes,No,Dry,Psoriasis
47,Male,4,Poor,5,Never,Low,Low,High,No,No,No,No,No,Dry,Healthy
36,Female,6,Average,5,Regularly,Medium,High,Medium,No,No,No,Yes,Yes,Combination,Healthy
39,Female,2,Poor,7,Never,Low,Low,Low,Yes,Yes,Yes,Yes,No,Dry,Acne
47,Female,4,Average,6,Never,Medium,High,High,No,No,No,No,Yes,Dry,Healthy
41,Female,2,Poor,5,Regularly,High,Low,Medium,Yes,No,No,Yes,No,Dry,Psoriasis
41,Other,3,Poor,7,Occasionally,Medium,Low,High,No,Yes,No,No,No,Dry,Psoriasis
46,Female,10,Average,7,Occasionally,Medium,Low,High,No,No,Yes,Yes,No,Normal,Eczema
22,Other,6,Poor,7,Occasionally,Low,Medium,Low,No,No,No,No,No,Dry,Healthy
19,Other,9,Average,9,Occasionally,Medium,Low,Low,No,No,No,Yes,No,Normal,Healthy
52,Male,3,Healthy,9,Occasionally,Medium,Low,Low,Yes,Yes,Yes,No,No,Dry,Acne
32,Other,4,Poor,8,Never,High,High,Medium,No,Yes,Yes,Yes,Yes,Dry,Psoriasis
53,Other,2,Average,6,Never,High,Low,Medium,Yes,No,No,No,No,Dry,Eczema
47,Other,10,Average,9,Never,High,Low,Medium,No,No,Yes,No,Yes,Dry,Eczema
63,Male,4,Average,9,Occasionally,Low,Medium,Medium,Yes,No,No,Yes,Yes,Dry,Psoriasis
48,Female,8,Poor,4,Occasionally,Low,High,Medium,No,No,Yes,Yes,No,Dry,Eczema
52,Female,7,Average,8,Regularly,Medium,Medium,High,No,No,Yes,No,No,Normal,Rosacea
32,Other,9,Healthy,6,Regularly,Medium,Medium,Low,Yes,No,Yes,No,Yes,Normal,Acne
47,Other,9,Poor,5,Regularly,High,High,Low,No,Yes,Yes,Yes,No,Dry,Rosacea
24,Other,3,Poor,6,Never,Low,High,Medium,No,No,Yes,Yes,No,Dry,Eczema
52,Male,2,Poor,5,Occasionally,Medium,Medium,High,No,Yes,No,Yes,No,Dry,Psoriasis
37,Female,5,Poor,9,Never,Medium,High,Medium,No,No,No,No,No,Dry,Healthy
39,Other,10,Healthy,9,Never,High,Low,Medium,No,No,No,Yes,No,Dry,Rosacea
57,Male,7,Poor,4,Occasionally,Medium,Medium,Medium,No,No,No,No,Yes,Dry,Acne
35,Female,6,Average,5,Regularly,High,High,Medium,No,No,No,No,Yes,Dry,Eczema
42,Female,9,Average,8,Occasionally,Medium,Low,High,No,No,No,No,No,Normal,Eczema
21,Male,5,Average,8,Never,Low,Low,High,No,No,No,No,Yes,Normal,Healthy
57,Other,2,Healthy,7,Occasionally,Low,Low,Medium,Yes,No,Yes,No,No,Dry,Acne
48,Other,7,Average,5,Never,Medium,High,Medium,Yes,No,Yes,No,No,Combination,Acne
39,Male,7,Average,5,Regularly,Low,High,Medium,No,No,No,No,No,Combination,Healthy
44,Male,10,Poor,4,Occasionally,Medium,Low,Medium,Yes,No,No,No,No,Dry,Psoriasis
47,Female,4,Poor,4,Occasionally,High,High,High,No,Yes,No,No,No,Dry,Psoriasis
22,Male,7,Average,4,Regularly,Low,Low,High,Yes,No,Yes,Yes,No,Normal,Acne
38,Other,9,Healthy,8,Occasionally,High,High,High,No,No,No,Yes,No,Dry,Healthy
42,Male,8,Poor,4,Never,Medium,Medium,Medium,No,Yes,Yes,No,No,Dry,Rosacea
24,Female,10,Healthy,8,Never,Low,High,Medium,Yes,No,No,No,No,Oily,Psoriasis
28,Female,7,Average,4,Never,Low,Medium,Low,Yes,No,No,No,Yes,Normal,Psoriasis
45,Other,3,Poor,5,Occasionally,High,Low,Low,Yes,No,Yes,No,No,Dry,Acne
53,Male,2,Average,5,Occasionally,Medium,Low,High,No,No,No,No,No,Dry,Healthy
20,Male,11,Average,4,Occasionally,Medium,High,High,No,No,No,No,No,Combination,Healthy
24,Other,7,Healthy,5,Occasionally,Low,Low,Medium,No,No,No,Yes,Yes,Normal,Healthy
41,Male,6,Healthy,9,Never,High,Low,Medium,No,No,Yes,Yes,No,Normal,Eczema
20,Male,2,Average,8,Occasionally,High,Low,High,Yes,No,Yes,Yes,No,Dry,Acne
54,Female,9,Poor,6,Occasionally,High,Medium,Low,No,No,No,No,No,Dry,Healthy
50,Male,4,Healthy,8,Occasionally,Medium,Low,Medium,No,No,No,Yes,No,Dry,Healthy
44,Female,8,Poor,6,Never,Low,Medium,Medium,No,No,Yes,No,Yes,Dry,Eczema
32,Male,3,Healthy,5,Regularly,Medium,High,Medium,No,No,Yes,Yes,No,Dry,Eczema
32,Female,10,Poor,8,Regularly,High,High,High,No,No,No,No,Yes,Dry,Healthy
25,Other,5,Poor,4,Never,Medium,Low,High,No,No,No,No,No,Dry,Healthy
42,Female,10,Healthy,9,Occasionally,High,Medium,Medium,No,Yes,Yes,No,Yes,Dry,Rosacea
62,Female,9,Average,4,Never,Low,High,High,No,No,No,No,No,Normal,Healthy
57,Other,10,Poor,7,Occasionally,Low,Medium,Medium,No,No,No,No,Yes,Dry,Healthy
54,Male,8,Poor,6,Regularly,Low,High,High,No,No,No,Yes,Yes,Dry,Healthy
27,Female,11,Average,7,Never,High,High,High,No,No,Yes,Yes,No,Dry,Eczema
28,Other,4,Healthy,8,Never,Medium,Medium,High,Yes,No,No,No,No,Dry,Acne
23,Other,11,Healthy,4,Never,High,Low,Low,Yes,No,No,No,No,Dry,Psoriasis
27,Female,8,Poor,4,Never,High,High,Low,Yes,No,No,Yes,No,Dry,Psoriasis
39,Female,7,Average,8,Never,High,Low,Low,Yes,No,Yes,Yes,No,Dry,Acne
54,Male,7,Average,6,Never,High,Medium,Low,No,No,Yes,Yes,Yes,Dry,Eczema
61,Male,3,Poor,5,Occasionally,Medium,Medium,High,No,Yes,No,No,No,Dry,Psoriasis
37,Female,10,Average,7,Occasionally,Low,Low,Low,No,No,Yes,Yes,No,Normal,Eczema
35,Other,8,Average,8,Never,Medium,Medium,Medium,Yes,Yes,No,Yes,No,Normal,Rosacea
62,Female,8,Average,7,Regularly,Low,Low,Medium,No,No,No,No,No,Normal,Healthy
19,Male,8,Average,8,Never,High,Low,Low,No,No,Yes,No,No,Dry,Eczema
55,Other,7,Healthy,9,Never,High,Low,Medium,Yes,No,Yes,No,No,Dry,Acne
52,Male,10,Poor,7,Occasionally,High,High,Medium,No,No,No,Yes,No,Dry,Eczema
38,Male,4,Average,6,Never,Low,Medium,Medium,Yes,No,No,No,Yes,Dry,Psoriasis
62,Male,9,Poor,8,Never,Medium,Medium,Medium,No,No,No,No,No,Dry,Healthy
29,Male,9,Average,5,Never,Medium,High,Medium,No,Yes,No,Yes,No,Combination,Psoriasis
60,Female,9,Poor,7,Never,Low,Medium,Medium,No,No,No,Yes,Yes,Dry,Healthy
52,Other,10,Average,9,Never,Low,Low,Medium,No,Yes,Yes,No,Yes,Dry,Rosacea
60,Other,9,Poor,8,Never,Medium,Low,Low,No,No,No,No,Yes,Dry,Healthy
49,Other,2,Poor,7,Occasionally,High,Medium,Medium,No,No,No,Yes,Yes,Dry,Healthy
44,Other,11,Healthy,4,Occasionally,Low,Low,Medium,Yes,Yes,Yes,No,Yes,Oily,Acne
58,Female,11,Healthy,8,Occasionally,High,Low,High,No,No,No,Yes,No,Dry,Acne
49,Male,5,Poor,4,Never,Medium,Low,Low,Yes,Yes,No,No,No,Dry,Psoriasis
32,Female,5,Poor,6,Never,Medium,Low,Low,No,Yes,No,Yes,No,Dry,Psoriasis
55,Male,2,Poor,6,Never,Medium,Low,High,No,Yes,Yes,Yes,No,Combination,Rosacea
39,Female,11,Average,8,Never,High,Low,Medium,No,No,No,No,No,Dry,Healthy
64,Male,10,Healthy,7,Regularly,Low,High,Medium,Yes,No,No,Yes,Yes,Oily,Rosacea
64,Male,8,Average,5,Never,Medium,High,Medium,No,Yes,No,No,No,Combination,Psoriasis
29,Male,4,Healthy,5,Never,High,Medium,Medium,No,Yes,No,No,Yes,Normal,Psoriasis
56,Male,11,Average,4,Occasionally,Medium,High,Medium,No,No,No,No,Yes,Combination,Acne
45,Male,4,Average,9,Occasionally,Low,Low,Low,No,No,No,No,No,Dry,Acne
35,Male,7,Healthy,5,Occasionally,Medium,High,Medium,No,No,No,No,Yes,Normal,Healthy
27,Other,11,Healthy,6,Occasionally,Medium,Medium,High,No,No,Yes,No,No,Combination,Eczema
25,Male,5,Average,5,Occasionally,High,Medium,Medium,No,No,No,Yes,Yes,Dry,Rosacea
27,Other,2,Healthy,5,Regularly,Medium,Low,High,No,No,No,Yes,No,Dry,Healthy
46,Other,6,Average,5,Never,Medium,Low,High,No,No,Yes,Yes,Yes,Normal,Eczema
56,Other,2,Average,4,Never,High,Medium,Medium,No,Yes,No,Yes,Yes,Dry,Psoriasis
57,Male,5,Average,4,Occasionally,Low,Low,Medium,No,No,No,Yes,No,Normal,Healthy
60,Male,10,Healthy,6,Regularly,Low,High,High,Yes,No,No,No,No,Dry,Psoriasis
32,Female,6,Average,7,Occasionally,High,Medium,High,No,No,No,No,No,Dry,Healthy
24,Male,6,Average,8,Occasionally,Low,High,High,Yes,No,No,No,Yes,Combination,Healthy
60,Other,11,Average,8,Never,Low,High,Medium,Yes,No,No,Yes,No,Combination,Psoriasis
30,Male,3,Average,6,Occasionally,High,Low,Medium,Yes,No,No,No,No,Dry,Psoriasis
21,Male,10,Average,8,Regularly,High,Low,Low,Yes,No,No,No,No,Dry,Rosacea
19,Male,10,Healthy,5,Regularly,Medium,High,Low,No,Yes,No,Yes,Yes,Normal,Psoriasis
61,Male,5,Healthy,8,Never,Low,Medium,Medium,No,Yes,No,No,No,Normal,Psoriasis
29,Other,10,Average,8,Occasionally,Medium,Medium,Low,Yes,No,No,Yes,Yes,Normal,Rosacea
52,Other,7,Poor,5,Occasionally,High,High,Low,No,No,No,Yes,No,Dry,Psoriasis
45,Female,10,Average,7,Occasionally,High,Medium,Medium,No,No,No,Yes,No,Dry,Eczema
26,Other,2,Poor,9,Occasionally,Medium,Low,Medium,No,No,No,No,Yes,Dry,Healthy
62,Female,7,Healthy,6,Regularly,High,Low,Low,No,No,No,No,No,Dry,Healthy
48,Female,6,Healthy,6,Occasionally,High,Low,Medium,No,No,No,Yes,Yes,Dry,Healthy
24,Female,4,Healthy,7,Never,Low,Medium,Low,No,No,No,No,No,Oily,Healthy
18,Male,11,Poor,9,Never,High,Medium,Medium,No,No,No,No,No,Dry,Healthy
53,Other,10,Average,6,Never,Low,High,Medium,No,No,No,No,No,Combination,Healthy
57,Other,9,Healthy,4,Regularly,Medium,High,Medium,No,Yes,No,No,No,Normal,Psoriasis
48,Other,10,Poor,6,Regularly,Low,Low,High,No,No,No,No,No,Dry,Healthy
56,Male,10,Poor,8,Never,Low,Medium,High,No,No,No,Yes,No,Normal,Healthy
51,Other,8,Average,6,Never,High,Medium,Medium,Yes,Yes,No,No,No,Dry,Psoriasis
20,Female,2,Average,4,Never,High,Low,Medium,No,Yes,Yes,No,Yes,Dry,Rosacea
42,Female,8,Average,9,Occasionally,Low,High,Medium,No,No,No,No,No,Dry,Eczema
21,Female,11,Average,8,Occasionally,Medium,Medium,Medium,No,No,No,No,No,Normal,Healthy
24,Male,5,Poor,6,Never,High,Low,Medium,No,Yes,Yes,No,No,Dry,Rosacea
42,Other,4,Healthy,8,Never,Low,Medium,Low,Yes,Yes,No,No,No,Dry,Psoriasis
23,Female,6,Average,6,Occasionally,High,High,High,No,No,Yes,No,No,Dry,Eczema
25,Other,5,Average,7,Never,Low,Low,Low,No,No,No,Yes,No,Normal,Rosacea
54,Other,4,Poor,6,Never,Medium,Medium,Medium,No,Yes,No,No,No,Dry,Psoriasis
37,Female,4,Poor,4,Occasionally,Low,Low,High,No,No,No,No,Yes,Dry,Healthy
56,Other,2,Average,7,Regularly,Medium,Medium,High,No,No,No,No,Yes,Dry,Healthy
50,Male,7,Average,4,Never,High,Low,High,No,Yes,No,Yes,No,Dry,Healthy
40,Male,3,Average,7,Never,Medium,High,Medium,No,Yes,No,No,Yes,Dry,Psoriasis
21,Female,2,Poor,9,Occasionally,Medium,Medium,High,No,Yes,No,Yes,No,Dry,Psoriasis
40,Male,6,Average,5,Occasionally,Medium,High,Low,No,No,No,Yes,No,Combination,Healthy
27,Other,11,Healthy,9,Occasionally,High,High,High,No,No,Yes,No,No,Oily,Eczema
57,Female,7,Poor,9,Never,Low,Medium,Low,No,No,No,No,No,Dry,Eczema
37,Male,2,Average,4,Never,High,Low,Medium,Yes,No,No,Yes,Yes,Dry,Psoriasis
28,Other,7,Healthy,6,Never,Low,Low,High,No,No,No,Yes,No,Normal,Healthy
57,Female,11,Healthy,4,Never,Low,High,Medium,Yes,No,No,No,No,Combination,Psoriasis
19,Female,2,Average,9,Occasionally,High,Low,Medium,No,No,No,No,No,Dry,Healthy
28,Female,5,Healthy,6,Regularly,Medium,Medium,High,Yes,No,No,Yes,No,Normal,Psoriasis
35,Male,7,Poor,6,Never,Low,High,Medium,Yes,No,No,Yes,No,Dry,Psoriasis
29,Other,9,Poor,7,Regularly,High,Low,Low,No,No,No,No,Yes,Dry,Healthy
30,Female,9,Poor,8,Occasionally,Low,Low,High,Yes,No,No,Yes,No,Dry,Psoriasis
56,Male,9,Poor,6,Never,Medium,Medium,Medium,Yes,No,No,Yes,No,Dry,Psoriasis
34,Male,4,Poor,6,Occasionally,Low,High,Low,No,No,No,Yes,No,Dry,Healthy
44,Other,7,Healthy,4,Regularly,Medium,Medium,Low,Yes,No,No,No,No,Normal,Eczema
51,Female,9,Average,6,Occasionally,Medium,Low,Low,Yes,Yes,Yes,No,No,Normal,Acne
33,Male,4,Poor,7,Occasionally,Medium,Low,High,Yes,No,Yes,Yes,No,Dry,Acne
28,Female,7,Average,8,Never,Medium,Medium,Medium,No,No,No,No,Yes,Normal,Healthy
50,Female,11,Healthy,4,Regularly,Medium,Medium,Low,No,No,No,Yes,Yes,Normal,Healthy
21,Female,3,Average,7,Regularly,Medium,Low,Medium,No,No,No,Yes,No,Dry,Psoriasis
47,Other,3,Average,7,Occasionally,Medium,High,Medium,Yes,Yes,No,Yes,No,Dry,Psoriasis
34,Male,9,Poor,5,Occasionally,Medium,Medium,Medium,Yes,No,Yes,No,No,Dry,Acne
29,Male,7,Average,6,Occasionally,High,High,Low,No,No,No,No,No,Dry,Acne
46,Male,8,Average,7,Never,Medium,Medium,Medium,No,No,Yes,No,No,Normal,Eczema
32,Female,2,Healthy,4,Never,Medium,High,Medium,No,No,No,No,No,Dry,Healthy
45,Male,8,Average,7,Never,Medium,High,High,No,No,Yes,No,Yes,Combination,Eczema
64,Other,4,Average,6,Never,High,Medium,Medium,No,No,Yes,No,No,Dry,Eczema
29,Female,10,Poor,4,Regularly,Low,Medium,Medium,No,No,No,No,Yes,Dry,Healthy
47,Other,10,Poor,6,Regularly,Low,Low,Medium,No,No,No,No,No,Combination,Rosacea
57,Male,10,Average,7,Regularly,Medium,Low,Medium,No,No,No,No,Yes,Normal,Rosacea
61,Other,6,Average,6,Never,Medium,Low,Medium,No,No,Yes,No,No,Normal,Eczema
44,Male,5,Average,6,Occasionally,Medium,High,Low,No,No,Yes,No,No,Combination,Eczema
34,Female,11,Healthy,5,Occasionally,Low,Medium,Medium,No,No,No,No,No,Oily,Healthy
60,Male,11,Healthy,4,Occasionally,Low,Medium,Low,Yes,No,No,No,No,Oily,Psoriasis
25,Male,4,Poor,4,Occasionally,Medium,High,Medium,Yes,No,Yes,Yes,No,Combination,Acne
48,Other,11,Poor,5,Regularly,Low,Low,High,Yes,No,No,No,No,Dry,Psoriasis
52,Female,7,Average,9,Occasionally,High,High,Low,No,No,No,No,No,Normal,Healthy
32,Other,10,Poor,9,Occasionally,High,Medium,Medium,Yes,No,No,No,Yes,Dry,Acne
28,Other,3,Healthy,6,Regularly,Low,Low,High,No,No,No,No,No,Dry,Healthy
32,Female,9,Healthy,8,Occasionally,Medium,Low,High,Yes,No,No,Yes,No,Normal,Psoriasis
24,Male,5,Poor,7,Never,Medium,Low,High,No,No,No,No,No,Normal,Healthy
25,Other,8,Average,7,Occasionally,High,Low,Low,No,No,Yes,No,No,Dry,Eczema
55,Female,3,Healthy,9,Never,Medium,High,High,Yes,No,Yes,Yes,No,Dry,Acne
58,Female,4,Healthy,8,Occasionally,Low,High,High,Yes,No,Yes,Yes,Yes,Dry,Acne
52,Other,5,Average,6,Never,High,Medium,High,No,No,No,Yes,No,Dry,Healthy
54,Male,10,Average,7,Never,Low,Medium,Low,No,No,No,No,Yes,Normal,Healthy
32,Female,7,Average,9,Regularly,Low,High,High,No,No,Yes,No,Yes,Combination,Eczema
47,Female,8,Poor,7,Regularly,Medium,Low,High,No,No,Yes,Yes,No,Dry,Acne
41,Other,2,Average,7,Occasionally,High,Low,Medium,No,No,No,No,No,Dry,Healthy
57,Other,10,Poor,7,Never,Low,Low,Low,Yes,No,No,No,No,Dry,Psoriasis
38,Other,2,Average,6,Regularly,Medium,Low,Low,No,No,Yes,No,No,Dry,Eczema
41,Other,5,Average,7,Regularly,Low,High,Low,No,No,Yes,No,No,Combination,Eczema
23,Female,3,Healthy,5,Regularly,Medium,Low,Medium,No,No,No,No,No,Dry,Healthy
54,Male,7,Poor,5,Regularly,High,High,High,No,Yes,No,Yes,Yes,Dry,Acne
31,Other,5,Healthy,7,Occasionally,High,Low,Low,Yes,No,No,No,No,Dry,Psoriasis
37,Female,8,Healthy,6,Occasionally,High,High,Medium,Yes,No,Yes,Yes,Yes,Dry,Rosacea
18,Female,3,Average,7,Never,Medium,Low,Low,Yes,No,Yes,Yes,No,Dry,Acne
44,Other,9,Poor,4,Never,Medium,Medium,Medium,No,No,No,Yes,No,Dry,Healthy
36,Other,5,Healthy,4,Never,High,Low,Low,No,No,No,Yes,Yes,Dry,Rosacea
52,Male,11,Healthy,9,Occasionally,High,Medium,Low,No,No,No,No,Yes,Dry,Healthy
18,Other,9,Average,6,Regularly,High,Low,High,No,No,Yes,Yes,No,Dry,Healthy
54,Other,7,Healthy,5,Never,Low,High,Low,Yes,No,Yes,Yes,No,Normal,Eczema
34,Other,11,Average,6,Regularly,High,High,Low,No,Yes,No,Yes,Yes,Dry,Psoriasis
24,Other,7,Average,7,Occasionally,High,High,Low,No,No,Yes,No,No,Dry,Eczema
47,Female,7,Healthy,6,Regularly,High,Medium,High,No,No,Yes,No,Yes,Dry,Eczema
50,Male,9,Poor,9,Never,Low,Medium,High,No,No,No,Yes,No,Dry,Healthy
27,Other,10,Poor,8,Never,Medium,Medium,Medium,Yes,No,No,No,No,Dry,Psoriasis
26,Male,10,Healthy,4,Occasionally,High,Low,Low,No,No,No,Yes,No,Oily,Eczema
33,Male,3,Poor,7,Occasionally,Medium,Low,Low,Yes,No,Yes,Yes,No,Dry,Acne
18,Other,8,Healthy,6,Never,Medium,Low,Medium,No,Yes,No,Yes,Yes,Normal,Psoriasis
25,Female,2,Average,9,Regularly,Medium,Low,Medium,Yes,No,Yes,No,Yes,Dry,Acne
63,Female,5,Poor,9,Never,High,Medium,Medium,No,No,No,Yes,No,Dry,Healthy
18,Male,11,Average,6,Occasionally,Medium,High,Low,No,No,No,Yes,No,Combination,Healthy
51,Other,10,Average,7,Never,High,High,High,No,No,No,No,No,Dry,Healthy
20,Male,7,Average,4,Regularly,High,Low,Medium,No,No,No,No,No,Dry,Acne
23,Other,2,Healthy,5,Occasionally,Low,Low,Medium,No,No,Yes,Yes,No,Oily,Eczema
53,Other,7,Average,5,Never,High,Medium,Low,No,No,No,Yes,Yes,Dry,Healthy
40,Male,3,Poor,8,Never,High,Medium,Low,No,No,Yes,Yes,Yes,Oily,Eczema
54,Male,10,Healthy,9,Occasionally,Medium,High,Medium,Yes,No,No,No,Yes,Oily,Psoriasis
61,Female,6,Average,7,Occasionally,Low,Low,Low,Yes,No,No,No,No,Normal,Psoriasis
47,Other,2,Average,4,Regularly,Medium,Medium,Low,No,No,No,Yes,No,Dry,Healthy
56,Male,7,Average,5,Regularly,Medium,High,Low,No,Yes,No,No,Yes,Combination,Psoriasis
45,Other,8,Healthy,8,Occasionally,Low,Medium,Medium,No,No,No,Yes,Yes,Normal,Healthy
23,Other,4,Poor,9,Occasionally,Medium,Low,Medium,No,No,No,Yes,No,Oily,Healthy
33,Male,5,Average,8,Occasionally,High,High,Medium,No,No,Yes,No,No,Dry,Eczema
37,Other,11,Healthy,7,Occasionally,Medium,Medium,High,No,Yes,Yes,No,Yes,Normal,Rosacea
45,Other,2,Healthy,8,Never,Medium,High,High,No,No,No,No,No,Dry,Healthy
34,Other,10,Average,7,Never,Medium,Low,Medium,No,Yes,No,Yes,No,Normal,Psoriasis
39,Female,11,Average,8,Never,Low,Low,High,No,Yes,No,No,Yes,Normal,Psoriasis
62,Female,11,Poor,9,Occasionally,Low,Medium,Low,No,No,No,Yes,Yes,Dry,Healthy
53,Female,11,Poor,6,Never,High,Low,Low,Yes,No,Yes,Yes,Yes,Dry,Acne
56,Other,11,Poor,5,Occasionally,Medium,Low,Medium,No,No,Yes,Yes,No,Combination,Psoriasis
51,Female,10,Average,9,Never,Medium,High,Medium,No,No,Yes,Yes,No,Combination,Psoriasis
52,Other,6,Poor,5,Occasionally,High,Medium,High,No,Yes,No,No,No,Dry,Psoriasis
55,Female,3,Average,7,Never,High,Low,Low,No,No,No,No,No,Dry,Healthy
58,Female,7,Average,9,Never,Medium,Low,Low,No,No,No,No,No,Normal,Healthy
54,Male,4,Average,4,Occasionally,Medium,High,High,No,No,No,No,Yes,Dry,Eczema
24,Other,3,Average,9,Regularly,Low,Low,High,Yes,Yes,No,No,Yes,Normal,Psoriasis
40,Female,11,Poor,8,Occasionally,High,Low,High,No,No,Yes,Yes,No,Oily,Eczema
25,Other,8,Average,8,Never,Medium,Low,Medium,No,No,No,Yes,No,Normal,Healthy
20,Male,4,Poor,5,Occasionally,Medium,Low,High,No,Yes,No,No,No,Dry,Psoriasis
33,Male,6,Average,4,Occasionally,Medium,High,Medium,Yes,No,No,No,Yes,Combination,Psoriasis
44,Other,11,Poor,5,Never,High,Low,Medium,Yes,No,No,No,Yes,Dry,Psoriasis
51,Other,11,Average,5,Occasionally,Medium,Low,Medium,Yes,Yes,Yes,No,No,Normal,Acne
22,Female,5,Poor,9,Occasionally,High,Low,Medium,No,No,No,Yes,No,Dry,Healthy
28,Female,3,Poor,5,Occasionally,Medium,Medium,Medium,No,No,No,Yes,No,Combination,Healthy
23,Other,8,Healthy,4,Never,Medium,Medium,Medium,No,No,No,No,No,Normal,Healthy
42,Male,10,Average,8,Never,Medium,Medium,Low,No,No,No,Yes,Yes,Dry,Acne
22,Female,4,Healthy,5,Never,High,Low,Medium,No,No,No,No,No,Dry,Healthy
33,Male,7,Average,9,Never,High,Low,Low,Yes,No,No,No,No,Combination,Psoriasis
44,Male,9,Poor,6,Occasionally,Low,Medium,High,No,No,Yes,No,No,Dry,Eczema
48,Other,2,Poor,8,Never,High,High,Low,Yes,No,No,Yes,No,Dry,Psoriasis
50,Other,7,Average,7,Never,High,Low,High,No,No,No,Yes,No,Dry,Rosacea
53,Female,8,Healthy,5,Occasionally,Medium,Low,High,Yes,No,Yes,No,Yes,Normal,Rosacea
41,Female,10,Average,8,Never,High,Medium,High,No,No,No,Yes,No,Dry,Healthy
58,Female,4,Average,4,Never,High,High,High,No,No,No,Yes,No,Dry,Healthy
46,Male,7,Average,9,Occasionally,Medium,Low,Medium,Yes,No,Yes,No,No,Normal,Acne
47,Female,5,Average,7,Occasionally,Medium,Medium,Low,Yes,No,Yes,No,No,Normal,Healthy
25,Male,10,Average,6,Never,Low,Low,Low,Yes,No,No,No,Yes,Combination,Psoriasis
43,Male,9,Average,8,Regularly,Medium,Low,Medium,No,Yes,No,No,No,Normal,Psoriasis
50,Male,9,Poor,8,Never,Medium,Low,Medium,No,No,No,Yes,No,Combination,Healthy
62,Female,6,Average,5,Regularly,High,Low,High,No,No,No,Yes,No,Combination,Rosacea
40,Other,11,Healthy,5,Never,High,High,Medium,No,Yes,Yes,Yes,No,Combination,Eczema
50,Male,8,Healthy,8,Never,Medium,Medium,Medium,No,No,No,No,No,Combination,Healthy
43,Other,10,Average,5,Occasionally,Medium,Medium,Low,Yes,No,No,No,No,Normal,Psoriasis
21,Male,5,Healthy,9,Occasionally,Medium,High,Low,No,Yes,No,Yes,No,Oily,Psoriasis
38,Male,6,Healthy,7,Occasionally,High,Low,Medium,No,No,No,No,No,Dry,Eczema
51,Male,3,Average,8,Occasionally,Medium,Low,High,Yes,No,No,No,No,Dry,Psoriasis
33,Female,2,Healthy,8,Regularly,Medium,Low,Medium,No,No,No,No,No,Dry,Healthy
57,Male,4,Healthy,7,Occasionally,Medium,High,Medium,Yes,No,Yes,Yes,No,Dry,Acne
56,Male,8,Healthy,9,Occasionally,Medium,High,Medium,Yes,No,No,No,No,Normal,Psoriasis
21,Female,5,Average,8,Occasionally,Medium,Medium,Medium,No,No,No,Yes,Yes,Normal,Healthy
55,Other,8,Poor,6,Occasionally,Low,Low,High,Yes,No,No,No,Yes,Dry,Psoriasis
55,Other,7,Average,7,Never,Medium,Medium,Low,No,No,Yes,No,No,Combination,Eczema
37,Other,3,Average,4,Never,Low,Low,Medium,No,Yes,No,Yes,No,Dry,Psoriasis
27,Male,8,Poor,4,Never,Medium,Medium,Low,No,No,Yes,Yes,No,Dry,Eczema
52,Female,5,Average,6,Occasionally,Low,Low,Medium,Yes,Yes,Yes,Yes,No,Combination,Acne
36,Other,3,Average,4,Occasionally,Medium,Low,Low,No,Yes,Yes,No,No,Normal,Rosacea
40,Male,9,Average,7,Never,Medium,High,Low,No,No,No,Yes,No,Combination,Healthy
61,Other,11,Poor,9,Never,High,Low,High,No,No,No,No,No,Dry,Healthy
33,Female,11,Average,7,Occasionally,Low,Low,Medium,Yes,No,No,No,No,Normal,Psoriasis
42,Male,10,Poor,4,Occasionally,Low,Low,Low,No,No,No,Yes,Yes,Dry,Healthy
47,Other,6,Average,6,Occasionally,High,Medium,Low,Yes,No,Yes,No,No,Dry,Acne
24,Female,10,Poor,9,Occasionally,High,High,High,Yes,No,No,No,Yes,Dry,Psoriasis
52,Other,2,Poor,4,Occasionally,Medium,Medium,Low,No,No,No,No,Yes,Dry,Healthy
46,Other,3,Average,6,Occasionally,High,High,Medium,Yes,Yes,No,No,No,Dry,Healthy
23,Other,2,Poor,5,Occasionally,High,Medium,High,No,No,No,No,No,Dry,Healthy
32,Female,5,Average,6,Occasionally,Medium,Low,High,Yes,No,No,Yes,No,Normal,Acne
20,Female,6,Healthy,8,Regularly,High,High,Medium,No,No,No,No,No,Dry,Healthy
46,Other,9,Average,6,Occasionally,High,High,High,Yes,No,Yes,No,No,Dry,Acne
60,Female,11,Healthy,9,Regularly,High,Medium,High,Yes,No,Yes,No,No,Dry,Acne
60,Female,9,Average,5,Occasionally,High,Medium,Low,Yes,No,No,No,No,Dry,Psoriasis
29,Other,5,Healthy,6,Never,High,Medium,Low,No,Yes,No,Yes,Yes,Dry,Psoriasis
19,Male,11,Poor,4,Never,Medium,Low,High,No,No,No,Yes,No,Dry,Healthy
29,Other,9,Healthy,6,Occasionally,Low,High,Low,No,No,No,No,No,Oily,Acne
48,Other,8,Healthy,8,Regularly,Low,Medium,Medium,No,No,No,No,Yes,Normal,Healthy
57,Male,6,Healthy,5,Regularly,Medium,Medium,Medium,No,No,Yes,No,No,Normal,Eczema
28,Other,6,Healthy,9,Regularly,High,High,High,No,No,Yes,Yes,No,Dry,Healthy
60,Male,2,Average,9,Never,Medium,Low,High,Yes,No,Yes,No,No,Dry,Eczema
48,Other,2,Average,6,Never,High,Low,Medium,Yes,No,No,No,Yes,Dry,Psoriasis
50,Male,10,Poor,6,Never,Medium,High,Medium,No,No,No,No,Yes,Normal,Healthy
40,Male,2,Poor,6,Occasionally,High,Low,Medium,Yes,No,Yes,No,No,Dry,Acne
35,Other,6,Poor,7,Occasionally,Low,Low,Medium,No,No,Yes,No,No,Dry,Eczema
41,Other,3,Healthy,7,Never,Low,Low,High,Yes,No,Yes,Yes,No,Dry,Acne
24,Female,10,Healthy,6,Regularly,Medium,High,Medium,No,Yes,No,Yes,No,Normal,Psoriasis
58,Male,9,Poor,9,Never,Low,Low,Low,No,No,Yes,No,No,Dry,Eczema
22,Female,5,Healthy,6,Never,Medium,Low,Low,No,No,Yes,No,Yes,Normal,Eczema
31,Male,9,Average,9,Never,Medium,Low,High,Yes,No,No,No,No,Dry,Acne
28,Female,9,Average,4,Occasionally,Medium,Low,Medium,No,No,No,No,Yes,Normal,Rosacea
38,Other,7,Poor,8,Occasionally,Medium,Low,Low,No,No,No,No,No,Dry,Healthy
38,Male,10,Poor,9,Occasionally,Medium,Low,Low,No,No,Yes,No,No,Dry,Acne
33,Female,9,Healthy,9,Regularly,Medium,Low,Low,Yes,No,Yes,No,No,Normal,Acne
47,Male,4,Healthy,6,Never,Low,Low,Medium,Yes,Yes,No,Yes,Yes,Oily,Psoriasis
63,Other,11,Average,8,Never,Medium,Low,Low,No,No,No,No,No,Normal,Rosacea
42,Other,4,Poor,6,Never,High,High,Low,No,No,No,No,No,Dry,Healthy
21,Female,11,Average,8,Occasionally,Medium,Medium,Low,No,No,No,No,No,Normal,Rosacea
22,Male,9,Poor,7,Occasionally,Medium,High,Low,No,No,Yes,No,Yes,Dry,Eczema
64,Female,7,Poor,4,Regularly,Low,Low,Medium,No,No,No,Yes,No,Dry,Healthy
28,Male,10,Poor,4,Regularly,Low,High,High,Yes,No,No,Yes,No,Dry,Psoriasis
59,Male,2,Poor,7,Occasionally,Medium,Low,Medium,No,No,Yes,No,No,Dry,Eczema
63,Male,3,Poor,8,Occasionally,Low,High,Low,Yes,No,No,Yes,No,Dry,Psoriasis
53,Female,7,Poor,4,Regularly,Low,High,Medium,No,No,Yes,No,Yes,Dry,Eczema
64,Female,11,Poor,5,Never,Medium,High,Low,No,Yes,No,Yes,No,Dry,Psoriasis
30,Male,3,Healthy,6,Regularly,Medium,Medium,High,No,No,No,No,No,Dry,Healthy
51,Other,7,Average,8,Never,Low,High,Medium,Yes,No,No,No,Yes,Combination,Psoriasis
61,Male,7,Healthy,5,Occasionally,High,Medium,Medium,Yes,No,No,Yes,Yes,Dry,Psoriasis
28,Male,11,Healthy,5,Regularly,High,Medium,High,No,No,No,No,No,Combination,Healthy
38,Other,5,Poor,9,Occasionally,High,Low,Medium,Yes,No,No,No,No,Dry,Psoriasis
19,Male,3,Healthy,4,Occasionally,Low,Low,High,Yes,No,Yes,No,No,Normal,Acne
58,Male,10,Healthy,8,Occasionally,Low,High,Medium,No,No,Yes,Yes,No,Oily,Eczema
31,Male,11,Average,4,Never,Low,Medium,Low,No,No,Yes,No,No,Normal,Eczema
53,Female,3,Healthy,6,Regularly,Medium,Medium,Low,Yes,No,No,Yes,Yes,Dry,Psoriasis
50,Female,5,Poor,9,Never,High,Low,Low,No,No,No,Yes,No,Dry,Healthy
62,Male,2,Poor,9,Regularly,Low,Medium,Low,Yes,Yes,No,No,No,Dry,Psoriasis
21,Female,9,Average,7,Never,Low,High,Medium,No,No,No,No,No,Combination,Acne
45,Other,7,Average,7,Occasionally,Low,Medium,Low,Yes,No,No,No,No,Normal,Rosacea
57,Other,8,Average,5,Occasionally,Medium,Low,High,Yes,No,No,No,No,Normal,Psoriasis
46,Female,5,Poor,5,Never,High,High,High,No,No,Yes,No,No,Dry,Eczema
43,Male,2,Average,9,Occasionally,High,Low,Medium,Yes,Yes,Yes,No,No,Combination,Acne
23,Male,10,Poor,6,Occasionally,Low,Low,Medium,No,No,Yes,No,No,Dry,Eczema
44,Female,7,Poor,4,Occasionally,Low,Medium,Medium,No,No,No,No,Yes,Dry,Psoriasis
61,Male,11,Poor,5,Regularly,Low,High,Medium,Yes,No,Yes,Yes,No,Dry,Acne
42,Male,7,Healthy,4,Occasionally,Low,High,High,Yes,No,No,No,No,Normal,Psoriasis
53,Other,10,Poor,5,Never,Low,High,High,No,No,Yes,Yes,No,Oily,Rosacea
27,Other,11,Poor,6,Never,Low,High,High,Yes,No,No,Yes,No,Dry,Psoriasis
62,Female,5,Average,5,Regularly,Low,Medium,Medium,No,No,Yes,No,No,Normal,Eczema
35,Other,3,Average,5,Occasionally,Low,Medium,High,No,No,Yes,No,Yes,Dry,Eczema
37,Other,7,Average,9,Never,Medium,High,Medium,Yes,Yes,Yes,Yes,No,Combination,Acne
46,Other,4,Poor,6,Regularly,Medium,Medium,High,No,No,No,No,Yes,Combination,Healthy
36,Female,8,Healthy,5,Occasionally,Low,High,High,No,Yes,Yes,Yes,No,Normal,Rosacea
32,Other,7,Average,4,Occasionally,Medium,Low,Low,No,No,No,Yes,Yes,Normal,Healthy
25,Other,9,Healthy,5,Occasionally,Medium,High,Medium,Yes,Yes,No,No,No,Normal,Psoriasis
31,Other,10,Poor,7,Never,High,Medium,Low,Yes,No,Yes,No,No,Dry,Healthy
26,Other,5,Average,4,Occasionally,Medium,Low,Low,No,No,No,No,Yes,Normal,Healthy
57,Male,9,Poor,6,Occasionally,Medium,Low,Medium,No,No,No,No,No,Dry,Healthy
44,Other,10,Average,6,Regularly,High,High,Medium,No,Yes,No,No,Yes,Dry,Rosacea
32,Female,2,Average,6,Occasionally,Medium,High,High,No,Yes,Yes,Yes,Yes,Dry,Rosacea
53,Male,11,Average,5,Occasionally,Low,High,High,Yes,No,Yes,No,No,Combination,Acne
42,Male,3,Poor,4,Occasionally,Medium,High,Low,No,Yes,Yes,Yes,No,Dry,Rosacea
61,Other,5,Average,6,Occasionally,Low,Low,High,No,Yes,No,Yes,No,Normal,Psoriasis
45,Other,7,Poor,8,Occasionally,Medium,High,Medium,No,Yes,No,Yes,No,Combination,Psoriasis
64,Male,6,Poor,5,Occasionally,High,Low,High,Yes,No,No,No,No,Dry,Psoriasis
61,Male,10,Poor,5,Never,Medium,Low,High,No,No,No,No,No,Dry,Eczema
56,Female,11,Healthy,4,Occasionally,Medium,High,Medium,No,No,Yes,No,No,Normal,Eczema
24,Other,11,Average,4,Regularly,Medium,Low,Low,Yes,No,No,No,Yes,Normal,Psoriasis
33,Other,9,Average,6,Never,Low,High,Low,Yes,No,No,No,Yes,Combination,Psoriasis
27,Other,6,Average,4,Occasionally,Medium,High,Medium,No,No,No,No,No,Combination,Rosacea
33,Other,10,Healthy,9,Regularly,Low,Low,High,Yes,No,Yes,No,Yes,Oily,Acne
59,Male,8,Average,6,Occasionally,High,Medium,Medium,No,No,No,No,Yes,Dry,Healthy
31,Other,2,Healthy,8,Never,High,High,Low,No,No,No,No,Yes,Dry,Healthy
52,Other,2,Healthy,5,Regularly,Medium,Low,High,Yes,No,Yes,No,No,Dry,Acne
57,Male,8,Healthy,4,Regularly,High,High,Medium,Yes,Yes,No,No,No,Dry,Psoriasis
39,Male,11,Poor,5,Occasionally,Medium,Low,Low,No,Yes,No,Yes,No,Dry,Psoriasis
27,Female,6,Poor,6,Occasionally,Low,High,Medium,No,No,Yes,No,No,Dry,Eczema
34,Female,10,Average,9,Never,Medium,Medium,High,No,No,No,Yes,No,Normal,Healthy
19,Male,8,Poor,8,Regularly,Low,Low,Medium,No,No,No,Yes,Yes,Oily,Eczema
55,Other,2,Healthy,7,Occasionally,Low,Low,Medium,No,No,Yes,No,Yes,Dry,Psoriasis
53,Male,4,Average,9,Never,High,Low,High,Yes,Yes,No,No,No,Dry,Psoriasis
61,Other,4,Average,8,Occasionally,Low,Low,Low,No,No,No,Yes,Yes,Combination,Healthy
51,Male,2,Poor,6,Occasionally,High,High,High,No,No,No,No,No,Dry,Healthy
57,Male,9,Healthy,4,Never,Low,Low,Medium,No,No,No,No,No,Oily,Healthy
36,Male,9,Average,6,Occasionally,Medium,Low,Medium,No,No,No,No,Yes,Normal,Healthy
53,Female,5,Healthy,6,Never,Medium,Low,High,No,No,No,Yes,Yes,Normal,Healthy
48,Other,3,Average,8,Occasionally,Low,Low,High,No,No,Yes,No,No,Dry,Eczema
44,Female,7,Poor,6,Occasionally,High,High,Medium,No,No,Yes,No,No,Dry,Eczema
44,Male,7,Healthy,9,Occasionally,Medium,High,High,No,No,Yes,No,Yes,Normal,Eczema
48,Female,3,Poor,5,Never,Low,Low,Medium,No,No,Yes,Yes,Yes,Dry,Eczema
26,Female,3,Healthy,6,Occasionally,Low,Medium,Medium,No,No,No,Yes,Yes,Dry,Healthy
43,Other,11,Healthy,8,Occasionally,High,High,High,No,No,No,Yes,No,Dry,Healthy
62,Female,8,Healthy,8,Occasionally,Medium,High,Medium,No,No,Yes,No,No,Normal,Eczema
64,Other,4,Poor,4,Never,Medium,High,Low,Yes,No,No,No,Yes,Dry,Psoriasis
42,Male,4,Healthy,4,Never,Medium,High,High,No,No,No,No,No,Dry,Healthy
47,Female,8,Poor,4,Never,Medium,Medium,Low,Yes,No,Yes,No,No,Dry,Acne
26,Other,11,Average,4,Occasionally,Low,Low,High,No,Yes,Yes,Yes,No,Normal,Rosacea
25,Female,6,Average,8,Never,Low,Low,Medium,No,No,No,No,No,Dry,Healthy
52,Female,6,Average,4,Occasionally,Medium,Low,Medium,No,No,No,No,No,Normal,Healthy
50,Other,6,Healthy,8,Regularly,Medium,High,High,No,No,No,No,Yes,Normal,Healthy
32,Male,11,Healthy,8,Occasionally,High,Low,High,Yes,Yes,No,No,No,Dry,Psoriasis
43,Male,11,Average,5,Regularly,Medium,Low,Medium,No,No,No,Yes,Yes,Normal,Eczema
46,Female,9,Poor,6,Regularly,Low,High,Medium,Yes,Yes,Yes,No,Yes,Dry,Acne
49,Male,8,Average,7,Never,High,High,High,No,No,No,No,No,Dry,Healthy
27,Female,10,Healthy,4,Regularly,Medium,Medium,Medium,No,No,No,No,No,Normal,Psoriasis
64,Male,7,Healthy,7,Never,Low,Low,Low,No,No,Yes,No,No,Normal,Eczema
55,Female,9,Average,6,Never,High,Medium,Low,Yes,No,No,Yes,Yes,Dry,Psoriasis
34,Male,4,Poor,8,Occasionally,Medium,High,High,No,No,No,Yes,No,Dry,Healthy
24,Male,3,Healthy,6,Regularly,Medium,Medium,High,No,No,Yes,Yes,Yes,Dry,Eczema
19,Other,7,Poor,9,Never,Medium,High,High,No,No,No,No,No,Dry,Healthy
42,Other,10,Average,7,Never,High,High,Low,No,Yes,No,No,Yes,Dry,Psoriasis
50,Female,4,Healthy,7,Never,High,Medium,Medium,Yes,No,No,No,No,Dry,Psoriasis
24,Other,5,Poor,5,Never,High,Medium,Medium,No,No,No,Yes,No,Normal,Healthy
54,Male,3,Healthy,4,Never,Medium,High,Medium,Yes,No,No,No,No,Dry,Psoriasis
38,Male,6,Healthy,8,Never,Medium,Medium,Medium,No,No,No,No,Yes,Normal,Healthy
41,Female,10,Healthy,8,Never,Medium,Medium,Low,Yes,Yes,No,No,No,Normal,Acne
32,Other,6,Average,8,Never,Low,Low,High,No,No,Yes,Yes,No,Normal,Eczema
24,Female,9,Average,4,Occasionally,Medium,Low,High,Yes,No,No,No,Yes,Normal,Psoriasis
61,Female,3,Average,8,Never,Medium,Medium,Medium,No,No,Yes,Yes,Yes,Dry,Eczema
21,Male,9,Average,7,Never,Low,Medium,Low,No,No,No,Yes,Yes,Normal,Healthy
48,Other,4,Healthy,5,Never,High,High,Medium,No,No,Yes,Yes,No,Dry,Eczema
30,Other,3,Healthy,8,Never,High,Medium,High,No,No,No,No,No,Combination,Healthy
48,Female,7,Average,8,Regularly,Low,High,Medium,Yes,Yes,No,Yes,Yes,Combination,Psoriasis
38,Female,11,Average,4,Never,High,High,Medium,No,No,No,No,No,Dry,Healthy
33,Female,6,Average,5,Never,High,High,High,Yes,No,Yes,No,No,Dry,Rosacea
23,Male,9,Poor,7,Occasionally,High,Medium,Medium,No,No,No,Yes,No,Dry,Healthy
33,Other,6,Healthy,5,Occasionally,High,Medium,Low,No,No,Yes,No,No,Dry,Psoriasis
45,Male,2,Average,8,Occasionally,High,Medium,Medium,No,No,No,Yes,No,Dry,Eczema
37,Female,10,Poor,7,Regularly,Low,High,Low,No,No,No,No,No,Oily,Psoriasis
59,Female,6,Average,7,Regularly,Medium,High,Medium,No,No,No,No,No,Dry,Healthy
55,Female,10,Healthy,4,Occasionally,High,Medium,High,Yes,Yes,Yes,No,Yes,Dry,Acne
35,Other,4,Average,9,Never,Low,High,Low,Yes,No,No,Yes,Yes,Dry,Psoriasis
20,Other,10,Average,6,Occasionally,Medium,Medium,Medium,No,Yes,Yes,Yes,No,Dry,Rosacea
45,Female,3,Average,5,Never,High,High,High,No,No,No,No,Yes,Dry,Healthy
36,Female,9,Healthy,4,Occasionally,High,High,Low,No,No,Yes,No,Yes,Dry,Eczema
61,Male,10,Poor,7,Never,Medium,Low,Medium,Yes,No,No,No,Yes,Normal,Psoriasis
34,Male,6,Healthy,9,Occasionally,High,Medium,High,No,Yes,No,No,No,Dry,Psoriasis
27,Female,10,Average,8,Occasionally,Medium,Low,Medium,No,Yes,Yes,Yes,Yes,Normal,Rosacea
43,Other,4,Healthy,7,Never,Low,Low,Medium,Yes,No,No,No,No,Dry,Psoriasis
18,Male,2,Average,9,Never,High,Medium,Low,No,No,Yes,Yes,No,Dry,Rosacea
22,Other,8,Average,8,Occasionally,Medium,High,Medium,No,No,No,No,Yes,Combination,Healthy
51,Other,5,Average,7,Regularly,Low,High,Low,No,No,No,Yes,No,Combination,Healthy
28,Other,2,Poor,4,Occasionally,Medium,Low,Medium,No,No,No,Yes,No,Dry,Healthy
19,Other,2,Healthy,5,Regularly,Medium,Low,Low,Yes,No,No,Yes,No,Dry,Psoriasis
39,Male,11,Average,8,Occasionally,High,Medium,Medium,No,Yes,Yes,No,Yes,Dry,Rosacea
22,Other,3,Poor,5,Occasionally,Low,Medium,Low,Yes,Yes,Yes,Yes,Yes,Dry,Acne
29,Other,2,Poor,9,Occasionally,Low,High,Medium,No,No,No,No,Yes,Normal,Healthy
59,Male,7,Healthy,5,Occasionally,Medium,High,High,Yes,No,No,No,No,Combination,Psoriasis
49,Female,10,Poor,9,Occasionally,Low,High,Medium,Yes,No,No,No,No,Dry,Psoriasis
27,Other,7,Poor,5,Never,Low,High,Medium,Yes,No,Yes,No,No,Dry,Acne
59,Male,11,Healthy,6,Occasionally,Medium,Medium,High,Yes,No,Yes,Yes,No,Dry,Acne
36,Female,3,Healthy,7,Regularly,Low,Low,Low,No,No,No,No,No,Dry,Healthy
43,Male,6,Healthy,9,Never,Medium,Low,High,No,No,Yes,No,No,Dry,Eczema
33,Other,8,Average,8,Occasionally,Medium,Low,Low,No,No,No,No,No,Dry,Healthy
33,Male,8,Poor,4,Occasionally,Medium,Medium,High,Yes,No,No,No,No,Dry,Rosacea
58,Other,10,Healthy,5,Occasionally,Medium,Low,Low,Yes,No,Yes,No,No,Combination,Acne
62,Other,7,Average,6,Occasionally,Medium,High,Low,Yes,No,Yes,No,No,Combination,Acne
37,Male,3,Healthy,5,Occasionally,Low,Medium,High,Yes,No,No,Yes,Yes,Oily,Psoriasis
61,Male,8,Poor,7,Occasionally,Low,Low,Low,No,No,No,No,Yes,Combination,Eczema
37,Other,8,Poor,6,Regularly,Medium,High,High,No,No,No,No,Yes,Dry,Healthy
57,Male,2,Average,7,Never,Medium,High,Medium,No,No,No,No,No,Normal,Healthy
46,Other,11,Healthy,9,Never,Medium,Low,Medium,Yes,Yes,No,No,No,Normal,Psoriasis
50,Male,3,Poor,6,Never,Low,Low,Low,Yes,No,No,No,No,Dry,Psoriasis
18,Female,11,Average,4,Never,Low,Low,Low,No,No,No,No,No,Normal,Healthy
19,Female,5,Average,5,Never,Medium,Low,High,No,Yes,No,No,No,Normal,Psoriasis
29,Female,11,Average,5,Never,Low,High,High,No,No,Yes,Yes,No,Combination,Eczema
34,Male,3,Average,9,Occasionally,Medium,Medium,High,No,No,Yes,Yes,Yes,Dry,Eczema
30,Female,6,Poor,5,Regularly,Medium,Low,Medium,No,No,Yes,No,Yes,Dry,Eczema
56,Male,3,Healthy,9,Occasionally,Medium,Low,Low,No,No,No,No,No,Dry,Healthy
49,Other,3,Average,9,Regularly,Low,Low,Low,No,No,Yes,No,No,Dry,Healthy
46,Female,4,Poor,4,Occasionally,Medium,Medium,Medium,No,No,No,No,No,Dry,Healthy
64,Male,6,Poor,4,Never,Low,Low,Low,Yes,No,Yes,Yes,No,Dry,Acne
63,Male,2,Healthy,9,Occasionally,Medium,High,Medium,No,No,No,No,No,Normal,Eczema
49,Female,10,Average,7,Regularly,High,Low,Medium,Yes,No,Yes,Yes,No,Dry,Acne
30,Other,7,Healthy,8,Occasionally,Low,Medium,Medium,No,No,No,No,No,Normal,Rosacea
64,Female,6,Average,9,Occasionally,Medium,Low,Medium,Yes,Yes,No,No,No,Normal,Psoriasis
28,Male,2,Healthy,7,Regularly,High,Medium,Low,No,No,No,No,No,Dry,Healthy
60,Female,11,Poor,4,Occasionally,Low,Low,High,Yes,No,No,No,No,Oily,Psoriasis
20,Male,9,Healthy,5,Never,Low,Medium,High,Yes,No,No,Yes,No,Oily,Eczema
64,Other,7,Healthy,9,Never,Medium,Medium,Low,Yes,No,No,Yes,No,Normal,Healthy
53,Other,2,Healthy,9,Never,Medium,Low,Medium,Yes,No,No,Yes,Yes,Dry,Psoriasis
64,Female,3,Average,6,Occasionally,Low,Low,Low,No,No,No,No,No,Dry,Healthy
44,Female,10,Poor,5,Never,Low,Medium,High,No,No,No,No,No,Dry,Healthy
33,Other,10,Poor,8,Never,Low,Low,Low,No,No,No,Yes,Yes,Dry,Eczema
26,Female,9,Healthy,7,Occasionally,Low,Low,Low,Yes,No,Yes,Yes,Yes,Oily,Eczema
53,Female,5,Poor,6,Regularly,Medium,High,High,No,No,Yes,No,No,Dry,Eczema
32,Male,3,Average,7,Occasionally,Medium,High,Low,No,Yes,Yes,No,No,Dry,Rosacea
59,Male,7,Average,8,Occasionally,High,High,Low,No,No,No,No,No,Dry,Healthy
36,Female,6,Average,4,Never,Low,Low,Medium,No,Yes,No,Yes,No,Normal,Psoriasis
45,Female,2,Average,9,Regularly,Low,High,Medium,No,No,No,Yes,No,Dry,Eczema
37,Female,8,Average,5,Never,High,Medium,Low,Yes,No,No,Yes,Yes,Oily,Psoriasis
21,Female,4,Average,4,Never,Medium,Low,High,No,Yes,No,Yes,Yes,Oily,Psoriasis
23,Male,10,Healthy,5,Regularly,High,High,Low,No,No,Yes,No,No,Dry,Eczema
42,Male,6,Poor,9,Occasionally,Low,High,High,Yes,No,No,Yes,No,Dry,Psoriasis
56,Male,10,Average,4,Never,High,Low,Low,No,No,No,No,No,Dry,Healthy
36,Other,9,Average,6,Occasionally,High,Medium,High,No,No,No,Yes,Yes,Dry,Eczema
39,Female,8,Average,5,Never,Medium,Low,Low,Yes,No,Yes,No,Yes,Normal,Acne
20,Female,4,Average,5,Occasionally,Medium,Low,High,No,No,Yes,Yes,No,Combination,Psoriasis
47,Male,2,Poor,6,Never,High,Low,Medium,No,Yes,Yes,No,No,Dry,Rosacea
59,Other,2,Average,8,Occasionally,Medium,Low,Low,No,No,No,No,No,Dry,Psoriasis
63,Male,4,Poor,8,Occasionally,Low,High,Medium,No,No,No,No,No,Dry,Healthy
60,Female,10,Poor,6,Never,High,Low,Medium,Yes,No,Yes,No,Yes,Oily,Acne
31,Male,11,Healthy,7,Regularly,Medium,High,Medium,No,Yes,No,Yes,Yes,Oily,Psoriasis
59,Female,3,Healthy,4,Regularly,High,High,High,Yes,No,No,Yes,Yes,Dry,Psoriasis
45,Female,7,Average,4,Never,Medium,Low,Low,Yes,No,No,No,No,Normal,Psoriasis
46,Other,9,Average,7,Never,High,Low,High,No,No,No,No,No,Dry,Healthy
59,Female,4,Healthy,5,Regularly,High,High,Medium,No,No,No,No,Yes,Dry,Healthy
50,Other,11,Poor,6,Never,Medium,High,Medium,No,No,No,No,No,Dry,Healthy
28,Other,2,Average,6,Occasionally,Low,Low,Medium,Yes,Yes,No,Yes,Yes,Dry,Psoriasis
43,Other,8,Healthy,7,Never,Medium,Medium,Low,No,No,No,No,Yes,Normal,Eczema
40,Female,10,Poor,4,Never,Low,Medium,High,Yes,No,No,No,Yes,Dry,Psoriasis
32,Female,8,Healthy,8,Regularly,High,Low,Low,No,No,No,No,No,Dry,Healthy
59,Other,11,Average,4,Occasionally,Low,Low,Low,No,No,No,No,Yes,Normal,Healthy
59,Female,11,Average,7,Occasionally,Medium,High,Low,No,No,Yes,No,No,Combination,Eczema
32,Male,4,Healthy,8,Occasionally,Medium,Medium,Medium,Yes,No,No,No,Yes,Dry,Psoriasis
51,Female,11,Average,9,Regularly,Low,High,High,No,No,No,No,Yes,Combination,Healthy
60,Other,5,Poor,8,Never,Medium,High,Medium,No,No,No,Yes,No,Dry,Healthy
54,Male,4,Healthy,9,Occasionally,Low,Low,Medium,No,Yes,No,No,Yes,Dry,Psoriasis
18,Female,11,Healthy,5,Occasionally,High,High,High,No,No,Yes,Yes,No,Dry,Eczema
59,Female,4,Poor,9,Never,High,Medium,Low,No,No,Yes,Yes,Yes,Dry,Eczema
49,Other,2,Average,5,Never,Low,Low,High,No,No,Yes,No,No,Normal,Eczema
52,Female,6,Poor,8,Occasionally,Low,High,Low,Yes,Yes,Yes,No,No,Dry,Acne
39,Female,2,Poor,8,Regularly,Medium,Medium,Low,No,No,No,No,No,Dry,Healthy
61,Female,3,Average,6,Regularly,High,High,High,No,No,No,No,No,Combination,Eczema
52,Other,6,Average,9,Occasionally,High,High,Low,No,No,No,Yes,Yes,Dry,Healthy
28,Female,2,Poor,7,Never,High,Low,Medium,Yes,No,Yes,No,Yes,Combination,Acne
25,Other,10,Poor,9,Regularly,Medium,High,Medium,Yes,No,Yes,No,Yes,Dry,Acne
42,Other,8,Average,6,Occasionally,High,Low,Medium,No,No,No,No,Yes,Dry,Healthy
48,Male,10,Healthy,7,Occasionally,Low,Medium,Low,No,No,No,No,No,Oily,Healthy
33,Female,3,Average,6,Never,Medium,High,Low,No,No,No,No,Yes,Dry,Healthy
63,Male,7,Poor,6,Never,Medium,High,Medium,No,No,No,No,No,Combination,Healthy
19,Female,11,Healthy,7,Never,Medium,Medium,Medium,No,No,Yes,No,No,Normal,Psoriasis
22,Male,6,Healthy,4,Occasionally,Medium,Low,High,No,No,Yes,No,No,Normal,Eczema
35,Female,8,Poor,5,Occasionally,Low,High,Low,Yes,No,No,No,Yes,Dry,Psoriasis
31,Male,7,Average,6,Occasionally,Medium,High,Medium,No,No,Yes,No,No,Combination,Eczema
59,Male,9,Poor,8,Regularly,Low,High,High,No,Yes,No,Yes,No,Dry,Psoriasis
42,Other,3,Average,7,Regularly,Low,Low,Low,Yes,No,Yes,No,Yes,Dry,Eczema
59,Male,2,Poor,7,Regularly,Low,High,High,Yes,No,No,No,No,Dry,Psoriasis
27,Male,2,Healthy,4,Never,High,High,Medium,No,No,No,No,Yes,Dry,Healthy
62,Female,10,Healthy,5,Occasionally,Medium,High,High,Yes,No,No,No,No,Normal,Healthy
48,Male,9,Poor,7,Never,Medium,Medium,Low,Yes,No,No,Yes,No,Dry,Psoriasis
50,Female,7,Average,9,Never,Medium,High,Low,No,No,No,Yes,Yes,Combination,Healthy
24,Male,4,Healthy,7,Occasionally,Low,Low,High,No,No,No,No,No,Dry,Healthy
38,Female,3,Healthy,5,Never,Low,Low,High,No,No,No,No,Yes,Dry,Healthy
61,Other,10,Average,9,Occasionally,Low,Low,Medium,Yes,No,No,Yes,No,Normal,Psoriasis
27,Other,3,Healthy,5,Occasionally,High,Low,Low,No,No,No,Yes,No,Dry,Healthy
43,Male,6,Healthy,5,Never,Low,Low,High,Yes,Yes,Yes,Yes,Yes,Normal,Eczema
40,Male,7,Healthy,5,Occasionally,High,High,Medium,No,No,No,Yes,No,Dry,Healthy
39,Male,4,Average,8,Regularly,Medium,High,High,No,No,No,Yes,No,Dry,Psoriasis
30,Other,4,Poor,5,Regularly,Low,Medium,High,No,No,No,No,Yes,Dry,Healthy
28,Female,2,Average,7,Regularly,Low,High,Low,Yes,No,No,No,No,Dry,Psoriasis
53,Male,10,Average,4,Regularly,Medium,High,Medium,No,No,No,Yes,No,Combination,Healthy
55,Other,9,Average,8,Never,Medium,Medium,Low,No,No,No,Yes,Yes,Normal,Healthy
48,Other,4,Healthy,8,Never,High,High,Medium,No,No,No,Yes,Yes,Dry,Healthy
47,Male,8,Average,5,Occasionally,Low,High,Low,No,No,Yes,No,Yes,Normal,Eczema
47,Female,7,Healthy,7,Never,Low,Low,High,No,No,No,No,No,Normal,Healthy
58,Male,8,Poor,5,Regularly,High,High,Low,Yes,No,No,Yes,No,Dry,Psoriasis
26,Other,8,Healthy,9,Never,Medium,High,Low,Yes,Yes,No,Yes,No,Normal,Psoriasis
54,Female,10,Poor,5,Occasionally,High,High,Medium,No,No,No,Yes,Yes,Oily,Eczema
59,Male,6,Poor,4,Occasionally,Medium,High,Medium,No,No,No,Yes,Yes,Dry,Healthy
46,Other,2,Healthy,9,Never,Low,High,Medium,No,No,No,No,No,Dry,Healthy
43,Male,3,Healthy,8,Occasionally,Medium,Low,High,Yes,No,No,Yes,No,Combination,Psoriasis
36,Male,5,Average,5,Never,High,Medium,Medium,Yes,No,No,Yes,No,Dry,Psoriasis
26,Male,2,Healthy,5,Never,Low,High,High,Yes,No,No,Yes,Yes,Dry,Psoriasis
43,Female,8,Healthy,4,Never,Medium,High,Low,No,No,Yes,No,No,Normal,Eczema
38,Female,9,Poor,9,Never,High,Low,Medium,Yes,Yes,No,No,No,Dry,Psoriasis
22,Female,7,Healthy,4,Occasionally,High,Medium,Medium,No,No,Yes,No,No,Dry,Eczema
31,Female,7,Poor,5,Never,Medium,High,Medium,No,No,No,Yes,No,Dry,Healthy
49,Male,2,Healthy,7,Occasionally,Low,Low,Low,No,No,No,No,Yes,Dry,Eczema
45,Female,4,Healthy,9,Never,Medium,High,Medium,Yes,No,No,No,No,Dry,Psoriasis
33,Male,5,Average,9,Occasionally,Medium,Medium,Low,Yes,No,No,No,Yes,Normal,Healthy
37,Other,2,Poor,7,Occasionally,Medium,Medium,Low,No,No,No,No,Yes,Dry,Healthy
54,Female,6,Poor,8,Never,High,Low,Medium,No,No,No,Yes,Yes,Dry,Healthy
40,Female,9,Healthy,9,Regularly,High,Low,Low,No,No,No,No,No,Dry,Healthy
36,Other,11,Average,4,Never,Low,High,Medium,Yes,Yes,No,No,No,Combination,Psoriasis
62,Male,6,Average,9,Occasionally,Medium,Low,Medium,No,No,No,Yes,No,Normal,Eczema
61,Other,2,Poor,4,Occasionally,High,High,High,Yes,Yes,No,No,No,Dry,Psoriasis
34,Other,7,Poor,8,Occasionally,Low,Medium,High,No,No,No,No,No,Dry,Psoriasis
22,Female,7,Healthy,8,Regularly,Medium,Low,High,No,No,Yes,Yes,No,Normal,Eczema
51,Other,5,Average,5,Never,High,Medium,Medium,No,Yes,Yes,Yes,Yes,Dry,Rosacea
64,Other,8,Poor,9,Regularly,High,High,Low,No,Yes,No,No,Yes,Dry,Psoriasis
31,Other,10,Average,5,Never,Medium,Medium,Low,No,Yes,No,Yes,No,Normal,Psoriasis
50,Male,10,Average,4,Regularly,Low,Medium,High,No,No,No,No,Yes,Normal,Psoriasis
58,Other,3,Poor,9,Regularly,Medium,Low,Low,Yes,No,Yes,No,No,Dry,Eczema
48,Other,8,Average,9,Never,Medium,High,Low,Yes,No,Yes,No,No,Combination,Acne
18,Other,7,Average,9,Never,High,Low,High,No,No,No,Yes,Yes,Dry,Healthy
57,Female,9,Poor,5,Regularly,Medium,Medium,Medium,No,No,Yes,No,Yes,Normal,Eczema
56,Other,6,Average,5,Never,Medium,Low,High,Yes,Yes,No,Yes,No,Normal,Psoriasis
27,Female,11,Average,7,Never,Low,Medium,Medium,Yes,No,No,Yes,Yes,Normal,Psoriasis
31,Other,4,Healthy,8,Regularly,High,Low,Low,Yes,No,No,No,No,Dry,Psoriasis
33,Other,6,Healthy,5,Occasionally,Medium,Low,Medium,No,No,No,No,Yes,Combination,Acne
43,Male,2,Poor,9,Never,Medium,Low,Medium,Yes,No,No,No,Yes,Dry,Psoriasis
38,Female,7,Poor,5,Never,High,Medium,Low,No,No,No,No,No,Dry,Rosacea
52,Other,3,Poor,6,Regularly,Low,Low,Medium,Yes,No,Yes,Yes,No,Dry,Acne
36,Female,10,Poor,5,Never,High,Low,Low,No,Yes,No,Yes,No,Dry,Psoriasis
61,Female,9,Poor,5,Never,Medium,Medium,Medium,No,No,No,Yes,No,Dry,Eczema
20,Male,6,Poor,9,Never,Medium,Low,Medium,No,No,No,No,No,Dry,Healthy
22,Other,9,Average,6,Occasionally,Low,High,High,No,No,No,Yes,No,Combination,Healthy
21,Male,3,Average,4,Regularly,Low,Low,Medium,Yes,No,No,No,No,Dry,Psoriasis
54,Male,9,Healthy,7,Never,Medium,Low,High,No,Yes,No,No,No,Combination,Acne
37,Male,10,Average,4,Never,High,Low,Low,Yes,Yes,No,Yes,No,Dry,Psoriasis
58,Female,3,Healthy,7,Occasionally,High,Medium,Medium,No,No,No,Yes,No,Dry,Healthy
56,Other,9,Average,5,Occasionally,Low,High,High,No,Yes,No,No,No,Combination,Psoriasis
32,Male,3,Average,6,Never,Low,Low,High,No,No,Yes,No,No,Dry,Eczema
19,Female,7,Poor,4,Never,Low,Medium,High,No,No,No,No,No,Normal,Healthy
41,Female,5,Healthy,8,Regularly,High,High,Low,Yes,No,No,Yes,No,Dry,Psoriasis
54,Female,3,Poor,4,Occasionally,Low,High,Low,No,No,No,No,No,Dry,Healthy
42,Female,8,Average,4,Never,Low,Low,High,No,No,No,No,Yes,Combination,Eczema
57,Other,8,Healthy,4,Never,Medium,High,Medium,No,No,No,No,Yes,Normal,Rosacea
32,Female,10,Poor,5,Occasionally,High,High,Medium,No,No,Yes,No,No,Dry,Eczema
48,Female,3,Average,6,Occasionally,Low,High,High,Yes,No,No,No,No,Dry,Rosacea
37,Male,11,Poor,9,Occasionally,Medium,High,Medium,No,No,No,No,Yes,Dry,Rosacea
61,Female,2,Healthy,8,Never,Low,Medium,High,No,Yes,No,No,No,Dry,Psoriasis
58,Female,2,Poor,6,Never,High,High,Low,No,No,Yes,No,No,Combination,Eczema
21,Female,10,Average,5,Occasionally,Low,Low,Low,Yes,Yes,No,Yes,Yes,Normal,Psoriasis
62,Other,2,Poor,6,Occasionally,Low,Medium,High,No,No,No,No,Yes,Dry,Healthy
50,Male,4,Average,9,Never,Low,Low,Medium,No,No,Yes,No,No,Dry,Eczema
22,Other,4,Poor,7,Occasionally,Medium,Low,Low,No,No,Yes,Yes,Yes,Dry,Eczema
18,Female,9,Healthy,4,Never,High,Medium,High,No,No,No,Yes,No,Dry,Acne
59,Other,6,Average,7,Occasionally,Low,Low,Medium,Yes,No,No,Yes,No,Normal,Psoriasis
47,Other,5,Healthy,5,Regularly,High,Low,Medium,No,No,No,No,No,Dry,Acne
39,Male,3,Healthy,9,Never,Low,Medium,High,No,Yes,No,No,No,Dry,Psoriasis
48,Female,5,Poor,8,Occasionally,Medium,Low,Medium,Yes,No,No,Yes,No,Oily,Psoriasis
27,Female,5,Healthy,8,Never,High,Medium,Low,No,No,No,No,No,Dry,Healthy
28,Female,9,Healthy,4,Never,Low,High,Low,No,Yes,No,No,No,Oily,Psoriasis
21,Male,6,Average,7,Occasionally,High,High,Low,Yes,No,No,No,No,Dry,Psoriasis
57,Female,6,Poor,6,Occasionally,Low,Low,Medium,No,No,No,No,Yes,Dry,Healthy
48,Female,2,Poor,9,Never,Medium,Low,Medium,No,No,Yes,Yes,No,Dry,Rosacea
28,Male,4,Poor,8,Occasionally,Medium,High,High,Yes,No,No,Yes,No,Dry,Psoriasis
62,Other,4,Healthy,5,Never,Low,High,Medium,No,No,No,Yes,No,Dry,Healthy
33,Male,8,Average,8,Never,Medium,Low,Medium,No,No,Yes,No,Yes,Normal,Eczema
24,Female,9,Healthy,5,Occasionally,Medium,Medium,Medium,No,No,Yes,No,No,Normal,Eczema
38,Female,3,Healthy,4,Occasionally,Low,Medium,Medium,No,Yes,No,Yes,Yes,Dry,Psoriasis
28,Other,2,Average,8,Never,Medium,Medium,Medium,No,No,No,No,No,Dry,Healthy
37,Other,8,Healthy,5,Occasionally,Medium,High,High,No,No,Yes,No,No,Normal,Acne
55,Other,10,Healthy,8,Occasionally,High,High,High,No,No,No,No,No,Dry,Eczema
27,Other,2,Healthy,4,Never,High,Medium,High,No,No,No,No,No,Dry,Acne
36,Male,4,Poor,9,Regularly,Medium,High,Medium,No,No,No,No,No,Dry,Healthy
52,Female,3,Healthy,6,Never,Low,Low,Medium,Yes,No,No,No,No,Dry,Psoriasis
54,Male,6,Healthy,4,Occasionally,Medium,Medium,Low,No,No,No,No,Yes,Combination,Acne
32,Female,6,Poor,7,Never,High,Low,Medium,No,No,Yes,Yes,Yes,Dry,Eczema
44,Female,2,Healthy,8,Occasionally,Low,Low,Low,No,No,Yes,No,No,Dry,Acne
39,Other,10,Healthy,4,Occasionally,Low,Low,High,No,Yes,No,Yes,Yes,Oily,Psoriasis
61,Male,7,Healthy,6,Occasionally,High,Low,Low,No,No,No,No,No,Normal,Healthy
45,Other,6,Average,5,Occasionally,Medium,Medium,Medium,No,No,Yes,Yes,No,Dry,Eczema
52,Male,4,Healthy,9,Occasionally,Low,Medium,Low,No,No,No,No,No,Dry,Healthy
47,Female,6,Average,7,Occasionally,High,Medium,Medium,No,Yes,No,No,Yes,Dry,Psoriasis
47,Other,3,Healthy,6,Occasionally,Medium,Low,Medium,No,Yes,No,No,No,Normal,Psoriasis
56,Other,2,Healthy,4,Never,High,Low,Medium,No,No,No,Yes,No,Dry,Healthy
37,Male,7,Average,6,Never,High,High,High,Yes,No,No,No,No,Dry,Psoriasis
25,Female,10,Healthy,9,Never,Medium,Low,Low,No,No,No,Yes,Yes,Normal,Healthy
47,Male,11,Healthy,7,Occasionally,Medium,Medium,Medium,No,No,No,No,Yes,Normal,Healthy
64,Other,11,Poor,8,Occasionally,High,Medium,Medium,Yes,No,No,No,No,Dry,Psoriasis
23,Male,8,Average,7,Never,Low,High,Medium,No,Yes,No,Yes,No,Combination,Rosacea
42,Male,9,Poor,7,Occasionally,Low,High,Medium,No,No,No,No,No,Dry,Healthy
45,Male,2,Poor,5,Regularly,Medium,Medium,High,Yes,No,No,Yes,No,Oily,Psoriasis
52,Other,7,Healthy,7,Never,Medium,Medium,Medium,Yes,No,No,No,No,Normal,Psoriasis
19,Female,4,Poor,5,Never,Low,Medium,High,No,No,No,Yes,No,Dry,Healthy
62,Female,10,Healthy,5,Occasionally,Low,Low,Low,No,No,No,No,No,Normal,Healthy
57,Other,6,Poor,8,Regularly,Medium,High,Low,No,Yes,Yes,Yes,No,Normal,Psoriasis
55,Other,11,Healthy,9,Occasionally,Medium,Medium,Medium,No,Yes,No,Yes,No,Normal,Psoriasis
19,Male,2,Healthy,5,Occasionally,Low,Low,Medium,No,Yes,No,No,Yes,Dry,Rosacea
32,Female,11,Average,4,Occasionally,Medium,High,High,No,No,No,Yes,No,Dry,Healthy
61,Male,11,Poor,8,Never,High,Low,Low,Yes,No,Yes,No,No,Dry,Acne
19,Other,3,Poor,4,Never,High,Low,Medium,No,No,No,Yes,No,Dry,Healthy
27,Female,4,Healthy,6,Never,Medium,High,Low,No,Yes,No,No,No,Combination,Psoriasis
51,Other,2,Poor,5,Occasionally,High,Medium,Medium,No,No,No,No,No,Dry,Healthy
36,Female,5,Average,4,Occasionally,High,Low,High,Yes,Yes,No,No,Yes,Dry,Psoriasis
62,Male,11,Healthy,7,Occasionally,Low,High,High,No,No,No,Yes,No,Oily,Healthy
42,Female,9,Average,5,Never,High,Low,Medium,Yes,No,Yes,Yes,No,Normal,Acne
31,Other,4,Average,6,Regularly,High,Medium,High,No,No,No,No,No,Dry,Healthy
50,Other,4,Average,7,Regularly,High,Low,High,No,No,Yes,No,No,Dry,Eczema
26,Male,9,Average,9,Never,Medium,Low,Low,No,Yes,No,No,No,Normal,Psoriasis
64,Male,10,Average,8,Never,Low,Medium,Low,Yes,No,Yes,Yes,No,Normal,Acne
44,Female,4,Poor,6,Occasionally,Low,Low,Low,No,No,No,Yes,No,Dry,Healthy
64,Male,7,Average,4,Occasionally,Medium,Medium,Medium,No,No,No,No,No,Normal,Healthy
64,Female,2,Average,9,Occasionally,High,High,High,Yes,No,Yes,No,No,Normal,Healthy
43,Male,2,Poor,8,Occasionally,Medium,Medium,Medium,No,No,No,No,No,Dry,Healthy
22,Female,3,Average,6,Occasionally,High,Low,Medium,No,No,Yes,Yes,Yes,Dry,Eczema
38,Male,3,Average,5,Never,Low,Medium,Medium,No,No,No,Yes,Yes,Dry,Healthy
58,Female,11,Average,7,Regularly,High,Medium,High,No,No,No,Yes,Yes,Dry,Healthy
56,Female,7,Average,9,Regularly,Medium,High,Low,No,No,No,No,Yes,Combination,Healthy
61,Female,5,Average,8,Never,Medium,Medium,High,No,No,No,Yes,No,Normal,Acne
22,Female,4,Average,5,Regularly,Low,High,Medium,No,No,Yes,No,Yes,Dry,Eczema
60,Other,2,Average,7,Regularly,Low,Low,Medium,No,No,No,Yes,No,Dry,Healthy
58,Other,9,Average,4,Never,Medium,Medium,Medium,No,No,Yes,No,No,Normal,Eczema
50,Male,2,Poor,8,Occasionally,Low,Medium,Medium,Yes,Yes,No,Yes,No,Dry,Psoriasis
39,Female,10,Healthy,9,Never,Medium,Medium,Medium,No,No,No,Yes,No,Oily,Healthy
31,Other,10,Poor,5,Occasionally,Medium,Low,High,No,No,No,No,No,Dry,Healthy
54,Female,9,Poor,4,Occasionally,High,Medium,Medium,No,No,No,Yes,Yes,Dry,Healthy
37,Female,6,Poor,4,Occasionally,Medium,Low,Low,Yes,No,Yes,Yes,Yes,Dry,Acne
52,Other,6,Average,5,Never,High,Low,Low,Yes,No,No,No,No,Dry,Psoriasis
19,Male,3,Average,9,Never,Low,Low,Medium,No,No,No,No,No,Dry,Healthy
41,Male,10,Average,7,Never,Low,High,Low,Yes,No,Yes,Yes,No,Combination,Acne
60,Male,11,Healthy,4,Never,Low,Medium,Medium,Yes,No,No,No,No,Oily,Psoriasis
22,Other,8,Poor,9,Never,Low,Medium,Medium,No,No,No,Yes,No,Combination,Healthy
50,Female,6,Healthy,8,Never,Medium,Low,Low,No,No,No,No,No,Normal,Healthy
28,Male,2,Average,7,Never,Medium,Medium,Medium,No,No,No,No,No,Dry,Healthy
58,Male,6,Average,4,Occasionally,Medium,Low,High,Yes,No,No,No,No,Normal,Psoriasis
54,Other,8,Poor,5,Never,Medium,Low,High,No,No,No,Yes,No,Dry,Psoriasis
26,Female,11,Average,4,Regularly,High,Low,Medium,No,No,No,Yes,Yes,Dry,Healthy
29,Female,9,Healthy,7,Occasionally,Medium,Low,Medium,No,No,No,Yes,No,Normal,Psoriasis
53,Male,6,Poor,6,Never,Medium,Medium,Medium,Yes,No,Yes,No,No,Dry,Acne
61,Male,6,Poor,7,Never,High,Low,Medium,No,No,No,Yes,No,Dry,Healthy
45,Other,2,Healthy,7,Regularly,Low,Medium,Medium,No,Yes,No,No,Yes,Dry,Psoriasis
39,Male,6,Healthy,7,Occasionally,Medium,Medium,High,No,No,No,No,Yes,Oily,Healthy
51,Other,2,Healthy,6,Regularly,Medium,Low,High,No,No,No,No,No,Dry,Eczema
42,Female,10,Average,5,Occasionally,High,Low,Low,Yes,No,No,No,Yes,Dry,Rosacea
49,Male,2,Healthy,7,Never,Low,Medium,High,No,No,No,No,Yes,Dry,Healthy
49,Other,4,Average,9,Never,Low,Low,Low,Yes,No,No,Yes,No,Normal,Psoriasis
59,Female,11,Poor,7,Occasionally,High,High,High,No,No,No,No,Yes,Dry,Eczema
32,Male,9,Average,9,Regularly,High,Medium,Low,No,Yes,Yes,No,No,Dry,Rosacea
36,Male,7,Healthy,8,Regularly,Medium,High,High,No,No,Yes,Yes,No,Normal,Eczema
56,Female,9,Healthy,8,Occasionally,Medium,High,Medium,Yes,No,No,No,Yes,Normal,Psoriasis
24,Female,8,Average,7,Occasionally,Low,Medium,Medium,No,No,No,No,Yes,Normal,Healthy
18,Male,10,Healthy,8,Never,Medium,Low,Medium,No,No,No,No,Yes,Normal,Psoriasis
33,Male,7,Average,5,Never,Low,High,Low,No,No,No,No,Yes,Combination,Healthy
28,Female,4,Healthy,4,Never,Low,Medium,Low,No,No,Yes,No,Yes,Dry,Eczema
57,Female,5,Healthy,6,Occasionally,Low,Low,Medium,No,No,No,Yes,No,Normal,Healthy
37,Male,2,Average,7,Never,High,High,Medium,Yes,No,Yes,No,Yes,Dry,Acne
23,Female,11,Average,9,Never,High,Medium,Low,No,Yes,Yes,No,No,Dry,Rosacea
20,Other,2,Poor,6,Occasionally,Low,High,Low,No,No,No,No,No,Dry,Healthy
51,Female,8,Healthy,5,Never,Low,Medium,Medium,Yes,No,No,No,Yes,Normal,Healthy
38,Other,11,Poor,7,Occasionally,Low,Low,High,No,No,No,Yes,No,Dry,Healthy
20,Male,4,Average,6,Regularly,High,Low,Low,No,No,No,No,No,Dry,Eczema
62,Other,10,Average,8,Regularly,Low,High,High,No,No,No,No,No,Combination,Healthy
30,Female,3,Healthy,5,Occasionally,Medium,High,Medium,Yes,No,No,No,No,Dry,Psoriasis
44,Other,6,Poor,4,Occasionally,Low,Medium,Medium,Yes,No,No,No,No,Dry,Healthy
30,Other,11,Poor,8,Never,High,Medium,Medium,No,Yes,No,Yes,No,Dry,Psoriasis
48,Female,10,Healthy,9,Occasionally,Medium,High,High,No,No,No,No,No,Normal,Healthy
43,Female,6,Poor,5,Occasionally,Medium,Low,High,Yes,No,Yes,No,No,Dry,Acne
28,Female,5,Poor,8,Occasionally,Low,Low,Low,No,No,No,No,No,Dry,Healthy
42,Female,2,Poor,4,Occasionally,Low,Medium,Medium,No,No,No,Yes,Yes,Dry,Rosacea
34,Female,9,Average,6,Regularly,Medium,Medium,High,Yes,No,No,Yes,No,Normal,Psoriasis
63,Female,7,Average,8,Regularly,High,High,Medium,Yes,No,Yes,Yes,No,Oily,Acne
21,Other,5,Healthy,7,Never,Medium,Medium,Low,Yes,Yes,Yes,Yes,No,Normal,Eczema
55,Female,11,Healthy,7,Occasionally,High,Low,Medium,No,No,No,Yes,Yes,Oily,Psoriasis
41,Other,10,Average,7,Occasionally,High,Low,Low,No,No,No,No,No,Dry,Healthy
30,Other,6,Poor,4,Regularly,High,Medium,High,No,No,No,No,No,Dry,Healthy
48,Female,10,Average,7,Occasionally,High,Low,Low,No,No,Yes,No,No,Dry,Eczema
25,Other,11,Poor,8,Never,Low,High,Medium,No,No,Yes,No,No,Dry,Eczema
26,Male,5,Healthy,4,Occasionally,High,Low,High,Yes,Yes,No,Yes,No,Dry,Psoriasis
26,Male,4,Poor,7,Occasionally,Medium,High,Low,No,No,No,Yes,Yes,Dry,Healthy
38,Female,11,Average,5,Never,Medium,Low,High,Yes,No,No,Yes,No,Normal,Psoriasis
64,Female,4,Poor,5,Regularly,Low,High,Low,Yes,No,No,No,No,Dry,Psoriasis
34,Female,11,Average,7,Never,Medium,Low,Medium,No,Yes,No,No,No,Normal,Psoriasis
58,Female,2,Average,4,Regularly,High,Low,Low,No,No,Yes,No,No,Dry,Eczema
26,Male,4,Average,8,Occasionally,High,Low,Medium,No,No,No,No,No,Dry,Healthy
18,Female,5,Poor,4,Never,High,Medium,Medium,No,Yes,No,No,No,Dry,Psoriasis
29,Female,6,Average,5,Never,Medium,High,Low,No,Yes,No,No,No,Combination,Psoriasis
49,Male,9,Healthy,9,Regularly,Low,Medium,Low,No,No,Yes,No,No,Oily,Eczema
19,Female,8,Healthy,7,Occasionally,High,Low,Low,No,No,No,Yes,No,Dry,Healthy
40,Other,2,Poor,8,Occasionally,Medium,Low,High,No,No,No,No,Yes,Dry,Healthy
44,Other,8,Average,6,Regularly,High,Low,Low,No,No,No,Yes,No,Dry,Healthy
46,Female,7,Average,7,Regularly,Low,Medium,High,Yes,No,No,Yes,No,Normal,Acne
30,Other,9,Average,5,Occasionally,Medium,High,High,No,No,No,No,No,Combination,Healthy
55,Male,2,Poor,6,Never,High,Low,Medium,No,Yes,No,No,Yes,Dry,Eczema
31,Male,4,Poor,7,Never,Medium,Low,Medium,Yes,Yes,No,No,No,Dry,Psoriasis
56,Male,3,Poor,5,Occasionally,Medium,Low,Medium,Yes,Yes,No,No,No,Combination,Psoriasis
28,Female,6,Average,5,Never,High,Low,Medium,No,No,Yes,No,No,Dry,Eczema
57,Other,11,Poor,5,Never,Medium,High,Low,No,No,No,No,No,Dry,Healthy
20,Male,11,Healthy,6,Never,Medium,Medium,Medium,No,Yes,No,No,Yes,Normal,Psoriasis
23,Other,2,Healthy,7,Regularly,Medium,Medium,Low,No,No,No,No,No,Dry,Healthy
58,Male,2,Healthy,8,Never,Medium,Medium,Medium,No,No,No,Yes,Yes,Dry,Healthy
59,Female,4,Average,8,Never,Low,Low,High,No,No,No,Yes,No,Dry,Healthy
34,Male,3,Poor,5,Regularly,High,Medium,Low,No,No,No,Yes,Yes,Dry,Healthy
42,Male,6,Average,5,Occasionally,Low,Medium,Medium,No,No,Yes,Yes,Yes,Normal,Eczema
49,Female,8,Healthy,6,Occasionally,High,High,High,No,Yes,Yes,No,No,Normal,Rosacea
22,Female,4,Poor,8,Regularly,High,Medium,Medium,No,No,No,Yes,Yes,Combination,Healthy
62,Other,2,Poor,6,Regularly,Low,High,Medium,No,No,No,Yes,No,Combination,Acne
30,Male,11,Healthy,4,Never,Low,Low,Low,No,No,Yes,Yes,No,Oily,Eczema
26,Female,4,Poor,4,Occasionally,High,High,High,No,Yes,Yes,No,No,Dry,Rosacea
52,Female,11,Average,6,Regularly,Medium,Low,Low,Yes,No,Yes,No,No,Normal,Acne
42,Male,5,Average,6,Occasionally,High,Low,Low,No,No,No,No,No,Dry,Healthy
55,Female,11,Poor,4,Never,High,High,High,Yes,No,No,Yes,No,Dry,Psoriasis
27,Other,3,Poor,5,Occasionally,Low,High,Medium,No,No,Yes,No,No,Dry,Acne
22,Male,9,Healthy,7,Never,Low,Medium,Low,No,No,No,No,No,Oily,Healthy
61,Other,2,Healthy,7,Never,Medium,High,Medium,No,No,No,No,No,Dry,Eczema
33,Male,6,Average,8,Occasionally,Medium,Medium,Low,Yes,Yes,No,No,No,Normal,Psoriasis
34,Female,3,Average,9,Regularly,Low,Low,Low,No,Yes,Yes,No,No,Dry,Rosacea
30,Male,3,Average,7,Occasionally,High,High,Low,Yes,No,No,No,No,Dry,Psoriasis
37,Female,7,Healthy,8,Never,Medium,Medium,Low,No,No,No,No,No,Normal,Healthy
28,Female,7,Average,7,Regularly,Medium,Low,High,No,No,No,No,Yes,Normal,Healthy
38,Other,6,Average,6,Never,Medium,High,Medium,No,No,No,Yes,No,Combination,Healthy
51,Male,2,Healthy,4,Regularly,Low,High,Low,No,Yes,No,Yes,Yes,Dry,Psoriasis
43,Male,5,Average,8,Never,Medium,High,Medium,Yes,No,No,No,No,Combination,Psoriasis
41,Male,11,Average,8,Never,Low,Medium,Medium,No,No,No,Yes,No,Normal,Healthy
40,Male,5,Average,8,Never,Low,Medium,Medium,No,No,No,No,Yes,Normal,Healthy
45,Male,6,Healthy,6,Never,Medium,Medium,Medium,No,No,No,Yes,Yes,Normal,Healthy
29,Other,2,Average,4,Occasionally,Medium,High,High,No,No,No,Yes,No,Dry,Healthy
36,Male,8,Average,7,Never,High,Medium,High,No,Yes,No,Yes,Yes,Dry,Psoriasis
19,Male,11,Average,4,Never,High,Low,Medium,Yes,No,No,Yes,No,Dry,Psoriasis
46,Female,7,Poor,7,Occasionally,Medium,Medium,High,No,Yes,No,No,No,Dry,Psoriasis
57,Female,9,Poor,5,Occasionally,Low,Low,High,No,Yes,No,No,No,Dry,Psoriasis
59,Female,8,Poor,9,Occasionally,Low,Low,Low,No,No,Yes,Yes,No,Dry,Eczema
28,Male,2,Poor,5,Regularly,Medium,High,Medium,No,Yes,No,Yes,Yes,Dry,Psoriasis
63,Other,8,Healthy,9,Regularly,Medium,High,Medium,No,No,Yes,Yes,Yes,Normal,Eczema
20,Female,2,Healthy,6,Occasionally,Medium,Medium,Low,No,No,Yes,No,No,Oily,Eczema
63,Female,11,Average,7,Never,High,Medium,Medium,No,Yes,Yes,No,No,Dry,Psoriasis
38,Other,11,Average,4,Occasionally,Medium,Low,High,No,No,No,No,No,Normal,Healthy
25,Other,9,Healthy,7,Occasionally,Low,High,Low,No,Yes,No,Yes,Yes,Normal,Psoriasis
43,Female,3,Healthy,5,Occasionally,Low,Medium,Low,No,No,No,No,No,Dry,Healthy
38,Other,4,Healthy,6,Occasionally,Low,Medium,Medium,Yes,No,No,No,No,Dry,Psoriasis
60,Male,6,Healthy,7,Occasionally,Low,Medium,High,No,Yes,No,Yes,No,Combination,Psoriasis
53,Male,8,Average,4,Regularly,Medium,Medium,Medium,No,No,No,Yes,No,Oily,Healthy
23,Other,3,Poor,7,Regularly,Medium,Low,High,No,No,Yes,Yes,Yes,Dry,Eczema
28,Male,3,Average,7,Occasionally,Medium,Medium,Low,No,No,Yes,Yes,No,Dry,Eczema
37,Other,7,Poor,9,Regularly,Low,Low,High,Yes,Yes,No,Yes,Yes,Dry,Psoriasis
32,Other,8,Average,9,Occasionally,Low,High,High,No,No,Yes,No,Yes,Combination,Eczema
44,Female,6,Poor,7,Never,Low,Medium,Medium,No,No,No,No,Yes,Dry,Healthy
21,Female,11,Average,9,Never,High,High,Low,Yes,No,No,No,No,Dry,Psoriasis
41,Female,3,Average,4,Occasionally,High,High,Low,No,No,No,No,Yes,Dry,Healthy
52,Male,10,Poor,6,Never,Medium,Low,High,No,No,No,No,No,Dry,Healthy
20,Male,3,Healthy,5,Never,Low,Low,Medium,No,No,Yes,Yes,Yes,Dry,Eczema
42,Male,11,Poor,5,Never,Low,Low,Medium,No,No,No,No,Yes,Oily,Healthy
22,Female,7,Healthy,4,Occasionally,Medium,Medium,High,No,Yes,Yes,No,No,Normal,Eczema
55,Male,8,Average,8,Never,High,Low,Low,Yes,No,Yes,Yes,Yes,Dry,Acne
44,Female,3,Poor,7,Regularly,High,Low,Low,No,No,Yes,No,No,Dry,Eczema
31,Male,8,Healthy,6,Never,Low,High,Medium,No,No,Yes,Yes,No,Normal,Acne
21,Male,5,Healthy,9,Occasionally,High,Medium,Medium,No,No,No,Yes,No,Dry,Healthy
57,Male,3,Average,8,Never,Medium,Medium,Medium,Yes,No,No,Yes,No,Dry,Psoriasis
32,Other,7,Healthy,5,Regularly,Low,Low,High,No,No,No,No,No,Normal,Psoriasis
59,Female,8,Healthy,8,Regularly,Low,Medium,High,Yes,No,No,Yes,No,Normal,Psoriasis
40,Other,5,Average,7,Never,High,High,Medium,No,Yes,No,Yes,Yes,Dry,Psoriasis
56,Male,3,Poor,5,Regularly,Low,High,High,No,No,No,No,No,Dry,Healthy
61,Male,8,Healthy,8,Never,Medium,Low,Low,Yes,Yes,No,No,No,Normal,Psoriasis
53,Other,8,Average,6,Occasionally,Low,High,Medium,Yes,No,No,No,No,Oily,Psoriasis
61,Male,10,Average,4,Never,Medium,Low,Low,No,No,No,Yes,Yes,Oily,Healthy
42,Other,3,Average,8,Occasionally,Low,Low,Medium,Yes,Yes,Yes,No,No,Dry,Acne
36,Female,3,Poor,5,Never,High,Medium,Low,No,No,No,Yes,Yes,Dry,Healthy
44,Female,7,Poor,6,Regularly,Medium,Low,Medium,Yes,No,No,Yes,No,Dry,Rosacea
31,Male,2,Average,6,Never,Medium,Low,High,No,No,No,Yes,No,Dry,Healthy
19,Male,7,Poor,9,Regularly,Low,Medium,High,No,No,Yes,No,No,Dry,Eczema
64,Female,7,Average,5,Regularly,High,Low,High,No,No,Yes,No,No,Dry,Eczema
62,Female,11,Average,6,Regularly,Medium,Medium,Low,Yes,No,No,No,No,Normal,Psoriasis
54,Male,4,Poor,6,Never,High,High,Medium,Yes,No,No,No,No,Dry,Psoriasis
52,Female,10,Average,9,Occasionally,High,Low,Low,No,No,Yes,No,No,Dry,Eczema
42,Female,11,Poor,8,Regularly,Low,High,Medium,Yes,No,No,No,No,Dry,Rosacea
20,Female,4,Average,7,Never,High,Low,High,No,No,No,No,No,Dry,Healthy
34,Other,9,Poor,7,Occasionally,Medium,Low,High,No,Yes,No,No,Yes,Dry,Psoriasis
44,Female,9,Average,9,Never,High,Low,Medium,No,No,No,No,No,Dry,Psoriasis
33,Male,8,Healthy,8,Never,Medium,Low,Low,Yes,No,Yes,No,Yes,Normal,Acne
53,Male,5,Healthy,7,Never,Medium,Medium,Medium,No,No,No,No,No,Normal,Psoriasis
29,Male,8,Average,7,Occasionally,Low,High,High,No,No,No,No,No,Combination,Healthy
48,Other,7,Average,7,Occasionally,Medium,Medium,Low,Yes,No,Yes,No,No,Normal,Healthy
51,Female,6,Healthy,4,Regularly,Low,High,Low,No,No,No,Yes,No,Normal,Healthy
50,Male,9,Poor,9,Occasionally,Medium,Medium,High,Yes,No,No,Yes,No,Dry,Psoriasis
18,Male,7,Average,8,Occasionally,High,Medium,Low,No,Yes,No,No,No,Dry,Psoriasis
64,Male,2,Average,9,Never,High,Low,Medium,No,No,No,No,Yes,Dry,Healthy
39,Female,6,Poor,5,Occasionally,Low,High,Medium,Yes,No,No,No,No,Dry,Psoriasis
63,Male,9,Healthy,7,Regularly,Medium,High,Medium,No,No,No,No,Yes,Normal,Healthy
35,Other,4,Healthy,6,Occasionally,High,High,Medium,No,No,No,No,No,Dry,Healthy
43,Male,8,Healthy,9,Never,Low,Low,Low,No,Yes,No,No,No,Normal,Psoriasis
18,Other,11,Poor,9,Regularly,Low,High,High,No,Yes,No,No,Yes,Dry,Rosacea
38,Female,6,Average,5,Occasionally,High,Low,High,No,No,No,No,No,Dry,Healthy
30,Female,3,Poor,7,Regularly,High,Low,High,Yes,No,Yes,No,No,Oily,Acne
46,Other,8,Poor,7,Never,Low,High,Low,No,No,Yes,Yes,No,Dry,Healthy
44,Male,9,Healthy,9,Occasionally,Low,Low,Low,No,Yes,No,No,No,Oily,Psoriasis
